solid OpenSCAD_Model
  facet normal -1 0 0
    outer loop
      vertex 1.7 1.7 2.8
      vertex 1.7 45.5 9.7
      vertex 1.7 45.5 2.8
    endloop
  endfacet
  facet normal -1 -0 0
    outer loop
      vertex 1.7 45.5 9.7
      vertex 1.7 1.7 2.8
      vertex 1.7 1.7 9.7
    endloop
  endfacet
  facet normal 0 0 1
    outer loop
      vertex 57.5 45.5 9.7
      vertex 57.15 45.15 9.7
      vertex 57.5 1.7 9.7
    endloop
  endfacet
  facet normal 0 0 1
    outer loop
      vertex 57.5 45.5 9.7
      vertex 2.05 45.15 9.7
      vertex 57.15 45.15 9.7
    endloop
  endfacet
  facet normal 0 0 1
    outer loop
      vertex 2.05 45.15 9.7
      vertex 1.7 45.5 9.7
      vertex 2.05 2.05 9.7
    endloop
  endfacet
  facet normal -0 0 1
    outer loop
      vertex 1.7 45.5 9.7
      vertex 2.05 45.15 9.7
      vertex 57.5 45.5 9.7
    endloop
  endfacet
  facet normal -0 0 1
    outer loop
      vertex 57.15 2.05 9.7
      vertex 57.5 1.7 9.7
      vertex 57.15 45.15 9.7
    endloop
  endfacet
  facet normal 0 0 1
    outer loop
      vertex 48.9 1.7 9.7
      vertex 57.15 2.05 9.7
      vertex 48.9 2.05 9.7
    endloop
  endfacet
  facet normal 0 0 1
    outer loop
      vertex 57.15 2.05 9.7
      vertex 48.9 1.7 9.7
      vertex 57.5 1.7 9.7
    endloop
  endfacet
  facet normal -0 0 1
    outer loop
      vertex 2.05 2.05 9.7
      vertex 39.3 1.7 9.7
      vertex 39.3 2.05 9.7
    endloop
  endfacet
  facet normal 0 0 1
    outer loop
      vertex 2.05 2.05 9.7
      vertex 1.7 1.7 9.7
      vertex 39.3 1.7 9.7
    endloop
  endfacet
  facet normal 0 0 1
    outer loop
      vertex 1.7 1.7 9.7
      vertex 2.05 2.05 9.7
      vertex 1.7 45.5 9.7
    endloop
  endfacet
  facet normal 1 -0 0
    outer loop
      vertex 57.5 1.7 9.7
      vertex 57.5 45.5 2.8
      vertex 57.5 45.5 9.7
    endloop
  endfacet
  facet normal 1 0 0
    outer loop
      vertex 57.5 45.5 2.8
      vertex 57.5 1.7 9.7
      vertex 57.5 1.7 2.8
    endloop
  endfacet
  facet normal 0 1 -0
    outer loop
      vertex 57.5 45.5 2.8
      vertex 1.7 45.5 9.7
      vertex 57.5 45.5 9.7
    endloop
  endfacet
  facet normal 0 1 0
    outer loop
      vertex 1.7 45.5 9.7
      vertex 57.5 45.5 2.8
      vertex 1.7 45.5 2.8
    endloop
  endfacet
  facet normal 0 -1 0
    outer loop
      vertex 1.7 1.7 9.7
      vertex 39.3 1.7 5.3
      vertex 39.3 1.7 9.7
    endloop
  endfacet
  facet normal 0 -1 0
    outer loop
      vertex 57.5 1.7 2.8
      vertex 39.3 1.7 5.3
      vertex 1.7 1.7 2.8
    endloop
  endfacet
  facet normal 0 -1 0
    outer loop
      vertex 1.7 1.7 2.8
      vertex 39.3 1.7 5.3
      vertex 1.7 1.7 9.7
    endloop
  endfacet
  facet normal 0 -1 0
    outer loop
      vertex 48.9 1.7 5.3
      vertex 57.5 1.7 9.7
      vertex 48.9 1.7 9.7
    endloop
  endfacet
  facet normal 0 -1 0
    outer loop
      vertex 48.9 1.7 5.3
      vertex 57.5 1.7 2.8
      vertex 57.5 1.7 9.7
    endloop
  endfacet
  facet normal 0 -1 0
    outer loop
      vertex 39.3 1.7 5.3
      vertex 57.5 1.7 2.8
      vertex 48.9 1.7 5.3
    endloop
  endfacet
  facet normal 1 -0 0
    outer loop
      vertex 3.3 3.3 9.69
      vertex 3.3 43.9 2.8
      vertex 3.3 43.9 9.69
    endloop
  endfacet
  facet normal 1 0 0
    outer loop
      vertex 3.3 43.9 2.8
      vertex 3.3 3.3 9.69
      vertex 3.3 3.3 2.8
    endloop
  endfacet
  facet normal -1 0 0
    outer loop
      vertex 55.9 3.3 2.8
      vertex 55.9 43.9 9.69
      vertex 55.9 43.9 2.8
    endloop
  endfacet
  facet normal -1 -0 0
    outer loop
      vertex 55.9 43.9 9.69
      vertex 55.9 3.3 2.8
      vertex 55.9 3.3 9.69
    endloop
  endfacet
  facet normal 0 -1 0
    outer loop
      vertex 3.3 43.9 2.8
      vertex 55.9 43.9 9.69
      vertex 3.3 43.9 9.69
    endloop
  endfacet
  facet normal 0 -1 -0
    outer loop
      vertex 55.9 43.9 9.69
      vertex 3.3 43.9 2.8
      vertex 55.9 43.9 2.8
    endloop
  endfacet
  facet normal 0 1 0
    outer loop
      vertex 55.9 3.3 9.69
      vertex 48.9 3.3 5.3
      vertex 48.9 3.3 9.69
    endloop
  endfacet
  facet normal 0 1 0
    outer loop
      vertex 48.9 3.3 5.3
      vertex 55.9 3.3 2.8
      vertex 39.3 3.3 5.3
    endloop
  endfacet
  facet normal 0 1 -0
    outer loop
      vertex 55.9 3.3 2.8
      vertex 48.9 3.3 5.3
      vertex 55.9 3.3 9.69
    endloop
  endfacet
  facet normal 0 1 -0
    outer loop
      vertex 39.3 3.3 5.3
      vertex 3.3 3.3 9.69
      vertex 39.3 3.3 9.69
    endloop
  endfacet
  facet normal 0 1 0
    outer loop
      vertex 3.3 3.3 2.8
      vertex 39.3 3.3 5.3
      vertex 55.9 3.3 2.8
    endloop
  endfacet
  facet normal 0 1 0
    outer loop
      vertex 39.3 3.3 5.3
      vertex 3.3 3.3 2.8
      vertex 3.3 3.3 9.69
    endloop
  endfacet
  facet normal -1 0 0
    outer loop
      vertex 2.05 2.05 9.7
      vertex 2.05 45.15 10.3
      vertex 2.05 45.15 9.7
    endloop
  endfacet
  facet normal -1 -0 0
    outer loop
      vertex 2.05 45.15 10.3
      vertex 2.05 2.05 9.7
      vertex 2.05 2.05 10.3
    endloop
  endfacet
  facet normal 0 0 1
    outer loop
      vertex 57.15 45.15 10.3
      vertex 55.9 43.9 10.3
      vertex 57.15 2.05 10.3
    endloop
  endfacet
  facet normal 0 0 1
    outer loop
      vertex 57.15 45.15 10.3
      vertex 3.3 43.9 10.3
      vertex 55.9 43.9 10.3
    endloop
  endfacet
  facet normal 0 0 1
    outer loop
      vertex 3.3 43.9 10.3
      vertex 2.05 45.15 10.3
      vertex 3.3 3.3 10.3
    endloop
  endfacet
  facet normal -0 0 1
    outer loop
      vertex 2.05 45.15 10.3
      vertex 3.3 43.9 10.3
      vertex 57.15 45.15 10.3
    endloop
  endfacet
  facet normal -0 0 1
    outer loop
      vertex 55.9 3.3 10.3
      vertex 57.15 2.05 10.3
      vertex 55.9 43.9 10.3
    endloop
  endfacet
  facet normal 0 0 1
    outer loop
      vertex 48.9 2.05 10.3
      vertex 55.9 3.3 10.3
      vertex 48.9 3.3 10.3
    endloop
  endfacet
  facet normal 0 0 1
    outer loop
      vertex 55.9 3.3 10.3
      vertex 48.9 2.05 10.3
      vertex 57.15 2.05 10.3
    endloop
  endfacet
  facet normal -0 0 1
    outer loop
      vertex 3.3 3.3 10.3
      vertex 39.3 2.05 10.3
      vertex 39.3 3.3 10.3
    endloop
  endfacet
  facet normal 0 0 1
    outer loop
      vertex 3.3 3.3 10.3
      vertex 2.05 2.05 10.3
      vertex 39.3 2.05 10.3
    endloop
  endfacet
  facet normal 0 0 1
    outer loop
      vertex 2.05 2.05 10.3
      vertex 3.3 3.3 10.3
      vertex 2.05 45.15 10.3
    endloop
  endfacet
  facet normal 1 -0 0
    outer loop
      vertex 57.15 2.05 10.3
      vertex 57.15 45.15 9.7
      vertex 57.15 45.15 10.3
    endloop
  endfacet
  facet normal 1 0 0
    outer loop
      vertex 57.15 45.15 9.7
      vertex 57.15 2.05 10.3
      vertex 57.15 2.05 9.7
    endloop
  endfacet
  facet normal 0 1 -0
    outer loop
      vertex 57.15 45.15 9.7
      vertex 2.05 45.15 10.3
      vertex 57.15 45.15 10.3
    endloop
  endfacet
  facet normal 0 1 0
    outer loop
      vertex 2.05 45.15 10.3
      vertex 57.15 45.15 9.7
      vertex 2.05 45.15 9.7
    endloop
  endfacet
  facet normal 0 -1 0
    outer loop
      vertex 2.05 2.05 9.7
      vertex 39.3 2.05 10.3
      vertex 2.05 2.05 10.3
    endloop
  endfacet
  facet normal 0 -1 -0
    outer loop
      vertex 39.3 2.05 10.3
      vertex 2.05 2.05 9.7
      vertex 39.3 2.05 9.7
    endloop
  endfacet
  facet normal 0 -1 0
    outer loop
      vertex 48.9 2.05 9.7
      vertex 57.15 2.05 10.3
      vertex 48.9 2.05 10.3
    endloop
  endfacet
  facet normal 0 -1 -0
    outer loop
      vertex 57.15 2.05 10.3
      vertex 48.9 2.05 9.7
      vertex 57.15 2.05 9.7
    endloop
  endfacet
  facet normal 1 -0 0
    outer loop
      vertex 3.3 3.3 10.3
      vertex 3.3 43.9 9.69
      vertex 3.3 43.9 10.3
    endloop
  endfacet
  facet normal 1 0 0
    outer loop
      vertex 3.3 43.9 9.69
      vertex 3.3 3.3 10.3
      vertex 3.3 3.3 9.69
    endloop
  endfacet
  facet normal -1 0 0
    outer loop
      vertex 55.9 3.3 9.69
      vertex 55.9 43.9 10.3
      vertex 55.9 43.9 9.69
    endloop
  endfacet
  facet normal -1 -0 0
    outer loop
      vertex 55.9 43.9 10.3
      vertex 55.9 3.3 9.69
      vertex 55.9 3.3 10.3
    endloop
  endfacet
  facet normal 0 -1 0
    outer loop
      vertex 3.3 43.9 9.69
      vertex 55.9 43.9 10.3
      vertex 3.3 43.9 10.3
    endloop
  endfacet
  facet normal 0 -1 -0
    outer loop
      vertex 55.9 43.9 10.3
      vertex 3.3 43.9 9.69
      vertex 55.9 43.9 9.69
    endloop
  endfacet
  facet normal 0 1 -0
    outer loop
      vertex 55.9 3.3 9.69
      vertex 48.9 3.3 10.3
      vertex 55.9 3.3 10.3
    endloop
  endfacet
  facet normal 0 1 0
    outer loop
      vertex 48.9 3.3 10.3
      vertex 55.9 3.3 9.69
      vertex 48.9 3.3 9.69
    endloop
  endfacet
  facet normal 0 1 -0
    outer loop
      vertex 39.3 3.3 9.69
      vertex 3.3 3.3 10.3
      vertex 39.3 3.3 10.3
    endloop
  endfacet
  facet normal 0 1 0
    outer loop
      vertex 3.3 3.3 10.3
      vertex 39.3 3.3 9.69
      vertex 3.3 3.3 9.69
    endloop
  endfacet
  facet normal 0 -1 0
    outer loop
      vertex 53.1 7.3 2.8
      vertex 54.3 7.3 8.2
      vertex 53.1 7.3 8.2
    endloop
  endfacet
  facet normal 0 -1 -0
    outer loop
      vertex 54.3 7.3 8.2
      vertex 53.1 7.3 2.8
      vertex 54.3 7.3 2.8
    endloop
  endfacet
  facet normal 0 1 -0
    outer loop
      vertex 54.3 6.5 2.8
      vertex 53.1 6.5 8.2
      vertex 54.3 6.5 8.2
    endloop
  endfacet
  facet normal 0 1 0
    outer loop
      vertex 53.1 6.5 8.2
      vertex 54.3 6.5 2.8
      vertex 53.1 6.5 2.8
    endloop
  endfacet
  facet normal 0 1 -0
    outer loop
      vertex 54.3 12.3 2.8
      vertex 53.1 12.3 8.2
      vertex 54.3 12.3 8.2
    endloop
  endfacet
  facet normal 0 1 0
    outer loop
      vertex 53.1 12.3 8.2
      vertex 54.3 12.3 2.8
      vertex 53.1 12.3 2.8
    endloop
  endfacet
  facet normal 0 -1 0
    outer loop
      vertex 53.1 15.7 2.8
      vertex 54.3 15.7 8.2
      vertex 53.1 15.7 8.2
    endloop
  endfacet
  facet normal 0 -1 -0
    outer loop
      vertex 54.3 15.7 8.2
      vertex 53.1 15.7 2.8
      vertex 54.3 15.7 2.8
    endloop
  endfacet
  facet normal 0 1 -0
    outer loop
      vertex 54.3 20.7 2.8
      vertex 53.1 20.7 8.2
      vertex 54.3 20.7 8.2
    endloop
  endfacet
  facet normal 0 1 0
    outer loop
      vertex 53.1 20.7 8.2
      vertex 54.3 20.7 2.8
      vertex 53.1 20.7 2.8
    endloop
  endfacet
  facet normal -1 0 0
    outer loop
      vertex 53.1 23.5 2.8
      vertex 53.1 24.7 8.2
      vertex 53.1 24.7 2.8
    endloop
  endfacet
  facet normal -1 -0 0
    outer loop
      vertex 53.1 24.7 8.2
      vertex 53.1 23.5 2.8
      vertex 53.1 23.5 8.2
    endloop
  endfacet
  facet normal -1 0 0
    outer loop
      vertex 53.1 3.3 2.8
      vertex 53.1 6.5 8.2
      vertex 53.1 6.5 2.8
    endloop
  endfacet
  facet normal -1 -0 0
    outer loop
      vertex 53.1 6.5 8.2
      vertex 53.1 3.3 2.8
      vertex 53.1 3.3 8.2
    endloop
  endfacet
  facet normal -1 0 0
    outer loop
      vertex 53.1 12.3 2.8
      vertex 53.1 12.1 5.60001
      vertex 53.1 12.3 8.2
    endloop
  endfacet
  facet normal -1 0 0
    outer loop
      vertex 53.1 12.3 2.8
      vertex 53.1 7.5 5.60001
      vertex 53.1 12.1 5.60001
    endloop
  endfacet
  facet normal -1 0 0
    outer loop
      vertex 53.1 7.3 8.2
      vertex 53.1 7.5 5.60001
      vertex 53.1 7.3 2.8
    endloop
  endfacet
  facet normal -1 0 0
    outer loop
      vertex 53.1 7.3 2.8
      vertex 53.1 7.5 5.60001
      vertex 53.1 12.3 2.8
    endloop
  endfacet
  facet normal -1 0 0
    outer loop
      vertex 53.1 12.1 7.45715
      vertex 53.1 12.3 8.2
      vertex 53.1 12.1 5.60001
    endloop
  endfacet
  facet normal -1 0 0
    outer loop
      vertex 53.1 7.5 7.45715
      vertex 53.1 12.3 8.2
      vertex 53.1 12.1 7.45715
    endloop
  endfacet
  facet normal -1 0 0
    outer loop
      vertex 53.1 7.5 7.45715
      vertex 53.1 7.3 8.2
      vertex 53.1 12.3 8.2
    endloop
  endfacet
  facet normal -1 0 0
    outer loop
      vertex 53.1 7.5 5.60001
      vertex 53.1 7.3 8.2
      vertex 53.1 7.5 7.45715
    endloop
  endfacet
  facet normal -1 0 0
    outer loop
      vertex 53.1 20.7 2.8
      vertex 53.1 20.5 5.60001
      vertex 53.1 20.7 8.2
    endloop
  endfacet
  facet normal -1 0 0
    outer loop
      vertex 53.1 20.7 2.8
      vertex 53.1 15.9 5.60001
      vertex 53.1 20.5 5.60001
    endloop
  endfacet
  facet normal -1 0 0
    outer loop
      vertex 53.1 15.7 8.2
      vertex 53.1 15.9 5.60001
      vertex 53.1 15.7 2.8
    endloop
  endfacet
  facet normal -1 0 0
    outer loop
      vertex 53.1 15.7 2.8
      vertex 53.1 15.9 5.60001
      vertex 53.1 20.7 2.8
    endloop
  endfacet
  facet normal -1 0 0
    outer loop
      vertex 53.1 20.5 7.45715
      vertex 53.1 20.7 8.2
      vertex 53.1 20.5 5.60001
    endloop
  endfacet
  facet normal -1 0 0
    outer loop
      vertex 53.1 15.9 7.45715
      vertex 53.1 20.7 8.2
      vertex 53.1 20.5 7.45715
    endloop
  endfacet
  facet normal -1 0 0
    outer loop
      vertex 53.1 15.9 7.45715
      vertex 53.1 15.7 8.2
      vertex 53.1 20.7 8.2
    endloop
  endfacet
  facet normal -1 0 0
    outer loop
      vertex 53.1 15.9 5.60001
      vertex 53.1 15.7 8.2
      vertex 53.1 15.9 7.45715
    endloop
  endfacet
  facet normal 0 0 1
    outer loop
      vertex 57.5 45.5 2.8
      vertex 59.2 45.2 2.8
      vertex 59.1904 45.396 2.8
    endloop
  endfacet
  facet normal 0 0 1
    outer loop
      vertex 59.2 45.2 2.8
      vertex 57.5 45.5 2.8
      vertex 59.2 2 2.8
    endloop
  endfacet
  facet normal -0 0 1
    outer loop
      vertex 57.5 45.5 2.8
      vertex 59.1904 45.396 2.8
      vertex 59.1616 45.5902 2.8
    endloop
  endfacet
  facet normal 0 0 1
    outer loop
      vertex 57.5 1.7 2.8
      vertex 59.2 2 2.8
      vertex 57.5 45.5 2.8
    endloop
  endfacet
  facet normal 0 0 1
    outer loop
      vertex 57.5 45.5 2.8
      vertex 59.1616 45.5902 2.8
      vertex 59.1139 45.7806 2.8
    endloop
  endfacet
  facet normal 0 0 1
    outer loop
      vertex 59.2 2 2.8
      vertex 57.5 1.7 2.8
      vertex 59.1904 1.80397 2.8
    endloop
  endfacet
  facet normal 0 0 1
    outer loop
      vertex 57.5 45.5 2.8
      vertex 59.1139 45.7806 2.8
      vertex 59.0478 45.9654 2.8
    endloop
  endfacet
  facet normal 0 0 1
    outer loop
      vertex 59.1904 1.80397 2.8
      vertex 57.5 1.7 2.8
      vertex 59.1616 1.60982 2.8
    endloop
  endfacet
  facet normal 0 0 1
    outer loop
      vertex 57.5 45.5 2.8
      vertex 59.0478 45.9654 2.8
      vertex 58.9638 46.1428 2.8
    endloop
  endfacet
  facet normal 0 0 1
    outer loop
      vertex 59.1616 1.60982 2.8
      vertex 57.5 1.7 2.8
      vertex 59.1139 1.41943 2.8
    endloop
  endfacet
  facet normal 0 0 1
    outer loop
      vertex 57.5 45.5 2.8
      vertex 58.9638 46.1428 2.8
      vertex 58.8629 46.3111 2.8
    endloop
  endfacet
  facet normal 0 0 1
    outer loop
      vertex 59.1139 1.41943 2.8
      vertex 57.5 1.7 2.8
      vertex 59.0478 1.23463 2.8
    endloop
  endfacet
  facet normal 0 0 1
    outer loop
      vertex 57.5 45.5 2.8
      vertex 58.8629 46.3111 2.8
      vertex 58.746 46.4688 2.8
    endloop
  endfacet
  facet normal 0 0 1
    outer loop
      vertex 59.0478 1.23463 2.8
      vertex 57.5 1.7 2.8
      vertex 58.9638 1.05721 2.8
    endloop
  endfacet
  facet normal 0 0 1
    outer loop
      vertex 57.5 45.5 2.8
      vertex 58.746 46.4688 2.8
      vertex 58.6142 46.6142 2.8
    endloop
  endfacet
  facet normal 0 0 1
    outer loop
      vertex 58.9638 1.05721 2.8
      vertex 57.5 1.7 2.8
      vertex 58.8629 0.888855 2.8
    endloop
  endfacet
  facet normal 0 0 1
    outer loop
      vertex 57.5 45.5 2.8
      vertex 58.6142 46.6142 2.8
      vertex 58.4688 46.746 2.8
    endloop
  endfacet
  facet normal 0 0 1
    outer loop
      vertex 58.8629 0.888855 2.8
      vertex 57.5 1.7 2.8
      vertex 58.746 0.731216 2.8
    endloop
  endfacet
  facet normal 0 0 1
    outer loop
      vertex 57.5 45.5 2.8
      vertex 58.4688 46.746 2.8
      vertex 58.3111 46.8629 2.8
    endloop
  endfacet
  facet normal 0 0 1
    outer loop
      vertex 58.746 0.731216 2.8
      vertex 57.5 1.7 2.8
      vertex 58.6142 0.585785 2.8
    endloop
  endfacet
  facet normal 0 0 1
    outer loop
      vertex 57.5 45.5 2.8
      vertex 58.3111 46.8629 2.8
      vertex 58.1428 46.9638 2.8
    endloop
  endfacet
  facet normal 0 0 1
    outer loop
      vertex 58.6142 0.585785 2.8
      vertex 57.5 1.7 2.8
      vertex 58.4688 0.453979 2.8
    endloop
  endfacet
  facet normal 0 0 1
    outer loop
      vertex 57.5 45.5 2.8
      vertex 58.1428 46.9638 2.8
      vertex 57.9654 47.0478 2.8
    endloop
  endfacet
  facet normal 0 0 1
    outer loop
      vertex 58.4688 0.453979 2.8
      vertex 57.5 1.7 2.8
      vertex 58.3111 0.337067 2.8
    endloop
  endfacet
  facet normal 0 0 1
    outer loop
      vertex 57.5 45.5 2.8
      vertex 57.9654 47.0478 2.8
      vertex 57.7806 47.1139 2.8
    endloop
  endfacet
  facet normal 0 0 1
    outer loop
      vertex 58.3111 0.337067 2.8
      vertex 57.5 1.7 2.8
      vertex 58.1428 0.23616 2.8
    endloop
  endfacet
  facet normal 0 0 1
    outer loop
      vertex 57.5 45.5 2.8
      vertex 57.7806 47.1139 2.8
      vertex 57.5902 47.1616 2.8
    endloop
  endfacet
  facet normal 0 0 1
    outer loop
      vertex 58.1428 0.23616 2.8
      vertex 57.5 1.7 2.8
      vertex 57.9654 0.152237 2.8
    endloop
  endfacet
  facet normal 0 0 1
    outer loop
      vertex 57.9654 0.152237 2.8
      vertex 57.5 1.7 2.8
      vertex 57.7806 0.0861206 2.8
    endloop
  endfacet
  facet normal 0 0 1
    outer loop
      vertex 57.396 47.1904 2.8
      vertex 57.5 45.5 2.8
      vertex 57.5902 47.1616 2.8
    endloop
  endfacet
  facet normal 0 0 1
    outer loop
      vertex 57.2 47.2 2.8
      vertex 57.5 45.5 2.8
      vertex 57.396 47.1904 2.8
    endloop
  endfacet
  facet normal -0 0 1
    outer loop
      vertex 2 47.2 2.8
      vertex 57.5 45.5 2.8
      vertex 57.2 47.2 2.8
    endloop
  endfacet
  facet normal 0 0 1
    outer loop
      vertex 1.7 45.5 2.8
      vertex 2 47.2 2.8
      vertex 1.80397 47.1904 2.8
    endloop
  endfacet
  facet normal 0 0 1
    outer loop
      vertex 2 47.2 2.8
      vertex 1.7 45.5 2.8
      vertex 57.5 45.5 2.8
    endloop
  endfacet
  facet normal -0 0 1
    outer loop
      vertex 1.41944 47.1139 2.8
      vertex 1.7 45.5 2.8
      vertex 1.60982 47.1616 2.8
    endloop
  endfacet
  facet normal -0 0 1
    outer loop
      vertex 1.60982 47.1616 2.8
      vertex 1.7 45.5 2.8
      vertex 1.80397 47.1904 2.8
    endloop
  endfacet
  facet normal 0 0 1
    outer loop
      vertex 57.7806 0.0861206 2.8
      vertex 57.5 1.7 2.8
      vertex 57.5902 0.0384369 2.8
    endloop
  endfacet
  facet normal 0 0 1
    outer loop
      vertex 57.5 1.7 2.8
      vertex 57.396 0.0096283 2.8
      vertex 57.5902 0.0384369 2.8
    endloop
  endfacet
  facet normal 0 0 1
    outer loop
      vertex 57.5 1.7 2.8
      vertex 57.2 0 2.8
      vertex 57.396 0.0096283 2.8
    endloop
  endfacet
  facet normal 0 0 1
    outer loop
      vertex 57.5 1.7 2.8
      vertex 2 0 2.8
      vertex 57.2 0 2.8
    endloop
  endfacet
  facet normal -0 0 1
    outer loop
      vertex 1.7 1.7 2.8
      vertex 2 0 2.8
      vertex 57.5 1.7 2.8
    endloop
  endfacet
  facet normal 0 0 1
    outer loop
      vertex 2 0 2.8
      vertex 1.7 1.7 2.8
      vertex 1.80397 0.0096283 2.8
    endloop
  endfacet
  facet normal 0 0 1
    outer loop
      vertex 1.7 1.7 2.8
      vertex 1.60982 0.0384369 2.8
      vertex 1.80397 0.0096283 2.8
    endloop
  endfacet
  facet normal 0 0 1
    outer loop
      vertex 1.7 45.5 2.8
      vertex 3.05176e-06 45.2 2.8
      vertex 1.7 1.7 2.8
    endloop
  endfacet
  facet normal -0 0 1
    outer loop
      vertex 1.23464 47.0478 2.8
      vertex 1.7 45.5 2.8
      vertex 1.41944 47.1139 2.8
    endloop
  endfacet
  facet normal -0 0 1
    outer loop
      vertex 3.05176e-06 2 2.8
      vertex 1.7 1.7 2.8
      vertex 3.05176e-06 45.2 2.8
    endloop
  endfacet
  facet normal -0 0 1
    outer loop
      vertex 1.05721 46.9638 2.8
      vertex 1.7 45.5 2.8
      vertex 1.23464 47.0478 2.8
    endloop
  endfacet
  facet normal -0 -0 1
    outer loop
      vertex 0.00963135 1.80397 2.8
      vertex 1.7 1.7 2.8
      vertex 3.05176e-06 2 2.8
    endloop
  endfacet
  facet normal -0 0 1
    outer loop
      vertex 0.888858 46.8629 2.8
      vertex 1.7 45.5 2.8
      vertex 1.05721 46.9638 2.8
    endloop
  endfacet
  facet normal 0 0 1
    outer loop
      vertex 1.7 1.7 2.8
      vertex 1.41944 0.0861206 2.8
      vertex 1.60982 0.0384369 2.8
    endloop
  endfacet
  facet normal -0 0 1
    outer loop
      vertex 0.731219 46.746 2.8
      vertex 1.7 45.5 2.8
      vertex 0.888858 46.8629 2.8
    endloop
  endfacet
  facet normal 0 0 1
    outer loop
      vertex 1.7 1.7 2.8
      vertex 1.23464 0.152237 2.8
      vertex 1.41944 0.0861206 2.8
    endloop
  endfacet
  facet normal -0 0 1
    outer loop
      vertex 0.585788 46.6142 2.8
      vertex 1.7 45.5 2.8
      vertex 0.731219 46.746 2.8
    endloop
  endfacet
  facet normal 0 0 1
    outer loop
      vertex 1.7 1.7 2.8
      vertex 1.05721 0.23616 2.8
      vertex 1.23464 0.152237 2.8
    endloop
  endfacet
  facet normal -0 0 1
    outer loop
      vertex 0.453983 46.4688 2.8
      vertex 1.7 45.5 2.8
      vertex 0.585788 46.6142 2.8
    endloop
  endfacet
  facet normal 0 0 1
    outer loop
      vertex 1.7 1.7 2.8
      vertex 0.888858 0.337067 2.8
      vertex 1.05721 0.23616 2.8
    endloop
  endfacet
  facet normal -0 0 1
    outer loop
      vertex 0.33707 46.3111 2.8
      vertex 1.7 45.5 2.8
      vertex 0.453983 46.4688 2.8
    endloop
  endfacet
  facet normal 0 0 1
    outer loop
      vertex 1.7 1.7 2.8
      vertex 0.731219 0.453979 2.8
      vertex 0.888858 0.337067 2.8
    endloop
  endfacet
  facet normal -0 0 1
    outer loop
      vertex 0.236163 46.1428 2.8
      vertex 1.7 45.5 2.8
      vertex 0.33707 46.3111 2.8
    endloop
  endfacet
  facet normal 0 0 1
    outer loop
      vertex 1.7 1.7 2.8
      vertex 0.585788 0.585785 2.8
      vertex 0.731219 0.453979 2.8
    endloop
  endfacet
  facet normal -0 0 1
    outer loop
      vertex 0.15224 45.9654 2.8
      vertex 1.7 45.5 2.8
      vertex 0.236163 46.1428 2.8
    endloop
  endfacet
  facet normal 0 0 1
    outer loop
      vertex 1.7 1.7 2.8
      vertex 0.453983 0.731216 2.8
      vertex 0.585788 0.585785 2.8
    endloop
  endfacet
  facet normal -0 0 1
    outer loop
      vertex 0.0861237 45.7806 2.8
      vertex 1.7 45.5 2.8
      vertex 0.15224 45.9654 2.8
    endloop
  endfacet
  facet normal 0 0 1
    outer loop
      vertex 1.7 1.7 2.8
      vertex 0.33707 0.888855 2.8
      vertex 0.453983 0.731216 2.8
    endloop
  endfacet
  facet normal -0 0 1
    outer loop
      vertex 0.0384399 45.5902 2.8
      vertex 1.7 45.5 2.8
      vertex 0.0861237 45.7806 2.8
    endloop
  endfacet
  facet normal 0 0 1
    outer loop
      vertex 1.7 1.7 2.8
      vertex 0.236163 1.05721 2.8
      vertex 0.33707 0.888855 2.8
    endloop
  endfacet
  facet normal 0 0 1
    outer loop
      vertex 0.00963135 45.396 2.8
      vertex 1.7 45.5 2.8
      vertex 0.0384399 45.5902 2.8
    endloop
  endfacet
  facet normal 0 0 1
    outer loop
      vertex 1.7 1.7 2.8
      vertex 0.15224 1.23463 2.8
      vertex 0.236163 1.05721 2.8
    endloop
  endfacet
  facet normal 0 0 1
    outer loop
      vertex 1.7 45.5 2.8
      vertex 0.00963135 45.396 2.8
      vertex 3.05176e-06 45.2 2.8
    endloop
  endfacet
  facet normal 0 0 1
    outer loop
      vertex 1.7 1.7 2.8
      vertex 0.0861237 1.41943 2.8
      vertex 0.15224 1.23463 2.8
    endloop
  endfacet
  facet normal 0 0 1
    outer loop
      vertex 1.7 1.7 2.8
      vertex 0.0384399 1.60982 2.8
      vertex 0.0861237 1.41943 2.8
    endloop
  endfacet
  facet normal 0 0 1
    outer loop
      vertex 1.7 1.7 2.8
      vertex 0.00963135 1.80397 2.8
      vertex 0.0384399 1.60982 2.8
    endloop
  endfacet
  facet normal 0 0 1
    outer loop
      vertex 53.1 24.7 2.8
      vertex 52.8 24.4 2.8
      vertex 53.1 23.5 2.8
    endloop
  endfacet
  facet normal 0 0 1
    outer loop
      vertex 53.1 24.7 2.8
      vertex 35.4 24.4 2.8
      vertex 52.8 24.4 2.8
    endloop
  endfacet
  facet normal -0 0 1
    outer loop
      vertex 35.1 24.7 2.8
      vertex 35.4 24.4 2.8
      vertex 53.1 24.7 2.8
    endloop
  endfacet
  facet normal 0 0 1
    outer loop
      vertex 35.1 23.5 2.8
      vertex 35.4 24.4 2.8
      vertex 35.1 24.7 2.8
    endloop
  endfacet
  facet normal 0 0 1
    outer loop
      vertex 35.4 24.4 2.8
      vertex 35.1 23.5 2.8
      vertex 35.4 23.5 2.8
    endloop
  endfacet
  facet normal 0 0 1
    outer loop
      vertex 53.1 23.5 2.8
      vertex 52.8 24.4 2.8
      vertex 52.8 23.5 2.8
    endloop
  endfacet
  facet normal 0 0 1
    outer loop
      vertex 35.4 20.9 2.8
      vertex 35.1 20.7 2.8
      vertex 35.4 15.6 2.8
    endloop
  endfacet
  facet normal 0 0 1
    outer loop
      vertex 35.4 20.9 2.8
      vertex 33.9 20.7 2.8
      vertex 35.1 20.7 2.8
    endloop
  endfacet
  facet normal 0 0 1
    outer loop
      vertex 33.2 15.6 2.8
      vertex 33.9 20.7 2.8
      vertex 33.2 20.9 2.8
    endloop
  endfacet
  facet normal -0 0 1
    outer loop
      vertex 33.2 20.9 2.8
      vertex 33.9 20.7 2.8
      vertex 35.4 20.9 2.8
    endloop
  endfacet
  facet normal -0 0 1
    outer loop
      vertex 35.1 15.7 2.8
      vertex 35.4 15.6 2.8
      vertex 35.1 20.7 2.8
    endloop
  endfacet
  facet normal -0 0 1
    outer loop
      vertex 33.9 15.7 2.8
      vertex 35.4 15.6 2.8
      vertex 35.1 15.7 2.8
    endloop
  endfacet
  facet normal 0 0 1
    outer loop
      vertex 33.9 15.7 2.8
      vertex 33.2 15.6 2.8
      vertex 35.4 15.6 2.8
    endloop
  endfacet
  facet normal 0 0 1
    outer loop
      vertex 33.9 20.7 2.8
      vertex 33.2 15.6 2.8
      vertex 33.9 15.7 2.8
    endloop
  endfacet
  facet normal -0 0 1
    outer loop
      vertex 33.2308 10.4049 2.8
      vertex 33.9 7.3 2.8
      vertex 33.2452 10.502 2.8
    endloop
  endfacet
  facet normal 0 0 1
    outer loop
      vertex 33.9 7.3 2.8
      vertex 33.2452 5.09802 2.8
      vertex 33.25 5 2.8
    endloop
  endfacet
  facet normal -0 0 1
    outer loop
      vertex 33.2069 10.3097 2.8
      vertex 33.9 7.3 2.8
      vertex 33.2308 10.4049 2.8
    endloop
  endfacet
  facet normal 0 0 1
    outer loop
      vertex 33.9 7.3 2.8
      vertex 33.2308 5.19509 2.8
      vertex 33.2452 5.09802 2.8
    endloop
  endfacet
  facet normal -0 0 1
    outer loop
      vertex 33.1739 10.2173 2.8
      vertex 33.9 7.3 2.8
      vertex 33.2069 10.3097 2.8
    endloop
  endfacet
  facet normal 0 0 1
    outer loop
      vertex 33.9 7.3 2.8
      vertex 33.2069 5.29028 2.8
      vertex 33.2308 5.19509 2.8
    endloop
  endfacet
  facet normal -0 0 1
    outer loop
      vertex 33.1319 10.1286 2.8
      vertex 33.9 7.3 2.8
      vertex 33.1739 10.2173 2.8
    endloop
  endfacet
  facet normal 0 0 1
    outer loop
      vertex 33.9 7.3 2.8
      vertex 33.1739 5.38268 2.8
      vertex 33.2069 5.29028 2.8
    endloop
  endfacet
  facet normal -0 0 1
    outer loop
      vertex 33.0815 10.0444 2.8
      vertex 33.9 7.3 2.8
      vertex 33.1319 10.1286 2.8
    endloop
  endfacet
  facet normal 0 0 1
    outer loop
      vertex 33.9 7.3 2.8
      vertex 33.1319 5.4714 2.8
      vertex 33.1739 5.38268 2.8
    endloop
  endfacet
  facet normal -0 0 1
    outer loop
      vertex 33.023 9.96561 2.8
      vertex 33.9 7.3 2.8
      vertex 33.0815 10.0444 2.8
    endloop
  endfacet
  facet normal 0 0 1
    outer loop
      vertex 33.9 7.3 2.8
      vertex 33.0815 5.55557 2.8
      vertex 33.1319 5.4714 2.8
    endloop
  endfacet
  facet normal -0 0 1
    outer loop
      vertex 32.9571 9.89289 2.8
      vertex 33.9 7.3 2.8
      vertex 33.023 9.96561 2.8
    endloop
  endfacet
  facet normal 0 0 1
    outer loop
      vertex 33.9 7.3 2.8
      vertex 33.023 5.63439 2.8
      vertex 33.0815 5.55557 2.8
    endloop
  endfacet
  facet normal -0 0 1
    outer loop
      vertex 32.8844 9.82699 2.8
      vertex 33.9 7.3 2.8
      vertex 32.9571 9.89289 2.8
    endloop
  endfacet
  facet normal 0 0 1
    outer loop
      vertex 33.9 7.3 2.8
      vertex 32.9571 5.70711 2.8
      vertex 33.023 5.63439 2.8
    endloop
  endfacet
  facet normal -0 0 1
    outer loop
      vertex 32.8056 9.76853 2.8
      vertex 33.9 7.3 2.8
      vertex 32.8844 9.82699 2.8
    endloop
  endfacet
  facet normal 0 0 1
    outer loop
      vertex 33.9 7.3 2.8
      vertex 32.8844 5.77301 2.8
      vertex 32.9571 5.70711 2.8
    endloop
  endfacet
  facet normal -0 0 1
    outer loop
      vertex 32.7214 9.71808 2.8
      vertex 33.9 7.3 2.8
      vertex 32.8056 9.76853 2.8
    endloop
  endfacet
  facet normal 0 0 1
    outer loop
      vertex 33.9 7.3 2.8
      vertex 32.8056 5.83147 2.8
      vertex 32.8844 5.77301 2.8
    endloop
  endfacet
  facet normal -0 0 1
    outer loop
      vertex 32.6327 9.67612 2.8
      vertex 33.9 7.3 2.8
      vertex 32.7214 9.71808 2.8
    endloop
  endfacet
  facet normal 0 0 1
    outer loop
      vertex 33.9 7.3 2.8
      vertex 32.7214 5.88192 2.8
      vertex 32.8056 5.83147 2.8
    endloop
  endfacet
  facet normal -0 0 1
    outer loop
      vertex 32.5403 9.64306 2.8
      vertex 33.9 7.3 2.8
      vertex 32.6327 9.67612 2.8
    endloop
  endfacet
  facet normal 0 0 1
    outer loop
      vertex 33.9 7.3 2.8
      vertex 32.6327 5.92388 2.8
      vertex 32.7214 5.88192 2.8
    endloop
  endfacet
  facet normal -0 0 1
    outer loop
      vertex 32.4451 9.61921 2.8
      vertex 33.9 7.3 2.8
      vertex 32.5403 9.64306 2.8
    endloop
  endfacet
  facet normal 0 0 1
    outer loop
      vertex 33.9 7.3 2.8
      vertex 32.5403 5.95694 2.8
      vertex 32.6327 5.92388 2.8
    endloop
  endfacet
  facet normal -0 0 1
    outer loop
      vertex 32.348 9.60481 2.8
      vertex 33.9 7.3 2.8
      vertex 32.4451 9.61921 2.8
    endloop
  endfacet
  facet normal 0 0 1
    outer loop
      vertex 33.9 7.3 2.8
      vertex 32.4451 5.98078 2.8
      vertex 32.5403 5.95694 2.8
    endloop
  endfacet
  facet normal -0 0 1
    outer loop
      vertex 32.25 9.6 2.8
      vertex 33.9 7.3 2.8
      vertex 32.348 9.60481 2.8
    endloop
  endfacet
  facet normal 0 0 1
    outer loop
      vertex 33.9 7.3 2.8
      vertex 32.348 5.99518 2.8
      vertex 32.4451 5.98078 2.8
    endloop
  endfacet
  facet normal 0 0 1
    outer loop
      vertex 32.25 6 2.8
      vertex 33.9 7.3 2.8
      vertex 32.25 9.6 2.8
    endloop
  endfacet
  facet normal 0 0 1
    outer loop
      vertex 33.9 7.3 2.8
      vertex 32.25 6 2.8
      vertex 32.348 5.99518 2.8
    endloop
  endfacet
  facet normal 0 0 1
    outer loop
      vertex 32.152 9.60481 2.8
      vertex 32.25 6 2.8
      vertex 32.25 9.6 2.8
    endloop
  endfacet
  facet normal 0 0 1
    outer loop
      vertex 32.152 9.60481 2.8
      vertex 32.152 5.99518 2.8
      vertex 32.25 6 2.8
    endloop
  endfacet
  facet normal 0 0 1
    outer loop
      vertex 32.0549 9.61921 2.8
      vertex 32.152 5.99518 2.8
      vertex 32.152 9.60481 2.8
    endloop
  endfacet
  facet normal 0 0 1
    outer loop
      vertex 32.0549 9.61921 2.8
      vertex 32.0549 5.98078 2.8
      vertex 32.152 5.99518 2.8
    endloop
  endfacet
  facet normal 0 0 1
    outer loop
      vertex 31.9597 9.64306 2.8
      vertex 32.0549 5.98078 2.8
      vertex 32.0549 9.61921 2.8
    endloop
  endfacet
  facet normal 0 0 1
    outer loop
      vertex 31.9597 9.64306 2.8
      vertex 31.9597 5.95694 2.8
      vertex 32.0549 5.98078 2.8
    endloop
  endfacet
  facet normal 0 0 1
    outer loop
      vertex 31.8673 9.67612 2.8
      vertex 31.9597 5.95694 2.8
      vertex 31.9597 9.64306 2.8
    endloop
  endfacet
  facet normal 0 0 1
    outer loop
      vertex 31.8673 9.67612 2.8
      vertex 31.8673 5.92388 2.8
      vertex 31.9597 5.95694 2.8
    endloop
  endfacet
  facet normal 0 0 1
    outer loop
      vertex 31.7786 9.71808 2.8
      vertex 31.8673 5.92388 2.8
      vertex 31.8673 9.67612 2.8
    endloop
  endfacet
  facet normal 0 0 1
    outer loop
      vertex 31.7786 9.71808 2.8
      vertex 31.7786 5.88192 2.8
      vertex 31.8673 5.92388 2.8
    endloop
  endfacet
  facet normal 0 0 1
    outer loop
      vertex 31.6944 9.76853 2.8
      vertex 31.7786 5.88192 2.8
      vertex 31.7786 9.71808 2.8
    endloop
  endfacet
  facet normal 0 0 1
    outer loop
      vertex 31.6944 9.76853 2.8
      vertex 31.6944 5.83147 2.8
      vertex 31.7786 5.88192 2.8
    endloop
  endfacet
  facet normal 0 0 1
    outer loop
      vertex 31.6156 9.82699 2.8
      vertex 31.6944 5.83147 2.8
      vertex 31.6944 9.76853 2.8
    endloop
  endfacet
  facet normal 0 0 1
    outer loop
      vertex 31.6156 9.82699 2.8
      vertex 31.6156 5.77301 2.8
      vertex 31.6944 5.83147 2.8
    endloop
  endfacet
  facet normal 0 0 1
    outer loop
      vertex 31.5429 9.89289 2.8
      vertex 31.6156 5.77301 2.8
      vertex 31.6156 9.82699 2.8
    endloop
  endfacet
  facet normal 0 0 1
    outer loop
      vertex 31.5429 9.89289 2.8
      vertex 31.5429 5.70711 2.8
      vertex 31.6156 5.77301 2.8
    endloop
  endfacet
  facet normal 0 0 1
    outer loop
      vertex 31.477 9.96561 2.8
      vertex 31.5429 5.70711 2.8
      vertex 31.5429 9.89289 2.8
    endloop
  endfacet
  facet normal 0 0 1
    outer loop
      vertex 31.477 9.96561 2.8
      vertex 31.477 5.63439 2.8
      vertex 31.5429 5.70711 2.8
    endloop
  endfacet
  facet normal 0 0 1
    outer loop
      vertex 31.4185 10.0444 2.8
      vertex 31.477 5.63439 2.8
      vertex 31.477 9.96561 2.8
    endloop
  endfacet
  facet normal 0 0 1
    outer loop
      vertex 31.4185 10.0444 2.8
      vertex 31.4185 5.55557 2.8
      vertex 31.477 5.63439 2.8
    endloop
  endfacet
  facet normal 0 0 1
    outer loop
      vertex 31.3681 10.1286 2.8
      vertex 31.4185 5.55557 2.8
      vertex 31.4185 10.0444 2.8
    endloop
  endfacet
  facet normal 0 0 1
    outer loop
      vertex 31.3681 10.1286 2.8
      vertex 31.3681 5.4714 2.8
      vertex 31.4185 5.55557 2.8
    endloop
  endfacet
  facet normal 0 0 1
    outer loop
      vertex 22.15 4.9 2.8
      vertex 31.3681 10.1286 2.8
      vertex 31.3261 10.2173 2.8
    endloop
  endfacet
  facet normal 0 0 1
    outer loop
      vertex 31.3681 10.1286 2.8
      vertex 22.15 4.9 2.8
      vertex 31.3681 5.4714 2.8
    endloop
  endfacet
  facet normal 0 0 1
    outer loop
      vertex 22.15 4.9 2.8
      vertex 31.3261 10.2173 2.8
      vertex 31.2931 10.3097 2.8
    endloop
  endfacet
  facet normal 0 0 1
    outer loop
      vertex 31.3681 5.4714 2.8
      vertex 22.15 4.9 2.8
      vertex 31.3261 5.38268 2.8
    endloop
  endfacet
  facet normal 0 0 1
    outer loop
      vertex 22.15 4.9 2.8
      vertex 31.2931 10.3097 2.8
      vertex 31.2692 10.4049 2.8
    endloop
  endfacet
  facet normal 0 0 1
    outer loop
      vertex 31.3261 5.38268 2.8
      vertex 22.15 4.9 2.8
      vertex 31.2931 5.29028 2.8
    endloop
  endfacet
  facet normal 0 0 1
    outer loop
      vertex 22.15 4.9 2.8
      vertex 31.2692 10.4049 2.8
      vertex 31.2548 10.502 2.8
    endloop
  endfacet
  facet normal 0 0 1
    outer loop
      vertex 31.2931 5.29028 2.8
      vertex 22.15 4.9 2.8
      vertex 31.2692 5.19509 2.8
    endloop
  endfacet
  facet normal 0 0 1
    outer loop
      vertex 22.15 4.9 2.8
      vertex 31.2548 10.502 2.8
      vertex 31.25 10.6 2.8
    endloop
  endfacet
  facet normal 0 0 1
    outer loop
      vertex 31.2692 5.19509 2.8
      vertex 22.15 4.9 2.8
      vertex 31.2548 5.09802 2.8
    endloop
  endfacet
  facet normal -0 0 1
    outer loop
      vertex 33.9 7.3 2.8
      vertex 35.1 6.5 2.8
      vertex 35.1 7.3 2.8
    endloop
  endfacet
  facet normal 0 0 1
    outer loop
      vertex 35.1 6.5 2.8
      vertex 33.9 7.3 2.8
      vertex 33.9 6.5 2.8
    endloop
  endfacet
  facet normal 0 0 1
    outer loop
      vertex 35.1 7.3 2.8
      vertex 35.4 12.6 2.8
      vertex 35.1 12.3 2.8
    endloop
  endfacet
  facet normal 0 0 1
    outer loop
      vertex 35.4 12.6 2.8
      vertex 33.9 12.3 2.8
      vertex 35.1 12.3 2.8
    endloop
  endfacet
  facet normal 0 0 1
    outer loop
      vertex 33.2452 10.502 2.8
      vertex 33.9 12.3 2.8
      vertex 33.25 10.6 2.8
    endloop
  endfacet
  facet normal 0 0 1
    outer loop
      vertex 33.9 12.3 2.8
      vertex 33.2452 10.502 2.8
      vertex 33.9 7.3 2.8
    endloop
  endfacet
  facet normal 0 0 1
    outer loop
      vertex 33.9 7.3 2.8
      vertex 33.25 5 2.8
      vertex 33.9 6.5 2.8
    endloop
  endfacet
  facet normal 0 0 1
    outer loop
      vertex 33.9 12.3 2.8
      vertex 33.2452 10.698 2.8
      vertex 33.25 10.6 2.8
    endloop
  endfacet
  facet normal 0 0 1
    outer loop
      vertex 33.9 12.3 2.8
      vertex 33.2308 10.7951 2.8
      vertex 33.2452 10.698 2.8
    endloop
  endfacet
  facet normal 0 0 1
    outer loop
      vertex 33.9 12.3 2.8
      vertex 33.2069 10.8903 2.8
      vertex 33.2308 10.7951 2.8
    endloop
  endfacet
  facet normal -0 0 1
    outer loop
      vertex 33.2 12.6 2.8
      vertex 33.9 12.3 2.8
      vertex 35.4 12.6 2.8
    endloop
  endfacet
  facet normal 0 0 1
    outer loop
      vertex 32.8844 11.373 2.8
      vertex 33.9 12.3 2.8
      vertex 33.2 12.6 2.8
    endloop
  endfacet
  facet normal 0 0 1
    outer loop
      vertex 33.9 12.3 2.8
      vertex 33.1739 10.9827 2.8
      vertex 33.2069 10.8903 2.8
    endloop
  endfacet
  facet normal 0 0 1
    outer loop
      vertex 52.65 41.25 2.8
      vertex 48.25 28.95 2.8
      vertex 52.65 28.95 2.8
    endloop
  endfacet
  facet normal 0 0 1
    outer loop
      vertex 48.25 28.95 2.8
      vertex 38.25 28.95 2.8
      vertex 48.25 27.35 2.8
    endloop
  endfacet
  facet normal 0 0 1
    outer loop
      vertex 52.65 41.25 2.8
      vertex 38.25 28.95 2.8
      vertex 48.25 28.95 2.8
    endloop
  endfacet
  facet normal -0 0 1
    outer loop
      vertex 33.85 41.25 2.8
      vertex 38.25 28.95 2.8
      vertex 52.65 41.25 2.8
    endloop
  endfacet
  facet normal 0 0 1
    outer loop
      vertex 38.25 28.95 2.8
      vertex 33.85 41.25 2.8
      vertex 33.85 28.95 2.8
    endloop
  endfacet
  facet normal -0 0 1
    outer loop
      vertex 54.24 38 2.8
      vertex 54.25 32.2 2.8
      vertex 54.25 38 2.8
    endloop
  endfacet
  facet normal 0 0 1
    outer loop
      vertex 54.25 32.2 2.8
      vertex 54.24 38 2.8
      vertex 54.24 32.2 2.8
    endloop
  endfacet
  facet normal -0 0 1
    outer loop
      vertex 53.1 7.3 2.8
      vertex 54.3 6.5 2.8
      vertex 54.3 7.3 2.8
    endloop
  endfacet
  facet normal 0 0 1
    outer loop
      vertex 54.3 6.5 2.8
      vertex 53.1 7.3 2.8
      vertex 53.1 6.5 2.8
    endloop
  endfacet
  facet normal -0 0 1
    outer loop
      vertex 52.8 12.6 2.8
      vertex 54.3 12.3 2.8
      vertex 55.7 12.6 2.8
    endloop
  endfacet
  facet normal 0 0 1
    outer loop
      vertex 52.8 12.6 2.8
      vertex 53.1 7.3 2.8
      vertex 53.1 12.3 2.8
    endloop
  endfacet
  facet normal 0 0 1
    outer loop
      vertex 52.8 3.6 2.8
      vertex 53.1 7.3 2.8
      vertex 52.8 12.6 2.8
    endloop
  endfacet
  facet normal 0 0 1
    outer loop
      vertex 53.1 7.3 2.8
      vertex 52.8 3.6 2.8
      vertex 53.1 6.5 2.8
    endloop
  endfacet
  facet normal 0 0 1
    outer loop
      vertex 54.3 12.3 2.8
      vertex 52.8 12.6 2.8
      vertex 53.1 12.3 2.8
    endloop
  endfacet
  facet normal 0 0 1
    outer loop
      vertex 55.7 20.9 2.8
      vertex 54.3 20.7 2.8
      vertex 55.7 15.6 2.8
    endloop
  endfacet
  facet normal -0 0 1
    outer loop
      vertex 52.8 20.9 2.8
      vertex 54.3 20.7 2.8
      vertex 55.7 20.9 2.8
    endloop
  endfacet
  facet normal 0 0 1
    outer loop
      vertex 52.8 15.6 2.8
      vertex 53.1 20.7 2.8
      vertex 52.8 20.9 2.8
    endloop
  endfacet
  facet normal 0 0 1
    outer loop
      vertex 54.3 20.7 2.8
      vertex 52.8 20.9 2.8
      vertex 53.1 20.7 2.8
    endloop
  endfacet
  facet normal 0 0 1
    outer loop
      vertex 55.9 43.9 2.8
      vertex 55.7 23.5 2.8
      vertex 55.9 3.3 2.8
    endloop
  endfacet
  facet normal -0 0 1
    outer loop
      vertex 54.25 32.2 2.8
      vertex 55.7 23.5 2.8
      vertex 55.9 43.9 2.8
    endloop
  endfacet
  facet normal 0 0 1
    outer loop
      vertex 54.25 38 2.8
      vertex 55.9 43.9 2.8
      vertex 54.25 42.85 2.8
    endloop
  endfacet
  facet normal 0 0 1
    outer loop
      vertex 55.9 43.9 2.8
      vertex 32.25 42.85 2.8
      vertex 54.25 42.85 2.8
    endloop
  endfacet
  facet normal -0 0 1
    outer loop
      vertex 22.15 42.3 2.8
      vertex 32.25 38 2.8
      vertex 32.25 42.85 2.8
    endloop
  endfacet
  facet normal 0 -0 1
    outer loop
      vertex 25.8957 33.271 2.8
      vertex 32.25 38 2.8
      vertex 25.8364 33.3364 2.8
    endloop
  endfacet
  facet normal -0 -0 1
    outer loop
      vertex 26.0827 32.8756 2.8
      vertex 32.25 32.2 2.8
      vertex 26.0612 32.9613 2.8
    endloop
  endfacet
  facet normal 0 0 1
    outer loop
      vertex 31.5783 23.1589 2.8
      vertex 32.25 27.35 2.8
      vertex 31.6 23.6 2.8
    endloop
  endfacet
  facet normal 0 0 1
    outer loop
      vertex 32.25 27.35 2.8
      vertex 31.5783 23.1589 2.8
      vertex 32.25 11.6 2.8
    endloop
  endfacet
  facet normal -0 0 1
    outer loop
      vertex 31.5135 22.7221 2.8
      vertex 32.25 11.6 2.8
      vertex 31.5783 23.1589 2.8
    endloop
  endfacet
  facet normal -0 0 1
    outer loop
      vertex 31.4062 22.2937 2.8
      vertex 32.25 11.6 2.8
      vertex 31.5135 22.7221 2.8
    endloop
  endfacet
  facet normal -0 0 1
    outer loop
      vertex 31.2575 21.8779 2.8
      vertex 32.25 11.6 2.8
      vertex 31.4062 22.2937 2.8
    endloop
  endfacet
  facet normal -0 0 1
    outer loop
      vertex 31.0686 21.4787 2.8
      vertex 32.25 11.6 2.8
      vertex 31.2575 21.8779 2.8
    endloop
  endfacet
  facet normal -0 0 1
    outer loop
      vertex 30.8416 21.0999 2.8
      vertex 32.25 11.6 2.8
      vertex 31.0686 21.4787 2.8
    endloop
  endfacet
  facet normal -0 0 1
    outer loop
      vertex 30.5785 20.7452 2.8
      vertex 32.25 11.6 2.8
      vertex 30.8416 21.0999 2.8
    endloop
  endfacet
  facet normal 0 0 1
    outer loop
      vertex 32.25 27.35 2.8
      vertex 31.5783 24.0411 2.8
      vertex 31.6 23.6 2.8
    endloop
  endfacet
  facet normal 0 0 1
    outer loop
      vertex 32.25 27.35 2.8
      vertex 31.5135 24.4779 2.8
      vertex 31.5783 24.0411 2.8
    endloop
  endfacet
  facet normal 0 0 1
    outer loop
      vertex 32.25 27.35 2.8
      vertex 31.4062 24.9063 2.8
      vertex 31.5135 24.4779 2.8
    endloop
  endfacet
  facet normal 0 0 1
    outer loop
      vertex 32.25 27.35 2.8
      vertex 31.2575 25.3221 2.8
      vertex 31.4062 24.9063 2.8
    endloop
  endfacet
  facet normal 0 0 1
    outer loop
      vertex 32.25 27.35 2.8
      vertex 31.0686 25.7213 2.8
      vertex 31.2575 25.3221 2.8
    endloop
  endfacet
  facet normal 0 0 1
    outer loop
      vertex 32.25 27.35 2.8
      vertex 30.8416 26.1001 2.8
      vertex 31.0686 25.7213 2.8
    endloop
  endfacet
  facet normal 0 0 1
    outer loop
      vertex 32.25 27.35 2.8
      vertex 30.5785 26.4548 2.8
      vertex 30.8416 26.1001 2.8
    endloop
  endfacet
  facet normal 0 0 1
    outer loop
      vertex 32.25 27.35 2.8
      vertex 30.282 26.782 2.8
      vertex 30.5785 26.4548 2.8
    endloop
  endfacet
  facet normal 0 0 1
    outer loop
      vertex 32.25 27.35 2.8
      vertex 29.9548 27.0785 2.8
      vertex 30.282 26.782 2.8
    endloop
  endfacet
  facet normal 0 0 1
    outer loop
      vertex 32.25 27.35 2.8
      vertex 29.6001 27.3416 2.8
      vertex 29.9548 27.0785 2.8
    endloop
  endfacet
  facet normal -0 -0 1
    outer loop
      vertex 26.1 32.7 2.8
      vertex 32.25 32.2 2.8
      vertex 26.0957 32.7882 2.8
    endloop
  endfacet
  facet normal -0 0 1
    outer loop
      vertex 26.0957 32.6118 2.8
      vertex 32.25 32.2 2.8
      vertex 26.1 32.7 2.8
    endloop
  endfacet
  facet normal 0 0 1
    outer loop
      vertex 32.25 32.2 2.8
      vertex 29.6001 27.3416 2.8
      vertex 32.25 27.35 2.8
    endloop
  endfacet
  facet normal 0 -0 1
    outer loop
      vertex 29.2213 27.5686 2.8
      vertex 32.25 32.2 2.8
      vertex 28.8221 27.7575 2.8
    endloop
  endfacet
  facet normal 0 -0 1
    outer loop
      vertex 29.6001 27.3416 2.8
      vertex 32.25 32.2 2.8
      vertex 29.2213 27.5686 2.8
    endloop
  endfacet
  facet normal -0 0 1
    outer loop
      vertex 26.0612 32.4387 2.8
      vertex 32.25 32.2 2.8
      vertex 26.0827 32.5244 2.8
    endloop
  endfacet
  facet normal -0 0 1
    outer loop
      vertex 26.0315 32.3556 2.8
      vertex 32.25 32.2 2.8
      vertex 26.0612 32.4387 2.8
    endloop
  endfacet
  facet normal 0 0 1
    outer loop
      vertex 28.4063 27.9062 2.8
      vertex 26.0315 32.3556 2.8
      vertex 27.9779 28.0135 2.8
    endloop
  endfacet
  facet normal 0 0 1
    outer loop
      vertex 32.25 32.2 2.8
      vertex 26.0315 32.3556 2.8
      vertex 28.4063 27.9062 2.8
    endloop
  endfacet
  facet normal 0 0 1
    outer loop
      vertex 32.25 32.2 2.8
      vertex 28.4063 27.9062 2.8
      vertex 28.8221 27.7575 2.8
    endloop
  endfacet
  facet normal -0 0 1
    outer loop
      vertex 26.0827 32.5244 2.8
      vertex 32.25 32.2 2.8
      vertex 26.0957 32.6118 2.8
    endloop
  endfacet
  facet normal -0 -0 1
    outer loop
      vertex 26.0957 32.7882 2.8
      vertex 32.25 32.2 2.8
      vertex 26.0827 32.8756 2.8
    endloop
  endfacet
  facet normal 0 0 1
    outer loop
      vertex 32.25 32.2 2.8
      vertex 26.0315 33.0444 2.8
      vertex 26.0612 32.9613 2.8
    endloop
  endfacet
  facet normal 0 0 1
    outer loop
      vertex 32.25 32.2 2.8
      vertex 25.9937 33.1243 2.8
      vertex 26.0315 33.0444 2.8
    endloop
  endfacet
  facet normal 0 0 1
    outer loop
      vertex 32.25 38 2.8
      vertex 25.9937 33.1243 2.8
      vertex 32.25 32.2 2.8
    endloop
  endfacet
  facet normal 0 -0 1
    outer loop
      vertex 25.9937 33.1243 2.8
      vertex 32.25 38 2.8
      vertex 25.9483 33.2 2.8
    endloop
  endfacet
  facet normal 0 -0 1
    outer loop
      vertex 25.9483 33.2 2.8
      vertex 32.25 38 2.8
      vertex 25.8957 33.271 2.8
    endloop
  endfacet
  facet normal 0 0 1
    outer loop
      vertex 32.25 38 2.8
      vertex 25.771 33.3957 2.8
      vertex 25.8364 33.3364 2.8
    endloop
  endfacet
  facet normal 0 0 1
    outer loop
      vertex 32.25 38 2.8
      vertex 25.7 33.4483 2.8
      vertex 25.771 33.3957 2.8
    endloop
  endfacet
  facet normal 0 0 1
    outer loop
      vertex 32.25 38 2.8
      vertex 25.6243 33.4937 2.8
      vertex 25.7 33.4483 2.8
    endloop
  endfacet
  facet normal 0 0 1
    outer loop
      vertex 32.25 38 2.8
      vertex 25.5444 33.5315 2.8
      vertex 25.6243 33.4937 2.8
    endloop
  endfacet
  facet normal 0 0 1
    outer loop
      vertex 32.25 38 2.8
      vertex 25.4613 33.5612 2.8
      vertex 25.5444 33.5315 2.8
    endloop
  endfacet
  facet normal 0 -0 1
    outer loop
      vertex 25.3756 33.5827 2.8
      vertex 32.25 38 2.8
      vertex 22.15 42.3 2.8
    endloop
  endfacet
  facet normal 0 0 1
    outer loop
      vertex 32.25 38 2.8
      vertex 25.3756 33.5827 2.8
      vertex 25.4613 33.5612 2.8
    endloop
  endfacet
  facet normal 0 0 1
    outer loop
      vertex 25.3756 33.5827 2.8
      vertex 22.15 42.3 2.8
      vertex 25.2882 33.5957 2.8
    endloop
  endfacet
  facet normal 0 0 1
    outer loop
      vertex 25.2882 33.5957 2.8
      vertex 22.15 42.3 2.8
      vertex 25.2 33.6 2.8
    endloop
  endfacet
  facet normal 0 0 1
    outer loop
      vertex 25.2 33.6 2.8
      vertex 22.15 42.3 2.8
      vertex 25.1118 33.5957 2.8
    endloop
  endfacet
  facet normal 0 0 1
    outer loop
      vertex 25.1118 33.5957 2.8
      vertex 22.15 42.3 2.8
      vertex 25.0244 33.5827 2.8
    endloop
  endfacet
  facet normal 0 0 1
    outer loop
      vertex 25.0244 33.5827 2.8
      vertex 22.15 42.3 2.8
      vertex 24.9387 33.5612 2.8
    endloop
  endfacet
  facet normal 0 0 1
    outer loop
      vertex 24.9387 33.5612 2.8
      vertex 22.15 42.3 2.8
      vertex 24.8556 33.5315 2.8
    endloop
  endfacet
  facet normal 0 0 1
    outer loop
      vertex 24.8556 33.5315 2.8
      vertex 22.15 42.3 2.8
      vertex 24.7757 33.4937 2.8
    endloop
  endfacet
  facet normal 0 0 1
    outer loop
      vertex 24.7757 33.4937 2.8
      vertex 22.15 42.3 2.8
      vertex 24.7 33.4483 2.8
    endloop
  endfacet
  facet normal 0 0 1
    outer loop
      vertex 24.7 33.4483 2.8
      vertex 22.15 42.3 2.8
      vertex 24.629 33.3957 2.8
    endloop
  endfacet
  facet normal 0 0 1
    outer loop
      vertex 24.629 33.3957 2.8
      vertex 22.15 42.3 2.8
      vertex 24.5636 33.3364 2.8
    endloop
  endfacet
  facet normal 0 0 1
    outer loop
      vertex 24.3043 29.3882 2.8
      vertex 23.1314 25.7213 2.8
      vertex 24.3 29.3 2.8
    endloop
  endfacet
  facet normal 0 0 1
    outer loop
      vertex 24.3 29.3 2.8
      vertex 23.918 26.782 2.8
      vertex 24.2452 27.0785 2.8
    endloop
  endfacet
  facet normal 0 0 1
    outer loop
      vertex 22.15 42.3 2.8
      vertex 24.3 32.7 2.8
      vertex 24.3043 32.7882 2.8
    endloop
  endfacet
  facet normal 0 0 1
    outer loop
      vertex 24.3 29.3 2.8
      vertex 23.6215 26.4548 2.8
      vertex 23.918 26.782 2.8
    endloop
  endfacet
  facet normal 0 0 1
    outer loop
      vertex 24.3 29.3 2.8
      vertex 23.3584 26.1001 2.8
      vertex 23.6215 26.4548 2.8
    endloop
  endfacet
  facet normal 0 0 1
    outer loop
      vertex 24.3 29.3 2.8
      vertex 23.1314 25.7213 2.8
      vertex 23.3584 26.1001 2.8
    endloop
  endfacet
  facet normal 0 0 1
    outer loop
      vertex 22.15 42.3 2.8
      vertex 24.3043 32.7882 2.8
      vertex 24.3173 32.8756 2.8
    endloop
  endfacet
  facet normal 0 0 1
    outer loop
      vertex 24.3 32.7 2.8
      vertex 22.9425 25.3221 2.8
      vertex 23.1314 25.7213 2.8
    endloop
  endfacet
  facet normal 0 0 1
    outer loop
      vertex 24.3 32.7 2.8
      vertex 22.15 42.3 2.8
      vertex 22.9425 25.3221 2.8
    endloop
  endfacet
  facet normal 0 0 1
    outer loop
      vertex 22.9425 25.3221 2.8
      vertex 22.15 42.3 2.8
      vertex 22.7938 24.9063 2.8
    endloop
  endfacet
  facet normal 0 0 1
    outer loop
      vertex 22.6217 24.0411 2.8
      vertex 22.15 42.3 2.8
      vertex 22.6 23.6 2.8
    endloop
  endfacet
  facet normal 0 0 1
    outer loop
      vertex 22.6865 24.4779 2.8
      vertex 22.15 42.3 2.8
      vertex 22.6217 24.0411 2.8
    endloop
  endfacet
  facet normal 0 0 1
    outer loop
      vertex 22.7938 24.9063 2.8
      vertex 22.15 42.3 2.8
      vertex 22.6865 24.4779 2.8
    endloop
  endfacet
  facet normal 0 0 1
    outer loop
      vertex 24.3388 32.9613 2.8
      vertex 22.15 42.3 2.8
      vertex 24.3173 32.8756 2.8
    endloop
  endfacet
  facet normal 0 0 1
    outer loop
      vertex 24.3685 33.0444 2.8
      vertex 22.15 42.3 2.8
      vertex 24.3388 32.9613 2.8
    endloop
  endfacet
  facet normal 0 0 1
    outer loop
      vertex 24.4063 33.1243 2.8
      vertex 22.15 42.3 2.8
      vertex 24.3685 33.0444 2.8
    endloop
  endfacet
  facet normal 0 0 1
    outer loop
      vertex 24.4517 33.2 2.8
      vertex 22.15 42.3 2.8
      vertex 24.4063 33.1243 2.8
    endloop
  endfacet
  facet normal 0 0 1
    outer loop
      vertex 24.5043 33.271 2.8
      vertex 22.15 42.3 2.8
      vertex 24.4517 33.2 2.8
    endloop
  endfacet
  facet normal 0 0 1
    outer loop
      vertex 24.5636 33.3364 2.8
      vertex 22.15 42.3 2.8
      vertex 24.5043 33.271 2.8
    endloop
  endfacet
  facet normal 0 0 1
    outer loop
      vertex 3.3 43.9 2.8
      vertex 22.15 42.3 2.8
      vertex 32.25 42.85 2.8
    endloop
  endfacet
  facet normal -0 0 1
    outer loop
      vertex 3.3 43.9 2.8
      vertex 32.25 42.85 2.8
      vertex 55.9 43.9 2.8
    endloop
  endfacet
  facet normal 0 0 1
    outer loop
      vertex 3.75 42.3 2.8
      vertex 3.3 43.9 2.8
      vertex 3.75 4.9 2.8
    endloop
  endfacet
  facet normal 0 0 1
    outer loop
      vertex 22.15 42.3 2.8
      vertex 3.3 43.9 2.8
      vertex 3.75 42.3 2.8
    endloop
  endfacet
  facet normal -0 0 1
    outer loop
      vertex 55.7 20.9 2.8
      vertex 55.9 3.3 2.8
      vertex 55.7 23.5 2.8
    endloop
  endfacet
  facet normal -0 0 1
    outer loop
      vertex 55.7 15.6 2.8
      vertex 55.9 3.3 2.8
      vertex 55.7 20.9 2.8
    endloop
  endfacet
  facet normal -0 0 1
    outer loop
      vertex 55.7 12.6 2.8
      vertex 55.9 3.3 2.8
      vertex 55.7 15.6 2.8
    endloop
  endfacet
  facet normal 0 0 1
    outer loop
      vertex 54.3 7.3 2.8
      vertex 55.7 12.6 2.8
      vertex 54.3 12.3 2.8
    endloop
  endfacet
  facet normal 0 0 1
    outer loop
      vertex 55.7 12.6 2.8
      vertex 54.3 7.3 2.8
      vertex 55.9 3.3 2.8
    endloop
  endfacet
  facet normal -0 0 1
    outer loop
      vertex 54.3 6.5 2.8
      vertex 55.9 3.3 2.8
      vertex 54.3 7.3 2.8
    endloop
  endfacet
  facet normal 0 0 1
    outer loop
      vertex 54.3 3.3 2.8
      vertex 55.9 3.3 2.8
      vertex 54.3 6.5 2.8
    endloop
  endfacet
  facet normal 0 0 0
    outer loop
      vertex 53.1 3.3 2.8
      vertex 55.9 3.3 2.8
      vertex 54.3 3.3 2.8
    endloop
  endfacet
  facet normal 0 0 1
    outer loop
      vertex 53.1 6.5 2.8
      vertex 52.8 3.6 2.8
      vertex 53.1 3.3 2.8
    endloop
  endfacet
  facet normal -0 0 1
    outer loop
      vertex 35.4 3.6 2.8
      vertex 53.1 3.3 2.8
      vertex 52.8 3.6 2.8
    endloop
  endfacet
  facet normal 0 0 1
    outer loop
      vertex 35.4 12.6 2.8
      vertex 35.1 7.3 2.8
      vertex 35.4 3.6 2.8
    endloop
  endfacet
  facet normal -0 0 1
    outer loop
      vertex 35.1 6.5 2.8
      vertex 35.4 3.6 2.8
      vertex 35.1 7.3 2.8
    endloop
  endfacet
  facet normal 0 0 1
    outer loop
      vertex 35.1 3.3 2.8
      vertex 35.4 3.6 2.8
      vertex 35.1 6.5 2.8
    endloop
  endfacet
  facet normal 0 0 1
    outer loop
      vertex 35.1 3.3 2.8
      vertex 53.1 3.3 2.8
      vertex 35.4 3.6 2.8
    endloop
  endfacet
  facet normal 0 0 0
    outer loop
      vertex 35.1 3.3 2.8
      vertex 55.9 3.3 2.8
      vertex 53.1 3.3 2.8
    endloop
  endfacet
  facet normal 0 0 0
    outer loop
      vertex 33.9 3.3 2.8
      vertex 55.9 3.3 2.8
      vertex 35.1 3.3 2.8
    endloop
  endfacet
  facet normal 0 0 1
    outer loop
      vertex 33.9 6.5 2.8
      vertex 33.25 5 2.8
      vertex 33.9 3.3 2.8
    endloop
  endfacet
  facet normal -0 0 1
    outer loop
      vertex 33.2452 4.90198 2.8
      vertex 33.9 3.3 2.8
      vertex 33.25 5 2.8
    endloop
  endfacet
  facet normal -0 0 1
    outer loop
      vertex 33.2308 4.80491 2.8
      vertex 33.9 3.3 2.8
      vertex 33.2452 4.90198 2.8
    endloop
  endfacet
  facet normal -0 0 1
    outer loop
      vertex 33.2069 4.70971 2.8
      vertex 33.9 3.3 2.8
      vertex 33.2308 4.80491 2.8
    endloop
  endfacet
  facet normal -0 0 1
    outer loop
      vertex 33.1739 4.61732 2.8
      vertex 33.9 3.3 2.8
      vertex 33.2069 4.70971 2.8
    endloop
  endfacet
  facet normal -0 0 1
    outer loop
      vertex 33.1319 4.5286 2.8
      vertex 33.9 3.3 2.8
      vertex 33.1739 4.61732 2.8
    endloop
  endfacet
  facet normal -0 0 1
    outer loop
      vertex 33.0815 4.44443 2.8
      vertex 33.9 3.3 2.8
      vertex 33.1319 4.5286 2.8
    endloop
  endfacet
  facet normal -0 0 1
    outer loop
      vertex 33.023 4.36561 2.8
      vertex 33.9 3.3 2.8
      vertex 33.0815 4.44443 2.8
    endloop
  endfacet
  facet normal -0 0 1
    outer loop
      vertex 32.9571 4.29289 2.8
      vertex 33.9 3.3 2.8
      vertex 33.023 4.36561 2.8
    endloop
  endfacet
  facet normal -0 0 1
    outer loop
      vertex 32.8844 4.22699 2.8
      vertex 33.9 3.3 2.8
      vertex 32.9571 4.29289 2.8
    endloop
  endfacet
  facet normal -0 0 1
    outer loop
      vertex 32.8056 4.16853 2.8
      vertex 33.9 3.3 2.8
      vertex 32.8844 4.22699 2.8
    endloop
  endfacet
  facet normal -0 0 1
    outer loop
      vertex 32.7214 4.11808 2.8
      vertex 33.9 3.3 2.8
      vertex 32.8056 4.16853 2.8
    endloop
  endfacet
  facet normal -0 0 1
    outer loop
      vertex 32.6327 4.07612 2.8
      vertex 33.9 3.3 2.8
      vertex 32.7214 4.11808 2.8
    endloop
  endfacet
  facet normal -0 0 1
    outer loop
      vertex 32.5403 4.04306 2.8
      vertex 33.9 3.3 2.8
      vertex 32.6327 4.07612 2.8
    endloop
  endfacet
  facet normal -0 0 1
    outer loop
      vertex 32.4451 4.01921 2.8
      vertex 33.9 3.3 2.8
      vertex 32.5403 4.04306 2.8
    endloop
  endfacet
  facet normal -0 0 1
    outer loop
      vertex 32.348 4.00482 2.8
      vertex 33.9 3.3 2.8
      vertex 32.4451 4.01921 2.8
    endloop
  endfacet
  facet normal -0 0 1
    outer loop
      vertex 32.25 4 2.8
      vertex 33.9 3.3 2.8
      vertex 32.348 4.00482 2.8
    endloop
  endfacet
  facet normal 0 0 1
    outer loop
      vertex 32.152 4.00482 2.8
      vertex 33.9 3.3 2.8
      vertex 32.25 4 2.8
    endloop
  endfacet
  facet normal 0 0 1
    outer loop
      vertex 32.0549 4.01921 2.8
      vertex 33.9 3.3 2.8
      vertex 32.152 4.00482 2.8
    endloop
  endfacet
  facet normal 0 0 1
    outer loop
      vertex 31.9597 4.04306 2.8
      vertex 33.9 3.3 2.8
      vertex 32.0549 4.01921 2.8
    endloop
  endfacet
  facet normal 0 0 1
    outer loop
      vertex 22.15 4.9 2.8
      vertex 31.9597 4.04306 2.8
      vertex 31.8673 4.07612 2.8
    endloop
  endfacet
  facet normal -0 0 1
    outer loop
      vertex 27.5411 19.1217 2.8
      vertex 31.5429 11.3071 2.8
      vertex 27.9779 19.1865 2.8
    endloop
  endfacet
  facet normal 0 0 1
    outer loop
      vertex 31.5429 11.3071 2.8
      vertex 27.5411 19.1217 2.8
      vertex 31.477 11.2344 2.8
    endloop
  endfacet
  facet normal -0 0 1
    outer loop
      vertex 27.1 19.1 2.8
      vertex 31.477 11.2344 2.8
      vertex 27.5411 19.1217 2.8
    endloop
  endfacet
  facet normal 0 0 1
    outer loop
      vertex 31.477 11.2344 2.8
      vertex 27.1 19.1 2.8
      vertex 31.4185 11.1556 2.8
    endloop
  endfacet
  facet normal 0 0 1
    outer loop
      vertex 31.4185 11.1556 2.8
      vertex 27.1 19.1 2.8
      vertex 31.3681 11.0714 2.8
    endloop
  endfacet
  facet normal 0 0 1
    outer loop
      vertex 26.6589 19.1217 2.8
      vertex 31.3681 11.0714 2.8
      vertex 27.1 19.1 2.8
    endloop
  endfacet
  facet normal 0 0 1
    outer loop
      vertex 31.3681 11.0714 2.8
      vertex 26.6589 19.1217 2.8
      vertex 31.3261 10.9827 2.8
    endloop
  endfacet
  facet normal 0 0 1
    outer loop
      vertex 26.2221 19.1865 2.8
      vertex 31.3261 10.9827 2.8
      vertex 26.6589 19.1217 2.8
    endloop
  endfacet
  facet normal 0 0 1
    outer loop
      vertex 31.3261 10.9827 2.8
      vertex 26.2221 19.1865 2.8
      vertex 31.2931 10.8903 2.8
    endloop
  endfacet
  facet normal 0 0 1
    outer loop
      vertex 31.2931 10.8903 2.8
      vertex 26.2221 19.1865 2.8
      vertex 31.2692 10.7951 2.8
    endloop
  endfacet
  facet normal 0 0 1
    outer loop
      vertex 25.7937 19.2938 2.8
      vertex 31.2692 10.7951 2.8
      vertex 26.2221 19.1865 2.8
    endloop
  endfacet
  facet normal 0 0 1
    outer loop
      vertex 31.2548 5.09802 2.8
      vertex 22.15 4.9 2.8
      vertex 31.25 5 2.8
    endloop
  endfacet
  facet normal 0 0 1
    outer loop
      vertex 31.25 5 2.8
      vertex 22.15 4.9 2.8
      vertex 31.2548 4.90198 2.8
    endloop
  endfacet
  facet normal 0 0 1
    outer loop
      vertex 31.2548 4.90198 2.8
      vertex 22.15 4.9 2.8
      vertex 31.2692 4.80491 2.8
    endloop
  endfacet
  facet normal 0 0 1
    outer loop
      vertex 22.15 4.9 2.8
      vertex 31.2692 10.7951 2.8
      vertex 25.7937 19.2938 2.8
    endloop
  endfacet
  facet normal 0 0 1
    outer loop
      vertex 31.2692 10.7951 2.8
      vertex 22.15 4.9 2.8
      vertex 31.2548 10.698 2.8
    endloop
  endfacet
  facet normal 0 0 1
    outer loop
      vertex 31.2548 10.698 2.8
      vertex 22.15 4.9 2.8
      vertex 31.25 10.6 2.8
    endloop
  endfacet
  facet normal 0 0 1
    outer loop
      vertex 31.2692 4.80491 2.8
      vertex 22.15 4.9 2.8
      vertex 31.2931 4.70971 2.8
    endloop
  endfacet
  facet normal 0 0 1
    outer loop
      vertex 22.15 4.9 2.8
      vertex 25.7937 19.2938 2.8
      vertex 25.3779 19.4425 2.8
    endloop
  endfacet
  facet normal 0 0 1
    outer loop
      vertex 22.15 4.9 2.8
      vertex 25.3779 19.4425 2.8
      vertex 24.9787 19.6314 2.8
    endloop
  endfacet
  facet normal 0 0 1
    outer loop
      vertex 22.15 4.9 2.8
      vertex 24.9787 19.6314 2.8
      vertex 24.5999 19.8584 2.8
    endloop
  endfacet
  facet normal 0 0 1
    outer loop
      vertex 22.15 4.9 2.8
      vertex 24.5999 19.8584 2.8
      vertex 24.2452 20.1215 2.8
    endloop
  endfacet
  facet normal 0 0 1
    outer loop
      vertex 22.15 4.9 2.8
      vertex 24.2452 20.1215 2.8
      vertex 23.918 20.418 2.8
    endloop
  endfacet
  facet normal 0 0 1
    outer loop
      vertex 22.15 4.9 2.8
      vertex 23.918 20.418 2.8
      vertex 23.6215 20.7452 2.8
    endloop
  endfacet
  facet normal 0 0 1
    outer loop
      vertex 31.2931 4.70971 2.8
      vertex 22.15 4.9 2.8
      vertex 31.3261 4.61732 2.8
    endloop
  endfacet
  facet normal 0 0 1
    outer loop
      vertex 22.15 4.9 2.8
      vertex 23.6215 20.7452 2.8
      vertex 23.3584 21.0999 2.8
    endloop
  endfacet
  facet normal 0 0 1
    outer loop
      vertex 22.15 4.9 2.8
      vertex 23.3584 21.0999 2.8
      vertex 23.1314 21.4787 2.8
    endloop
  endfacet
  facet normal 0 0 1
    outer loop
      vertex 22.15 4.9 2.8
      vertex 22.6 23.6 2.8
      vertex 22.15 42.3 2.8
    endloop
  endfacet
  facet normal 0 0 1
    outer loop
      vertex 22.15 4.9 2.8
      vertex 22.6217 23.1589 2.8
      vertex 22.6 23.6 2.8
    endloop
  endfacet
  facet normal 0 0 1
    outer loop
      vertex 22.15 4.9 2.8
      vertex 22.6865 22.7221 2.8
      vertex 22.6217 23.1589 2.8
    endloop
  endfacet
  facet normal 0 0 1
    outer loop
      vertex 22.15 4.9 2.8
      vertex 22.7938 22.2937 2.8
      vertex 22.6865 22.7221 2.8
    endloop
  endfacet
  facet normal 0 0 1
    outer loop
      vertex 22.15 4.9 2.8
      vertex 22.9425 21.8779 2.8
      vertex 22.7938 22.2937 2.8
    endloop
  endfacet
  facet normal 0 0 1
    outer loop
      vertex 22.15 4.9 2.8
      vertex 23.1314 21.4787 2.8
      vertex 22.9425 21.8779 2.8
    endloop
  endfacet
  facet normal 0 0 1
    outer loop
      vertex 31.3261 4.61732 2.8
      vertex 22.15 4.9 2.8
      vertex 31.3681 4.5286 2.8
    endloop
  endfacet
  facet normal 0 0 1
    outer loop
      vertex 22.15 4.9 2.8
      vertex 31.4185 4.44443 2.8
      vertex 31.3681 4.5286 2.8
    endloop
  endfacet
  facet normal 0 0 1
    outer loop
      vertex 22.15 4.9 2.8
      vertex 31.477 4.36561 2.8
      vertex 31.4185 4.44443 2.8
    endloop
  endfacet
  facet normal 0 0 1
    outer loop
      vertex 22.15 4.9 2.8
      vertex 31.5429 4.29289 2.8
      vertex 31.477 4.36561 2.8
    endloop
  endfacet
  facet normal 0 0 1
    outer loop
      vertex 22.15 4.9 2.8
      vertex 31.6156 4.22699 2.8
      vertex 31.5429 4.29289 2.8
    endloop
  endfacet
  facet normal 0 0 1
    outer loop
      vertex 22.15 4.9 2.8
      vertex 31.6944 4.16853 2.8
      vertex 31.6156 4.22699 2.8
    endloop
  endfacet
  facet normal 0 0 1
    outer loop
      vertex 22.15 4.9 2.8
      vertex 31.7786 4.11808 2.8
      vertex 31.6944 4.16853 2.8
    endloop
  endfacet
  facet normal 0 0 1
    outer loop
      vertex 22.15 4.9 2.8
      vertex 31.8673 4.07612 2.8
      vertex 31.7786 4.11808 2.8
    endloop
  endfacet
  facet normal 0 0 1
    outer loop
      vertex 31.9597 4.04306 2.8
      vertex 22.15 4.9 2.8
      vertex 33.9 3.3 2.8
    endloop
  endfacet
  facet normal 0 0 1
    outer loop
      vertex 3.3 3.3 2.8
      vertex 22.15 4.9 2.8
      vertex 3.75 4.9 2.8
    endloop
  endfacet
  facet normal 0 0 -0
    outer loop
      vertex 33.9 3.3 2.8
      vertex 3.3 3.3 2.8
      vertex 55.9 3.3 2.8
    endloop
  endfacet
  facet normal 0 0 1
    outer loop
      vertex 22.15 4.9 2.8
      vertex 3.3 3.3 2.8
      vertex 33.9 3.3 2.8
    endloop
  endfacet
  facet normal 0 0 1
    outer loop
      vertex 3.3 3.3 2.8
      vertex 3.75 4.9 2.8
      vertex 3.3 43.9 2.8
    endloop
  endfacet
  facet normal -0 0 1
    outer loop
      vertex 54.6 24.7 2.8
      vertex 55.7 23.5 2.8
      vertex 54.6 26.3 2.8
    endloop
  endfacet
  facet normal 0 0 1
    outer loop
      vertex 54.3 23.5 2.8
      vertex 54.6 24.7 2.8
      vertex 54.3 24.7 2.8
    endloop
  endfacet
  facet normal 0 0 1
    outer loop
      vertex 54.6 24.7 2.8
      vertex 54.3 23.5 2.8
      vertex 55.7 23.5 2.8
    endloop
  endfacet
  facet normal -0 0 1
    outer loop
      vertex 54.3 15.7 2.8
      vertex 55.7 15.6 2.8
      vertex 54.3 20.7 2.8
    endloop
  endfacet
  facet normal 0 0 1
    outer loop
      vertex 52.8 15.6 2.8
      vertex 54.3 15.7 2.8
      vertex 53.1 15.7 2.8
    endloop
  endfacet
  facet normal 0 0 1
    outer loop
      vertex 54.3 15.7 2.8
      vertex 52.8 15.6 2.8
      vertex 55.7 15.6 2.8
    endloop
  endfacet
  facet normal 0 0 1
    outer loop
      vertex 53.1 20.7 2.8
      vertex 52.8 15.6 2.8
      vertex 53.1 15.7 2.8
    endloop
  endfacet
  facet normal 0 0 1
    outer loop
      vertex 54.25 32.2 2.8
      vertex 55.9 43.9 2.8
      vertex 54.25 38 2.8
    endloop
  endfacet
  facet normal 0 0 1
    outer loop
      vertex 55.7 23.5 2.8
      vertex 54.25 32.2 2.8
      vertex 54.6 26.3 2.8
    endloop
  endfacet
  facet normal -0 0 1
    outer loop
      vertex 54.25 27.35 2.8
      vertex 54.6 26.3 2.8
      vertex 54.25 32.2 2.8
    endloop
  endfacet
  facet normal -0 0 1
    outer loop
      vertex 48.25 27.35 2.8
      vertex 54.6 26.3 2.8
      vertex 54.25 27.35 2.8
    endloop
  endfacet
  facet normal 0 0 1
    outer loop
      vertex 38.25 27.35 2.8
      vertex 48.25 27.35 2.8
      vertex 38.25 28.95 2.8
    endloop
  endfacet
  facet normal 0 0 1
    outer loop
      vertex 33.6 26.3 2.8
      vertex 48.25 27.35 2.8
      vertex 38.25 27.35 2.8
    endloop
  endfacet
  facet normal 0 0 1
    outer loop
      vertex 48.25 27.35 2.8
      vertex 33.6 26.3 2.8
      vertex 54.6 26.3 2.8
    endloop
  endfacet
  facet normal 0 0 1
    outer loop
      vertex 32.25 27.35 2.8
      vertex 33.6 24.7 2.8
      vertex 33.6 26.3 2.8
    endloop
  endfacet
  facet normal 0 0 1
    outer loop
      vertex 32.25 27.35 2.8
      vertex 33.2 20.9 2.8
      vertex 33.2 23.5 2.8
    endloop
  endfacet
  facet normal 0 0 1
    outer loop
      vertex 33.2 20.9 2.8
      vertex 32.25 11.6 2.8
      vertex 33.2 15.6 2.8
    endloop
  endfacet
  facet normal 0 0 1
    outer loop
      vertex 33.2 15.6 2.8
      vertex 32.25 11.6 2.8
      vertex 33.2 12.6 2.8
    endloop
  endfacet
  facet normal 0 0 1
    outer loop
      vertex 33.9 12.3 2.8
      vertex 33.1319 11.0714 2.8
      vertex 33.1739 10.9827 2.8
    endloop
  endfacet
  facet normal 0 0 1
    outer loop
      vertex 33.9 12.3 2.8
      vertex 33.0815 11.1556 2.8
      vertex 33.1319 11.0714 2.8
    endloop
  endfacet
  facet normal 0 0 1
    outer loop
      vertex 33.9 12.3 2.8
      vertex 33.023 11.2344 2.8
      vertex 33.0815 11.1556 2.8
    endloop
  endfacet
  facet normal 0 0 1
    outer loop
      vertex 33.9 12.3 2.8
      vertex 32.9571 11.3071 2.8
      vertex 33.023 11.2344 2.8
    endloop
  endfacet
  facet normal 0 0 1
    outer loop
      vertex 33.9 12.3 2.8
      vertex 32.8844 11.373 2.8
      vertex 32.9571 11.3071 2.8
    endloop
  endfacet
  facet normal 0 0 1
    outer loop
      vertex 33.2 12.6 2.8
      vertex 32.8056 11.4315 2.8
      vertex 32.8844 11.373 2.8
    endloop
  endfacet
  facet normal 0 0 1
    outer loop
      vertex 33.2 12.6 2.8
      vertex 32.7214 11.4819 2.8
      vertex 32.8056 11.4315 2.8
    endloop
  endfacet
  facet normal 0 0 1
    outer loop
      vertex 33.2 12.6 2.8
      vertex 32.6327 11.5239 2.8
      vertex 32.7214 11.4819 2.8
    endloop
  endfacet
  facet normal 0 0 1
    outer loop
      vertex 33.2 12.6 2.8
      vertex 32.5403 11.5569 2.8
      vertex 32.6327 11.5239 2.8
    endloop
  endfacet
  facet normal 0 0 1
    outer loop
      vertex 33.2 12.6 2.8
      vertex 32.4451 11.5808 2.8
      vertex 32.5403 11.5569 2.8
    endloop
  endfacet
  facet normal 0 0 1
    outer loop
      vertex 33.2 12.6 2.8
      vertex 32.348 11.5952 2.8
      vertex 32.4451 11.5808 2.8
    endloop
  endfacet
  facet normal -0 0 1
    outer loop
      vertex 32.25 27.35 2.8
      vertex 33.6 26.3 2.8
      vertex 38.25 27.35 2.8
    endloop
  endfacet
  facet normal 0 0 1
    outer loop
      vertex 33.6 24.7 2.8
      vertex 32.25 27.35 2.8
      vertex 33.2 23.5 2.8
    endloop
  endfacet
  facet normal 0 0 1
    outer loop
      vertex 33.2 20.9 2.8
      vertex 32.25 27.35 2.8
      vertex 32.25 11.6 2.8
    endloop
  endfacet
  facet normal 0 0 1
    outer loop
      vertex 33.2 12.6 2.8
      vertex 32.25 11.6 2.8
      vertex 32.348 11.5952 2.8
    endloop
  endfacet
  facet normal -0 0 1
    outer loop
      vertex 33.6 24.7 2.8
      vertex 33.9 23.5 2.8
      vertex 33.9 24.7 2.8
    endloop
  endfacet
  facet normal 0 0 1
    outer loop
      vertex 33.9 23.5 2.8
      vertex 33.6 24.7 2.8
      vertex 33.2 23.5 2.8
    endloop
  endfacet
  facet normal -0 0 1
    outer loop
      vertex 32.25 38 2.8
      vertex 32.26 32.2 2.8
      vertex 32.26 38 2.8
    endloop
  endfacet
  facet normal 0 0 1
    outer loop
      vertex 32.26 32.2 2.8
      vertex 32.25 38 2.8
      vertex 32.25 32.2 2.8
    endloop
  endfacet
  facet normal -0 0 1
    outer loop
      vertex 30.282 20.418 2.8
      vertex 32.25 11.6 2.8
      vertex 30.5785 20.7452 2.8
    endloop
  endfacet
  facet normal -0 0 1
    outer loop
      vertex 29.9548 20.1215 2.8
      vertex 32.25 11.6 2.8
      vertex 30.282 20.418 2.8
    endloop
  endfacet
  facet normal -0 0 1
    outer loop
      vertex 29.6001 19.8584 2.8
      vertex 32.25 11.6 2.8
      vertex 29.9548 20.1215 2.8
    endloop
  endfacet
  facet normal 0 0 1
    outer loop
      vertex 32.25 11.6 2.8
      vertex 29.6001 19.8584 2.8
      vertex 32.152 11.5952 2.8
    endloop
  endfacet
  facet normal -0 0 1
    outer loop
      vertex 29.2213 19.6314 2.8
      vertex 32.152 11.5952 2.8
      vertex 29.6001 19.8584 2.8
    endloop
  endfacet
  facet normal 0 0 1
    outer loop
      vertex 32.152 11.5952 2.8
      vertex 29.2213 19.6314 2.8
      vertex 32.0549 11.5808 2.8
    endloop
  endfacet
  facet normal 0 0 1
    outer loop
      vertex 32.0549 11.5808 2.8
      vertex 29.2213 19.6314 2.8
      vertex 31.9597 11.5569 2.8
    endloop
  endfacet
  facet normal -0 0 1
    outer loop
      vertex 28.8221 19.4425 2.8
      vertex 31.9597 11.5569 2.8
      vertex 29.2213 19.6314 2.8
    endloop
  endfacet
  facet normal 0 0 1
    outer loop
      vertex 31.9597 11.5569 2.8
      vertex 28.8221 19.4425 2.8
      vertex 31.8673 11.5239 2.8
    endloop
  endfacet
  facet normal -0 0 1
    outer loop
      vertex 28.4063 19.2938 2.8
      vertex 31.8673 11.5239 2.8
      vertex 28.8221 19.4425 2.8
    endloop
  endfacet
  facet normal 0 0 1
    outer loop
      vertex 31.8673 11.5239 2.8
      vertex 28.4063 19.2938 2.8
      vertex 31.7786 11.4819 2.8
    endloop
  endfacet
  facet normal 0 0 1
    outer loop
      vertex 31.7786 11.4819 2.8
      vertex 28.4063 19.2938 2.8
      vertex 31.6944 11.4315 2.8
    endloop
  endfacet
  facet normal -0 0 1
    outer loop
      vertex 27.9779 19.1865 2.8
      vertex 31.6944 11.4315 2.8
      vertex 28.4063 19.2938 2.8
    endloop
  endfacet
  facet normal 0 0 1
    outer loop
      vertex 31.6156 11.373 2.8
      vertex 27.9779 19.1865 2.8
      vertex 31.5429 11.3071 2.8
    endloop
  endfacet
  facet normal 0 0 1
    outer loop
      vertex 31.6944 11.4315 2.8
      vertex 27.9779 19.1865 2.8
      vertex 31.6156 11.373 2.8
    endloop
  endfacet
  facet normal -0 0 1
    outer loop
      vertex 26.0957 29.2118 2.8
      vertex 27.1 28.1 2.8
      vertex 26.1 29.3 2.8
    endloop
  endfacet
  facet normal -0 0 1
    outer loop
      vertex 26.0827 29.1244 2.8
      vertex 27.1 28.1 2.8
      vertex 26.0957 29.2118 2.8
    endloop
  endfacet
  facet normal -0 -0 1
    outer loop
      vertex 26.1 29.3 2.8
      vertex 27.5411 28.0783 2.8
      vertex 26.0957 29.3882 2.8
    endloop
  endfacet
  facet normal 0 0 1
    outer loop
      vertex 27.5411 28.0783 2.8
      vertex 26.1 29.3 2.8
      vertex 27.1 28.1 2.8
    endloop
  endfacet
  facet normal -0 -0 1
    outer loop
      vertex 26.0612 29.5613 2.8
      vertex 27.9779 28.0135 2.8
      vertex 26.0315 29.6444 2.8
    endloop
  endfacet
  facet normal -0 -0 1
    outer loop
      vertex 26.0957 29.3882 2.8
      vertex 27.5411 28.0783 2.8
      vertex 26.0827 29.4756 2.8
    endloop
  endfacet
  facet normal 0 0 1
    outer loop
      vertex 27.9779 28.0135 2.8
      vertex 26.0612 29.5613 2.8
      vertex 27.5411 28.0783 2.8
    endloop
  endfacet
  facet normal -0 -0 1
    outer loop
      vertex 26.0827 29.4756 2.8
      vertex 27.5411 28.0783 2.8
      vertex 26.0612 29.5613 2.8
    endloop
  endfacet
  facet normal -0 0 1
    outer loop
      vertex 25.9937 32.2757 2.8
      vertex 26.0315 29.6444 2.8
      vertex 26.0315 32.3556 2.8
    endloop
  endfacet
  facet normal 0 0 1
    outer loop
      vertex 25.9937 32.2757 2.8
      vertex 25.9937 29.7243 2.8
      vertex 26.0315 29.6444 2.8
    endloop
  endfacet
  facet normal -0 0 1
    outer loop
      vertex 25.9483 32.2 2.8
      vertex 25.9937 29.7243 2.8
      vertex 25.9937 32.2757 2.8
    endloop
  endfacet
  facet normal 0 0 1
    outer loop
      vertex 25.9483 32.2 2.8
      vertex 25.9483 29.8 2.8
      vertex 25.9937 29.7243 2.8
    endloop
  endfacet
  facet normal -0 0 1
    outer loop
      vertex 25.8957 32.129 2.8
      vertex 25.9483 29.8 2.8
      vertex 25.9483 32.2 2.8
    endloop
  endfacet
  facet normal 0 0 1
    outer loop
      vertex 25.8957 32.129 2.8
      vertex 25.8957 29.871 2.8
      vertex 25.9483 29.8 2.8
    endloop
  endfacet
  facet normal -0 0 1
    outer loop
      vertex 25.8364 32.0636 2.8
      vertex 25.8957 29.871 2.8
      vertex 25.8957 32.129 2.8
    endloop
  endfacet
  facet normal 0 0 1
    outer loop
      vertex 25.8364 32.0636 2.8
      vertex 25.8364 29.9364 2.8
      vertex 25.8957 29.871 2.8
    endloop
  endfacet
  facet normal -0 0 1
    outer loop
      vertex 25.771 32.0043 2.8
      vertex 25.8364 29.9364 2.8
      vertex 25.8364 32.0636 2.8
    endloop
  endfacet
  facet normal 0 0 1
    outer loop
      vertex 25.771 32.0043 2.8
      vertex 25.771 29.9957 2.8
      vertex 25.8364 29.9364 2.8
    endloop
  endfacet
  facet normal -0 0 1
    outer loop
      vertex 25.7 31.9517 2.8
      vertex 25.771 29.9957 2.8
      vertex 25.771 32.0043 2.8
    endloop
  endfacet
  facet normal 0 0 1
    outer loop
      vertex 25.7 31.9517 2.8
      vertex 25.7 30.0483 2.8
      vertex 25.771 29.9957 2.8
    endloop
  endfacet
  facet normal -0 0 1
    outer loop
      vertex 25.6243 31.9063 2.8
      vertex 25.7 30.0483 2.8
      vertex 25.7 31.9517 2.8
    endloop
  endfacet
  facet normal 0 0 1
    outer loop
      vertex 25.6243 31.9063 2.8
      vertex 25.6243 30.0937 2.8
      vertex 25.7 30.0483 2.8
    endloop
  endfacet
  facet normal -0 0 1
    outer loop
      vertex 25.5444 31.8685 2.8
      vertex 25.6243 30.0937 2.8
      vertex 25.6243 31.9063 2.8
    endloop
  endfacet
  facet normal 0 0 1
    outer loop
      vertex 25.5444 31.8685 2.8
      vertex 25.5444 30.1315 2.8
      vertex 25.6243 30.0937 2.8
    endloop
  endfacet
  facet normal -0 0 1
    outer loop
      vertex 25.4613 31.8388 2.8
      vertex 25.5444 30.1315 2.8
      vertex 25.5444 31.8685 2.8
    endloop
  endfacet
  facet normal 0 0 1
    outer loop
      vertex 25.4613 31.8388 2.8
      vertex 25.4613 30.1612 2.8
      vertex 25.5444 30.1315 2.8
    endloop
  endfacet
  facet normal -0 0 1
    outer loop
      vertex 25.3756 31.8173 2.8
      vertex 25.4613 30.1612 2.8
      vertex 25.4613 31.8388 2.8
    endloop
  endfacet
  facet normal 0 0 1
    outer loop
      vertex 25.3756 31.8173 2.8
      vertex 25.3756 30.1827 2.8
      vertex 25.4613 30.1612 2.8
    endloop
  endfacet
  facet normal -0 0 1
    outer loop
      vertex 25.2882 31.8043 2.8
      vertex 25.3756 30.1827 2.8
      vertex 25.3756 31.8173 2.8
    endloop
  endfacet
  facet normal 0 0 1
    outer loop
      vertex 25.2882 31.8043 2.8
      vertex 25.2882 30.1957 2.8
      vertex 25.3756 30.1827 2.8
    endloop
  endfacet
  facet normal -0 0 1
    outer loop
      vertex 25.2 31.8 2.8
      vertex 25.2882 30.1957 2.8
      vertex 25.2882 31.8043 2.8
    endloop
  endfacet
  facet normal 0 0 1
    outer loop
      vertex 25.2 31.8 2.8
      vertex 25.2 30.2 2.8
      vertex 25.2882 30.1957 2.8
    endloop
  endfacet
  facet normal 0 0 1
    outer loop
      vertex 25.1118 31.8043 2.8
      vertex 25.2 30.2 2.8
      vertex 25.2 31.8 2.8
    endloop
  endfacet
  facet normal 0 0 1
    outer loop
      vertex 25.1118 31.8043 2.8
      vertex 25.1118 30.1957 2.8
      vertex 25.2 30.2 2.8
    endloop
  endfacet
  facet normal 0 0 1
    outer loop
      vertex 25.0244 31.8173 2.8
      vertex 25.1118 30.1957 2.8
      vertex 25.1118 31.8043 2.8
    endloop
  endfacet
  facet normal 0 0 1
    outer loop
      vertex 25.0244 31.8173 2.8
      vertex 25.0244 30.1827 2.8
      vertex 25.1118 30.1957 2.8
    endloop
  endfacet
  facet normal 0 0 1
    outer loop
      vertex 24.9387 31.8388 2.8
      vertex 25.0244 30.1827 2.8
      vertex 25.0244 31.8173 2.8
    endloop
  endfacet
  facet normal 0 0 1
    outer loop
      vertex 24.9387 31.8388 2.8
      vertex 24.9387 30.1612 2.8
      vertex 25.0244 30.1827 2.8
    endloop
  endfacet
  facet normal 0 0 1
    outer loop
      vertex 24.8556 31.8685 2.8
      vertex 24.9387 30.1612 2.8
      vertex 24.9387 31.8388 2.8
    endloop
  endfacet
  facet normal 0 0 1
    outer loop
      vertex 24.8556 31.8685 2.8
      vertex 24.8556 30.1315 2.8
      vertex 24.9387 30.1612 2.8
    endloop
  endfacet
  facet normal 0 0 1
    outer loop
      vertex 24.7757 31.9063 2.8
      vertex 24.8556 30.1315 2.8
      vertex 24.8556 31.8685 2.8
    endloop
  endfacet
  facet normal 0 0 1
    outer loop
      vertex 24.7757 31.9063 2.8
      vertex 24.7757 30.0937 2.8
      vertex 24.8556 30.1315 2.8
    endloop
  endfacet
  facet normal 0 0 1
    outer loop
      vertex 24.7 31.9517 2.8
      vertex 24.7757 30.0937 2.8
      vertex 24.7757 31.9063 2.8
    endloop
  endfacet
  facet normal 0 0 1
    outer loop
      vertex 24.7 31.9517 2.8
      vertex 24.7 30.0483 2.8
      vertex 24.7757 30.0937 2.8
    endloop
  endfacet
  facet normal 0 0 1
    outer loop
      vertex 24.629 32.0043 2.8
      vertex 24.7 30.0483 2.8
      vertex 24.7 31.9517 2.8
    endloop
  endfacet
  facet normal 0 0 1
    outer loop
      vertex 24.629 32.0043 2.8
      vertex 24.629 29.9957 2.8
      vertex 24.7 30.0483 2.8
    endloop
  endfacet
  facet normal 0 0 1
    outer loop
      vertex 24.5636 32.0636 2.8
      vertex 24.629 29.9957 2.8
      vertex 24.629 32.0043 2.8
    endloop
  endfacet
  facet normal 0 0 1
    outer loop
      vertex 24.5636 32.0636 2.8
      vertex 24.5636 29.9364 2.8
      vertex 24.629 29.9957 2.8
    endloop
  endfacet
  facet normal 0 0 1
    outer loop
      vertex 24.5043 32.129 2.8
      vertex 24.5636 29.9364 2.8
      vertex 24.5636 32.0636 2.8
    endloop
  endfacet
  facet normal 0 0 1
    outer loop
      vertex 24.5043 32.129 2.8
      vertex 24.5043 29.871 2.8
      vertex 24.5636 29.9364 2.8
    endloop
  endfacet
  facet normal 0 0 1
    outer loop
      vertex 24.4517 32.2 2.8
      vertex 24.5043 29.871 2.8
      vertex 24.5043 32.129 2.8
    endloop
  endfacet
  facet normal 0 0 1
    outer loop
      vertex 24.4517 32.2 2.8
      vertex 24.4517 29.8 2.8
      vertex 24.5043 29.871 2.8
    endloop
  endfacet
  facet normal 0 0 1
    outer loop
      vertex 24.4063 32.2757 2.8
      vertex 24.4517 29.8 2.8
      vertex 24.4517 32.2 2.8
    endloop
  endfacet
  facet normal 0 0 1
    outer loop
      vertex 24.4063 32.2757 2.8
      vertex 24.4063 29.7243 2.8
      vertex 24.4517 29.8 2.8
    endloop
  endfacet
  facet normal 0 0 1
    outer loop
      vertex 24.3685 32.3556 2.8
      vertex 24.4063 29.7243 2.8
      vertex 24.4063 32.2757 2.8
    endloop
  endfacet
  facet normal 0 0 1
    outer loop
      vertex 24.3685 32.3556 2.8
      vertex 24.3685 29.6444 2.8
      vertex 24.4063 29.7243 2.8
    endloop
  endfacet
  facet normal 0 0 1
    outer loop
      vertex 24.3388 32.4387 2.8
      vertex 24.3685 29.6444 2.8
      vertex 24.3685 32.3556 2.8
    endloop
  endfacet
  facet normal 0 0 1
    outer loop
      vertex 24.3388 32.4387 2.8
      vertex 24.3388 29.5613 2.8
      vertex 24.3685 29.6444 2.8
    endloop
  endfacet
  facet normal 0 0 1
    outer loop
      vertex 24.3173 32.5244 2.8
      vertex 24.3388 29.5613 2.8
      vertex 24.3388 32.4387 2.8
    endloop
  endfacet
  facet normal 0 0 1
    outer loop
      vertex 24.3173 32.5244 2.8
      vertex 24.3173 29.4756 2.8
      vertex 24.3388 29.5613 2.8
    endloop
  endfacet
  facet normal 0 0 1
    outer loop
      vertex 24.3043 32.6118 2.8
      vertex 24.3173 29.4756 2.8
      vertex 24.3173 32.5244 2.8
    endloop
  endfacet
  facet normal 0 0 1
    outer loop
      vertex 24.3043 32.6118 2.8
      vertex 24.3043 29.3882 2.8
      vertex 24.3173 29.4756 2.8
    endloop
  endfacet
  facet normal 0 0 1
    outer loop
      vertex 23.1314 25.7213 2.8
      vertex 24.3043 32.6118 2.8
      vertex 24.3 32.7 2.8
    endloop
  endfacet
  facet normal 0 0 1
    outer loop
      vertex 24.3043 32.6118 2.8
      vertex 23.1314 25.7213 2.8
      vertex 24.3043 29.3882 2.8
    endloop
  endfacet
  facet normal -0 0 1
    outer loop
      vertex 26.0315 29.6444 2.8
      vertex 27.9779 28.0135 2.8
      vertex 26.0315 32.3556 2.8
    endloop
  endfacet
  facet normal -0 0 1
    outer loop
      vertex 26.0612 29.0387 2.8
      vertex 27.1 28.1 2.8
      vertex 26.0827 29.1244 2.8
    endloop
  endfacet
  facet normal 0 0 1
    outer loop
      vertex 27.1 28.1 2.8
      vertex 26.0612 29.0387 2.8
      vertex 26.6589 28.0783 2.8
    endloop
  endfacet
  facet normal -0 0 1
    outer loop
      vertex 26.0315 28.9556 2.8
      vertex 26.6589 28.0783 2.8
      vertex 26.0612 29.0387 2.8
    endloop
  endfacet
  facet normal -0 0 1
    outer loop
      vertex 25.9937 28.8757 2.8
      vertex 26.6589 28.0783 2.8
      vertex 26.0315 28.9556 2.8
    endloop
  endfacet
  facet normal -0 0 1
    outer loop
      vertex 25.9483 28.8 2.8
      vertex 26.6589 28.0783 2.8
      vertex 25.9937 28.8757 2.8
    endloop
  endfacet
  facet normal 0 0 1
    outer loop
      vertex 26.6589 28.0783 2.8
      vertex 25.9483 28.8 2.8
      vertex 26.2221 28.0135 2.8
    endloop
  endfacet
  facet normal -0 0 1
    outer loop
      vertex 25.8957 28.729 2.8
      vertex 26.2221 28.0135 2.8
      vertex 25.9483 28.8 2.8
    endloop
  endfacet
  facet normal -0 0 1
    outer loop
      vertex 25.8364 28.6636 2.8
      vertex 26.2221 28.0135 2.8
      vertex 25.8957 28.729 2.8
    endloop
  endfacet
  facet normal -0 0 1
    outer loop
      vertex 25.771 28.6043 2.8
      vertex 26.2221 28.0135 2.8
      vertex 25.8364 28.6636 2.8
    endloop
  endfacet
  facet normal -0 0 1
    outer loop
      vertex 25.7 28.5517 2.8
      vertex 26.2221 28.0135 2.8
      vertex 25.771 28.6043 2.8
    endloop
  endfacet
  facet normal 0 0 1
    outer loop
      vertex 26.2221 28.0135 2.8
      vertex 25.7 28.5517 2.8
      vertex 25.7937 27.9062 2.8
    endloop
  endfacet
  facet normal -0 0 1
    outer loop
      vertex 25.6243 28.5063 2.8
      vertex 25.7937 27.9062 2.8
      vertex 25.7 28.5517 2.8
    endloop
  endfacet
  facet normal -0 0 1
    outer loop
      vertex 25.5444 28.4685 2.8
      vertex 25.7937 27.9062 2.8
      vertex 25.6243 28.5063 2.8
    endloop
  endfacet
  facet normal -0 0 1
    outer loop
      vertex 25.4613 28.4388 2.8
      vertex 25.7937 27.9062 2.8
      vertex 25.5444 28.4685 2.8
    endloop
  endfacet
  facet normal -0 0 1
    outer loop
      vertex 25.3756 28.4173 2.8
      vertex 25.7937 27.9062 2.8
      vertex 25.4613 28.4388 2.8
    endloop
  endfacet
  facet normal 0 0 1
    outer loop
      vertex 25.7937 27.9062 2.8
      vertex 25.3756 28.4173 2.8
      vertex 25.3779 27.7575 2.8
    endloop
  endfacet
  facet normal -0 0 1
    outer loop
      vertex 25.2882 28.4043 2.8
      vertex 25.3779 27.7575 2.8
      vertex 25.3756 28.4173 2.8
    endloop
  endfacet
  facet normal -0 0 1
    outer loop
      vertex 25.2 28.4 2.8
      vertex 25.3779 27.7575 2.8
      vertex 25.2882 28.4043 2.8
    endloop
  endfacet
  facet normal 0 0 1
    outer loop
      vertex 25.1118 28.4043 2.8
      vertex 25.3779 27.7575 2.8
      vertex 25.2 28.4 2.8
    endloop
  endfacet
  facet normal 0 0 1
    outer loop
      vertex 24.9787 27.5686 2.8
      vertex 25.1118 28.4043 2.8
      vertex 25.0244 28.4173 2.8
    endloop
  endfacet
  facet normal 0 0 1
    outer loop
      vertex 25.1118 28.4043 2.8
      vertex 24.9787 27.5686 2.8
      vertex 25.3779 27.7575 2.8
    endloop
  endfacet
  facet normal 0 0 1
    outer loop
      vertex 24.9387 28.4388 2.8
      vertex 24.9787 27.5686 2.8
      vertex 25.0244 28.4173 2.8
    endloop
  endfacet
  facet normal 0 0 1
    outer loop
      vertex 24.8556 28.4685 2.8
      vertex 24.9787 27.5686 2.8
      vertex 24.9387 28.4388 2.8
    endloop
  endfacet
  facet normal 0 0 1
    outer loop
      vertex 24.7757 28.5063 2.8
      vertex 24.9787 27.5686 2.8
      vertex 24.8556 28.4685 2.8
    endloop
  endfacet
  facet normal 0 0 1
    outer loop
      vertex 24.5999 27.3416 2.8
      vertex 24.7757 28.5063 2.8
      vertex 24.7 28.5517 2.8
    endloop
  endfacet
  facet normal 0 0 1
    outer loop
      vertex 24.5999 27.3416 2.8
      vertex 24.7 28.5517 2.8
      vertex 24.629 28.6043 2.8
    endloop
  endfacet
  facet normal 0 0 1
    outer loop
      vertex 24.7757 28.5063 2.8
      vertex 24.5999 27.3416 2.8
      vertex 24.9787 27.5686 2.8
    endloop
  endfacet
  facet normal 0 0 1
    outer loop
      vertex 24.5636 28.6636 2.8
      vertex 24.5999 27.3416 2.8
      vertex 24.629 28.6043 2.8
    endloop
  endfacet
  facet normal 0 0 1
    outer loop
      vertex 24.2452 27.0785 2.8
      vertex 24.5636 28.6636 2.8
      vertex 24.5043 28.729 2.8
    endloop
  endfacet
  facet normal 0 0 1
    outer loop
      vertex 24.2452 27.0785 2.8
      vertex 24.5043 28.729 2.8
      vertex 24.4517 28.8 2.8
    endloop
  endfacet
  facet normal 0 0 1
    outer loop
      vertex 24.2452 27.0785 2.8
      vertex 24.4517 28.8 2.8
      vertex 24.4063 28.8757 2.8
    endloop
  endfacet
  facet normal 0 0 1
    outer loop
      vertex 24.2452 27.0785 2.8
      vertex 24.4063 28.8757 2.8
      vertex 24.3685 28.9556 2.8
    endloop
  endfacet
  facet normal 0 0 1
    outer loop
      vertex 24.2452 27.0785 2.8
      vertex 24.3685 28.9556 2.8
      vertex 24.3388 29.0387 2.8
    endloop
  endfacet
  facet normal 0 0 1
    outer loop
      vertex 24.2452 27.0785 2.8
      vertex 24.3388 29.0387 2.8
      vertex 24.3173 29.1244 2.8
    endloop
  endfacet
  facet normal 0 0 1
    outer loop
      vertex 24.5636 28.6636 2.8
      vertex 24.2452 27.0785 2.8
      vertex 24.5999 27.3416 2.8
    endloop
  endfacet
  facet normal 0 0 1
    outer loop
      vertex 24.3043 29.2118 2.8
      vertex 24.2452 27.0785 2.8
      vertex 24.3173 29.1244 2.8
    endloop
  endfacet
  facet normal 0 0 1
    outer loop
      vertex 24.2452 27.0785 2.8
      vertex 24.3043 29.2118 2.8
      vertex 24.3 29.3 2.8
    endloop
  endfacet
  facet normal -0 0 1
    outer loop
      vertex 54.3 23.5 2.8
      vertex 55.7 20.9 2.8
      vertex 55.7 23.5 2.8
    endloop
  endfacet
  facet normal 0 0 1
    outer loop
      vertex 52.8 20.9 2.8
      vertex 54.3 23.5 2.8
      vertex 53.1 23.5 2.8
    endloop
  endfacet
  facet normal 0 0 1
    outer loop
      vertex 52.8 20.9 2.8
      vertex 53.1 23.5 2.8
      vertex 52.8 23.5 2.8
    endloop
  endfacet
  facet normal 0 0 1
    outer loop
      vertex 54.3 23.5 2.8
      vertex 52.8 20.9 2.8
      vertex 55.7 20.9 2.8
    endloop
  endfacet
  facet normal -0 0 1
    outer loop
      vertex 35.1 23.5 2.8
      vertex 35.4 20.9 2.8
      vertex 35.4 23.5 2.8
    endloop
  endfacet
  facet normal -0 0 1
    outer loop
      vertex 33.9 23.5 2.8
      vertex 35.4 20.9 2.8
      vertex 35.1 23.5 2.8
    endloop
  endfacet
  facet normal 0 0 1
    outer loop
      vertex 33.2 20.9 2.8
      vertex 33.9 23.5 2.8
      vertex 33.2 23.5 2.8
    endloop
  endfacet
  facet normal 0 0 1
    outer loop
      vertex 33.9 23.5 2.8
      vertex 33.2 20.9 2.8
      vertex 35.4 20.9 2.8
    endloop
  endfacet
  facet normal 0 0 1
    outer loop
      vertex 39.6 26.3 8.2
      vertex 35.1 24.7 8.2
      vertex 39.6 24.7 8.2
    endloop
  endfacet
  facet normal 0 0 1
    outer loop
      vertex 35.1 24.7 8.2
      vertex 33.9 24.7 8.2
      vertex 35.1 23.5 8.2
    endloop
  endfacet
  facet normal -0 0 1
    outer loop
      vertex 33.6 26.3 8.2
      vertex 35.1 24.7 8.2
      vertex 39.6 26.3 8.2
    endloop
  endfacet
  facet normal 0 0 1
    outer loop
      vertex 35.1 24.7 8.2
      vertex 33.6 26.3 8.2
      vertex 33.9 24.7 8.2
    endloop
  endfacet
  facet normal 0 0 1
    outer loop
      vertex 33.9 24.7 8.2
      vertex 33.6 26.3 8.2
      vertex 33.6 24.7 8.2
    endloop
  endfacet
  facet normal 0 0 1
    outer loop
      vertex 35.1 23.5 8.2
      vertex 33.9 24.7 8.2
      vertex 33.9 23.5 8.2
    endloop
  endfacet
  facet normal 0 0 1
    outer loop
      vertex 54.6 26.3 8.2
      vertex 54.3 24.7 8.2
      vertex 54.6 24.7 8.2
    endloop
  endfacet
  facet normal 0 0 1
    outer loop
      vertex 54.3 24.7 8.2
      vertex 53.1 24.7 8.2
      vertex 54.3 23.5 8.2
    endloop
  endfacet
  facet normal 0 0 1
    outer loop
      vertex 54.6 26.3 8.2
      vertex 53.1 24.7 8.2
      vertex 54.3 24.7 8.2
    endloop
  endfacet
  facet normal -0 0 1
    outer loop
      vertex 48.6 26.3 8.2
      vertex 53.1 24.7 8.2
      vertex 54.6 26.3 8.2
    endloop
  endfacet
  facet normal 0 0 1
    outer loop
      vertex 53.1 24.7 8.2
      vertex 48.6 26.3 8.2
      vertex 48.6 24.7 8.2
    endloop
  endfacet
  facet normal 0 0 1
    outer loop
      vertex 54.3 23.5 8.2
      vertex 53.1 24.7 8.2
      vertex 53.1 23.5 8.2
    endloop
  endfacet
  facet normal -0 0 1
    outer loop
      vertex 43.1 26.3 8.2
      vertex 45.1 24.7 8.2
      vertex 45.1 26.3 8.2
    endloop
  endfacet
  facet normal 0 0 1
    outer loop
      vertex 45.1 24.7 8.2
      vertex 43.1 26.3 8.2
      vertex 43.1 24.7 8.2
    endloop
  endfacet
  facet normal -0 0 1
    outer loop
      vertex 53.1 6.5 8.2
      vertex 54.3 3.3 8.2
      vertex 54.3 6.5 8.2
    endloop
  endfacet
  facet normal 0 0 1
    outer loop
      vertex 54.3 3.3 8.2
      vertex 53.1 6.5 8.2
      vertex 53.1 3.3 8.2
    endloop
  endfacet
  facet normal -0 0 1
    outer loop
      vertex 53.1 12.3 8.2
      vertex 54.3 7.3 8.2
      vertex 54.3 12.3 8.2
    endloop
  endfacet
  facet normal 0 0 1
    outer loop
      vertex 54.3 7.3 8.2
      vertex 53.1 12.3 8.2
      vertex 53.1 7.3 8.2
    endloop
  endfacet
  facet normal -0 0 1
    outer loop
      vertex 53.1 20.7 8.2
      vertex 54.3 15.7 8.2
      vertex 54.3 20.7 8.2
    endloop
  endfacet
  facet normal 0 0 1
    outer loop
      vertex 54.3 15.7 8.2
      vertex 53.1 20.7 8.2
      vertex 53.1 15.7 8.2
    endloop
  endfacet
  facet normal 1 -0 0
    outer loop
      vertex 54.3 23.5 8.2
      vertex 54.3 24.7 2.8
      vertex 54.3 24.7 8.2
    endloop
  endfacet
  facet normal 1 0 0
    outer loop
      vertex 54.3 24.7 2.8
      vertex 54.3 23.5 8.2
      vertex 54.3 23.5 2.8
    endloop
  endfacet
  facet normal 1 -0 0
    outer loop
      vertex 54.3 3.3 8.2
      vertex 54.3 6.5 2.8
      vertex 54.3 6.5 8.2
    endloop
  endfacet
  facet normal 1 0 0
    outer loop
      vertex 54.3 6.5 2.8
      vertex 54.3 3.3 8.2
      vertex 54.3 3.3 2.8
    endloop
  endfacet
  facet normal 1 -0 0
    outer loop
      vertex 54.3 7.3 8.2
      vertex 54.3 12.3 2.8
      vertex 54.3 12.3 8.2
    endloop
  endfacet
  facet normal 1 0 0
    outer loop
      vertex 54.3 12.3 2.8
      vertex 54.3 7.3 8.2
      vertex 54.3 7.3 2.8
    endloop
  endfacet
  facet normal 1 -0 0
    outer loop
      vertex 54.3 15.7 8.2
      vertex 54.3 20.7 2.8
      vertex 54.3 20.7 8.2
    endloop
  endfacet
  facet normal 1 0 0
    outer loop
      vertex 54.3 20.7 2.8
      vertex 54.3 15.7 8.2
      vertex 54.3 15.7 2.8
    endloop
  endfacet
  facet normal 0 -1 0
    outer loop
      vertex 53.1 3.3 2.8
      vertex 54.3 3.3 8.2
      vertex 53.1 3.3 8.2
    endloop
  endfacet
  facet normal 0 -1 -0
    outer loop
      vertex 54.3 3.3 8.2
      vertex 53.1 3.3 2.8
      vertex 54.3 3.3 2.8
    endloop
  endfacet
  facet normal 0 1 0
    outer loop
      vertex 52.6 12.1 5.60001
      vertex 53.1 12.1 7.45715
      vertex 53.1 12.1 5.60001
    endloop
  endfacet
  facet normal -0.965616 0 0.259974
    outer loop
      vertex 52.6 7.5 5.60001
      vertex 53.1 12.1 7.45715
      vertex 52.6 12.1 5.60001
    endloop
  endfacet
  facet normal -0.965616 0 0.259974
    outer loop
      vertex 53.1 12.1 7.45715
      vertex 52.6 7.5 5.60001
      vertex 53.1 7.5 7.45715
    endloop
  endfacet
  facet normal 0 -1 0
    outer loop
      vertex 53.1 7.5 5.60001
      vertex 53.1 7.5 7.45715
      vertex 52.6 7.5 5.60001
    endloop
  endfacet
  facet normal 0 0 -1
    outer loop
      vertex 52.6 7.5 5.60001
      vertex 53.1 12.1 5.60001
      vertex 53.1 7.5 5.60001
    endloop
  endfacet
  facet normal -0 0 -1
    outer loop
      vertex 53.1 12.1 5.60001
      vertex 52.6 7.5 5.60001
      vertex 52.6 12.1 5.60001
    endloop
  endfacet
  facet normal 0 1 0
    outer loop
      vertex 52.6 20.5 5.60001
      vertex 53.1 20.5 7.45715
      vertex 53.1 20.5 5.60001
    endloop
  endfacet
  facet normal -0.965616 0 0.259974
    outer loop
      vertex 52.6 15.9 5.60001
      vertex 53.1 20.5 7.45715
      vertex 52.6 20.5 5.60001
    endloop
  endfacet
  facet normal -0.965616 0 0.259974
    outer loop
      vertex 53.1 20.5 7.45715
      vertex 52.6 15.9 5.60001
      vertex 53.1 15.9 7.45715
    endloop
  endfacet
  facet normal 0 -1 0
    outer loop
      vertex 53.1 15.9 5.60001
      vertex 53.1 15.9 7.45715
      vertex 52.6 15.9 5.60001
    endloop
  endfacet
  facet normal 0 0 -1
    outer loop
      vertex 52.6 15.9 5.60001
      vertex 53.1 20.5 5.60001
      vertex 53.1 15.9 5.60001
    endloop
  endfacet
  facet normal -0 0 -1
    outer loop
      vertex 53.1 20.5 5.60001
      vertex 52.6 15.9 5.60001
      vertex 52.6 20.5 5.60001
    endloop
  endfacet
  facet normal 0 -1 0
    outer loop
      vertex 33.9 7.3 2.8
      vertex 35.1 7.3 8.2
      vertex 33.9 7.3 8.2
    endloop
  endfacet
  facet normal 0 -1 -0
    outer loop
      vertex 35.1 7.3 8.2
      vertex 33.9 7.3 2.8
      vertex 35.1 7.3 2.8
    endloop
  endfacet
  facet normal 0 1 -0
    outer loop
      vertex 35.1 6.5 2.8
      vertex 33.9 6.5 8.2
      vertex 35.1 6.5 8.2
    endloop
  endfacet
  facet normal 0 1 0
    outer loop
      vertex 33.9 6.5 8.2
      vertex 35.1 6.5 2.8
      vertex 33.9 6.5 2.8
    endloop
  endfacet
  facet normal 0 1 -0
    outer loop
      vertex 35.1 12.3 2.8
      vertex 33.9 12.3 8.2
      vertex 35.1 12.3 8.2
    endloop
  endfacet
  facet normal 0 1 0
    outer loop
      vertex 33.9 12.3 8.2
      vertex 35.1 12.3 2.8
      vertex 33.9 12.3 2.8
    endloop
  endfacet
  facet normal 0 -1 0
    outer loop
      vertex 33.9 15.7 2.8
      vertex 35.1 15.7 8.2
      vertex 33.9 15.7 8.2
    endloop
  endfacet
  facet normal 0 -1 -0
    outer loop
      vertex 35.1 15.7 8.2
      vertex 33.9 15.7 2.8
      vertex 35.1 15.7 2.8
    endloop
  endfacet
  facet normal 0 1 -0
    outer loop
      vertex 35.1 20.7 2.8
      vertex 33.9 20.7 8.2
      vertex 35.1 20.7 8.2
    endloop
  endfacet
  facet normal 0 1 0
    outer loop
      vertex 33.9 20.7 8.2
      vertex 35.1 20.7 2.8
      vertex 33.9 20.7 2.8
    endloop
  endfacet
  facet normal 1 -0 0
    outer loop
      vertex 35.1 23.5 8.2
      vertex 35.1 24.7 2.8
      vertex 35.1 24.7 8.2
    endloop
  endfacet
  facet normal 1 0 0
    outer loop
      vertex 35.1 24.7 2.8
      vertex 35.1 23.5 8.2
      vertex 35.1 23.5 2.8
    endloop
  endfacet
  facet normal 1 -0 0
    outer loop
      vertex 35.1 3.3 8.2
      vertex 35.1 6.5 2.8
      vertex 35.1 6.5 8.2
    endloop
  endfacet
  facet normal 1 0 0
    outer loop
      vertex 35.1 6.5 2.8
      vertex 35.1 3.3 8.2
      vertex 35.1 3.3 2.8
    endloop
  endfacet
  facet normal 1 0 0
    outer loop
      vertex 35.1 12.1 5.60001
      vertex 35.1 12.3 8.2
      vertex 35.1 12.1 7.45715
    endloop
  endfacet
  facet normal 1 0 0
    outer loop
      vertex 35.1 12.3 8.2
      vertex 35.1 7.5 7.45715
      vertex 35.1 12.1 7.45715
    endloop
  endfacet
  facet normal 1 0 0
    outer loop
      vertex 35.1 7.5 7.45715
      vertex 35.1 7.3 8.2
      vertex 35.1 7.5 5.60001
    endloop
  endfacet
  facet normal 1 -0 0
    outer loop
      vertex 35.1 7.3 8.2
      vertex 35.1 7.5 7.45715
      vertex 35.1 12.3 8.2
    endloop
  endfacet
  facet normal 1 0 0
    outer loop
      vertex 35.1 12.3 8.2
      vertex 35.1 12.1 5.60001
      vertex 35.1 12.3 2.8
    endloop
  endfacet
  facet normal 1 -0 0
    outer loop
      vertex 35.1 7.5 5.60001
      vertex 35.1 12.3 2.8
      vertex 35.1 12.1 5.60001
    endloop
  endfacet
  facet normal 1 0 0
    outer loop
      vertex 35.1 7.5 5.60001
      vertex 35.1 7.3 2.8
      vertex 35.1 12.3 2.8
    endloop
  endfacet
  facet normal 1 0 0
    outer loop
      vertex 35.1 7.3 2.8
      vertex 35.1 7.5 5.60001
      vertex 35.1 7.3 8.2
    endloop
  endfacet
  facet normal 1 0 0
    outer loop
      vertex 35.1 20.5 5.60001
      vertex 35.1 20.7 8.2
      vertex 35.1 20.5 7.45715
    endloop
  endfacet
  facet normal 1 0 0
    outer loop
      vertex 35.1 20.7 8.2
      vertex 35.1 15.9 7.45715
      vertex 35.1 20.5 7.45715
    endloop
  endfacet
  facet normal 1 0 0
    outer loop
      vertex 35.1 15.9 7.45715
      vertex 35.1 15.7 8.2
      vertex 35.1 15.9 5.60001
    endloop
  endfacet
  facet normal 1 -0 0
    outer loop
      vertex 35.1 15.7 8.2
      vertex 35.1 15.9 7.45715
      vertex 35.1 20.7 8.2
    endloop
  endfacet
  facet normal 1 0 0
    outer loop
      vertex 35.1 20.7 8.2
      vertex 35.1 20.5 5.60001
      vertex 35.1 20.7 2.8
    endloop
  endfacet
  facet normal 1 -0 0
    outer loop
      vertex 35.1 15.9 5.60001
      vertex 35.1 20.7 2.8
      vertex 35.1 20.5 5.60001
    endloop
  endfacet
  facet normal 1 0 0
    outer loop
      vertex 35.1 15.9 5.60001
      vertex 35.1 15.7 2.8
      vertex 35.1 20.7 2.8
    endloop
  endfacet
  facet normal 1 0 0
    outer loop
      vertex 35.1 15.7 2.8
      vertex 35.1 15.9 5.60001
      vertex 35.1 15.7 8.2
    endloop
  endfacet
  facet normal -0 0 1
    outer loop
      vertex 33.9 6.5 8.2
      vertex 35.1 3.3 8.2
      vertex 35.1 6.5 8.2
    endloop
  endfacet
  facet normal 0 0 1
    outer loop
      vertex 35.1 3.3 8.2
      vertex 33.9 6.5 8.2
      vertex 33.9 3.3 8.2
    endloop
  endfacet
  facet normal -0 0 1
    outer loop
      vertex 33.9 12.3 8.2
      vertex 35.1 7.3 8.2
      vertex 35.1 12.3 8.2
    endloop
  endfacet
  facet normal 0 0 1
    outer loop
      vertex 35.1 7.3 8.2
      vertex 33.9 12.3 8.2
      vertex 33.9 7.3 8.2
    endloop
  endfacet
  facet normal -0 0 1
    outer loop
      vertex 33.9 20.7 8.2
      vertex 35.1 15.7 8.2
      vertex 35.1 20.7 8.2
    endloop
  endfacet
  facet normal 0 0 1
    outer loop
      vertex 35.1 15.7 8.2
      vertex 33.9 20.7 8.2
      vertex 33.9 15.7 8.2
    endloop
  endfacet
  facet normal -1 0 0
    outer loop
      vertex 33.9 23.5 2.8
      vertex 33.9 24.7 8.2
      vertex 33.9 24.7 2.8
    endloop
  endfacet
  facet normal -1 -0 0
    outer loop
      vertex 33.9 24.7 8.2
      vertex 33.9 23.5 2.8
      vertex 33.9 23.5 8.2
    endloop
  endfacet
  facet normal -1 0 0
    outer loop
      vertex 33.9 3.3 2.8
      vertex 33.9 6.5 8.2
      vertex 33.9 6.5 2.8
    endloop
  endfacet
  facet normal -1 -0 0
    outer loop
      vertex 33.9 6.5 8.2
      vertex 33.9 3.3 2.8
      vertex 33.9 3.3 8.2
    endloop
  endfacet
  facet normal -1 0 0
    outer loop
      vertex 33.9 7.3 2.8
      vertex 33.9 12.3 8.2
      vertex 33.9 12.3 2.8
    endloop
  endfacet
  facet normal -1 -0 0
    outer loop
      vertex 33.9 12.3 8.2
      vertex 33.9 7.3 2.8
      vertex 33.9 7.3 8.2
    endloop
  endfacet
  facet normal -1 0 0
    outer loop
      vertex 33.9 15.7 2.8
      vertex 33.9 20.7 8.2
      vertex 33.9 20.7 2.8
    endloop
  endfacet
  facet normal -1 -0 0
    outer loop
      vertex 33.9 20.7 8.2
      vertex 33.9 15.7 2.8
      vertex 33.9 15.7 8.2
    endloop
  endfacet
  facet normal 0 -1 0
    outer loop
      vertex 33.9 3.3 2.8
      vertex 35.1 3.3 8.2
      vertex 33.9 3.3 8.2
    endloop
  endfacet
  facet normal 0 -1 -0
    outer loop
      vertex 35.1 3.3 8.2
      vertex 33.9 3.3 2.8
      vertex 35.1 3.3 2.8
    endloop
  endfacet
  facet normal 0 1 0
    outer loop
      vertex 35.1 12.1 5.60001
      vertex 35.1 12.1 7.45715
      vertex 35.6 12.1 5.60001
    endloop
  endfacet
  facet normal 0.965616 -0 0.259974
    outer loop
      vertex 35.1 7.5 7.45715
      vertex 35.6 12.1 5.60001
      vertex 35.1 12.1 7.45715
    endloop
  endfacet
  facet normal 0.965616 0 0.259974
    outer loop
      vertex 35.6 12.1 5.60001
      vertex 35.1 7.5 7.45715
      vertex 35.6 7.5 5.60001
    endloop
  endfacet
  facet normal 0 -1 0
    outer loop
      vertex 35.1 7.5 7.45715
      vertex 35.1 7.5 5.60001
      vertex 35.6 7.5 5.60001
    endloop
  endfacet
  facet normal 0 0 -1
    outer loop
      vertex 35.1 7.5 5.60001
      vertex 35.6 12.1 5.60001
      vertex 35.6 7.5 5.60001
    endloop
  endfacet
  facet normal -0 0 -1
    outer loop
      vertex 35.6 12.1 5.60001
      vertex 35.1 7.5 5.60001
      vertex 35.1 12.1 5.60001
    endloop
  endfacet
  facet normal 0 1 0
    outer loop
      vertex 35.1 20.5 5.60001
      vertex 35.1 20.5 7.45715
      vertex 35.6 20.5 5.60001
    endloop
  endfacet
  facet normal 0.965616 -0 0.259974
    outer loop
      vertex 35.1 15.9 7.45715
      vertex 35.6 20.5 5.60001
      vertex 35.1 20.5 7.45715
    endloop
  endfacet
  facet normal 0.965616 0 0.259974
    outer loop
      vertex 35.6 20.5 5.60001
      vertex 35.1 15.9 7.45715
      vertex 35.6 15.9 5.60001
    endloop
  endfacet
  facet normal 0 -1 0
    outer loop
      vertex 35.1 15.9 7.45715
      vertex 35.1 15.9 5.60001
      vertex 35.6 15.9 5.60001
    endloop
  endfacet
  facet normal 0 0 -1
    outer loop
      vertex 35.1 15.9 5.60001
      vertex 35.6 20.5 5.60001
      vertex 35.6 15.9 5.60001
    endloop
  endfacet
  facet normal -0 0 -1
    outer loop
      vertex 35.6 20.5 5.60001
      vertex 35.1 15.9 5.60001
      vertex 35.1 20.5 5.60001
    endloop
  endfacet
  facet normal 1 -0 0
    outer loop
      vertex 54.24 32.2 5.3
      vertex 54.24 38 2.8
      vertex 54.24 38 5.3
    endloop
  endfacet
  facet normal 1 0 0
    outer loop
      vertex 54.24 38 2.8
      vertex 54.24 32.2 5.3
      vertex 54.24 32.2 2.8
    endloop
  endfacet
  facet normal 0 -1 0
    outer loop
      vertex 54.24 38 2.8
      vertex 54.25 38 5.3
      vertex 54.24 38 5.3
    endloop
  endfacet
  facet normal 0 -1 -0
    outer loop
      vertex 54.25 38 5.3
      vertex 54.24 38 2.8
      vertex 54.25 38 2.8
    endloop
  endfacet
  facet normal 0 1 -0
    outer loop
      vertex 54.25 32.2 2.8
      vertex 54.24 32.2 5.3
      vertex 54.25 32.2 5.3
    endloop
  endfacet
  facet normal 0 1 0
    outer loop
      vertex 54.24 32.2 5.3
      vertex 54.25 32.2 2.8
      vertex 54.24 32.2 2.8
    endloop
  endfacet
  facet normal -1 0 0
    outer loop
      vertex 32.26 32.2 2.8
      vertex 32.26 38 5.3
      vertex 32.26 38 2.8
    endloop
  endfacet
  facet normal -1 -0 0
    outer loop
      vertex 32.26 38 5.3
      vertex 32.26 32.2 2.8
      vertex 32.26 32.2 5.3
    endloop
  endfacet
  facet normal 0 -1 0
    outer loop
      vertex 32.25 38 2.8
      vertex 32.26 38 5.3
      vertex 32.25 38 5.3
    endloop
  endfacet
  facet normal 0 -1 -0
    outer loop
      vertex 32.26 38 5.3
      vertex 32.25 38 2.8
      vertex 32.26 38 2.8
    endloop
  endfacet
  facet normal 0 1 -0
    outer loop
      vertex 32.26 32.2 2.8
      vertex 32.25 32.2 5.3
      vertex 32.26 32.2 5.3
    endloop
  endfacet
  facet normal 0 1 0
    outer loop
      vertex 32.25 32.2 5.3
      vertex 32.26 32.2 2.8
      vertex 32.25 32.2 2.8
    endloop
  endfacet
  facet normal -1 0 0
    outer loop
      vertex 32.25 38 2.8
      vertex 32.25 42.85 5.3
      vertex 32.25 42.85 2.8
    endloop
  endfacet
  facet normal -1 -0 0
    outer loop
      vertex 32.25 42.85 5.3
      vertex 32.25 38 2.8
      vertex 32.25 38 5.3
    endloop
  endfacet
  facet normal -1 0 0
    outer loop
      vertex 32.25 27.35 2.8
      vertex 32.25 32.2 5.3
      vertex 32.25 32.2 2.8
    endloop
  endfacet
  facet normal -1 -0 0
    outer loop
      vertex 32.25 32.2 5.3
      vertex 32.25 27.35 2.8
      vertex 32.25 27.35 5.3
    endloop
  endfacet
  facet normal 0 0 1
    outer loop
      vertex 32.26 32.2 5.3
      vertex 33.35 32.6 5.3
      vertex 33.2 32.6 5.3
    endloop
  endfacet
  facet normal -0 0 1
    outer loop
      vertex 53.15 41.75 5.3
      vertex 54.25 38 5.3
      vertex 54.25 42.85 5.3
    endloop
  endfacet
  facet normal 0 0 1
    outer loop
      vertex 54.24 38 5.3
      vertex 53.3 37.6 5.3
      vertex 54.24 32.2 5.3
    endloop
  endfacet
  facet normal 0 0 1
    outer loop
      vertex 54.25 38 5.3
      vertex 53.15 41.75 5.3
      vertex 54.24 38 5.3
    endloop
  endfacet
  facet normal 0 0 1
    outer loop
      vertex 53.15 37.6 5.3
      vertex 54.24 38 5.3
      vertex 53.15 41.75 5.3
    endloop
  endfacet
  facet normal 0 0 1
    outer loop
      vertex 54.25 42.85 5.3
      vertex 33.35 41.75 5.3
      vertex 53.15 41.75 5.3
    endloop
  endfacet
  facet normal -0 0 1
    outer loop
      vertex 32.26 38 5.3
      vertex 33.35 37.6 5.3
      vertex 33.35 41.75 5.3
    endloop
  endfacet
  facet normal 0 0 1
    outer loop
      vertex 33.2 37.6 5.3
      vertex 32.26 38 5.3
      vertex 33.2 32.6 5.3
    endloop
  endfacet
  facet normal 0 0 1
    outer loop
      vertex 33.35 37.6 5.3
      vertex 32.26 38 5.3
      vertex 33.2 37.6 5.3
    endloop
  endfacet
  facet normal -0 0 1
    outer loop
      vertex 32.25 42.85 5.3
      vertex 33.35 41.75 5.3
      vertex 54.25 42.85 5.3
    endloop
  endfacet
  facet normal 0 0 1
    outer loop
      vertex 32.25 38 5.3
      vertex 33.35 41.75 5.3
      vertex 32.25 42.85 5.3
    endloop
  endfacet
  facet normal 0 0 1
    outer loop
      vertex 33.35 41.75 5.3
      vertex 32.25 38 5.3
      vertex 32.26 38 5.3
    endloop
  endfacet
  facet normal 0 0 1
    outer loop
      vertex 53.15 28.45 5.3
      vertex 54.25 32.2 5.3
      vertex 54.24 32.2 5.3
    endloop
  endfacet
  facet normal -0 0 1
    outer loop
      vertex 53.3 32.6 5.3
      vertex 54.24 32.2 5.3
      vertex 53.3 37.6 5.3
    endloop
  endfacet
  facet normal -0 0 1
    outer loop
      vertex 53.15 32.6 5.3
      vertex 54.24 32.2 5.3
      vertex 53.3 32.6 5.3
    endloop
  endfacet
  facet normal 0 0 1
    outer loop
      vertex 54.24 32.2 5.3
      vertex 53.15 32.6 5.3
      vertex 53.15 28.45 5.3
    endloop
  endfacet
  facet normal 0 0 1
    outer loop
      vertex 54.25 32.2 5.3
      vertex 53.15 28.45 5.3
      vertex 54.25 27.35 5.3
    endloop
  endfacet
  facet normal 0 0 1
    outer loop
      vertex 48.25 27.35 5.3
      vertex 53.15 28.45 5.3
      vertex 48.25 28.45 5.3
    endloop
  endfacet
  facet normal 0 0 1
    outer loop
      vertex 53.15 28.45 5.3
      vertex 48.25 27.35 5.3
      vertex 54.25 27.35 5.3
    endloop
  endfacet
  facet normal 0 0 1
    outer loop
      vertex 54.24 38 5.3
      vertex 53.15 37.6 5.3
      vertex 53.3 37.6 5.3
    endloop
  endfacet
  facet normal -0 0 1
    outer loop
      vertex 33.35 28.45 5.3
      vertex 38.25 27.35 5.3
      vertex 38.25 28.45 5.3
    endloop
  endfacet
  facet normal 0 0 1
    outer loop
      vertex 32.26 32.2 5.3
      vertex 33.2 32.6 5.3
      vertex 32.26 38 5.3
    endloop
  endfacet
  facet normal 0 0 1
    outer loop
      vertex 33.35 32.6 5.3
      vertex 32.26 32.2 5.3
      vertex 33.35 28.45 5.3
    endloop
  endfacet
  facet normal -0 0 1
    outer loop
      vertex 32.25 32.2 5.3
      vertex 33.35 28.45 5.3
      vertex 32.26 32.2 5.3
    endloop
  endfacet
  facet normal 0 0 1
    outer loop
      vertex 33.35 28.45 5.3
      vertex 32.25 27.35 5.3
      vertex 38.25 27.35 5.3
    endloop
  endfacet
  facet normal 0 0 1
    outer loop
      vertex 32.25 27.35 5.3
      vertex 33.35 28.45 5.3
      vertex 32.25 32.2 5.3
    endloop
  endfacet
  facet normal 1 -0 0
    outer loop
      vertex 54.25 38 5.3
      vertex 54.25 42.85 2.8
      vertex 54.25 42.85 5.3
    endloop
  endfacet
  facet normal 1 0 0
    outer loop
      vertex 54.25 42.85 2.8
      vertex 54.25 38 5.3
      vertex 54.25 38 2.8
    endloop
  endfacet
  facet normal 1 -0 0
    outer loop
      vertex 54.25 27.35 5.3
      vertex 54.25 32.2 2.8
      vertex 54.25 32.2 5.3
    endloop
  endfacet
  facet normal 1 0 0
    outer loop
      vertex 54.25 32.2 2.8
      vertex 54.25 27.35 5.3
      vertex 54.25 27.35 2.8
    endloop
  endfacet
  facet normal 0 1 -0
    outer loop
      vertex 54.25 42.85 2.8
      vertex 32.25 42.85 5.3
      vertex 54.25 42.85 5.3
    endloop
  endfacet
  facet normal 0 1 0
    outer loop
      vertex 32.25 42.85 5.3
      vertex 54.25 42.85 2.8
      vertex 32.25 42.85 2.8
    endloop
  endfacet
  facet normal 0 -1 0
    outer loop
      vertex 48.25 27.35 2.8
      vertex 54.25 27.35 5.3
      vertex 48.25 27.35 5.3
    endloop
  endfacet
  facet normal 0 -1 -0
    outer loop
      vertex 54.25 27.35 5.3
      vertex 48.25 27.35 2.8
      vertex 54.25 27.35 2.8
    endloop
  endfacet
  facet normal 0 -1 0
    outer loop
      vertex 32.25 27.35 2.8
      vertex 38.25 27.35 5.3
      vertex 32.25 27.35 5.3
    endloop
  endfacet
  facet normal 0 -1 -0
    outer loop
      vertex 38.25 27.35 5.3
      vertex 32.25 27.35 2.8
      vertex 38.25 27.35 2.8
    endloop
  endfacet
  facet normal 1 0 0
    outer loop
      vertex 33.85 32.6 4.69
      vertex 33.85 28.95 4.69
      vertex 33.85 32.6 2.80001
    endloop
  endfacet
  facet normal 1 -0 0
    outer loop
      vertex 33.85 37.6 4.69
      vertex 33.85 41.25 2.8
      vertex 33.85 41.25 4.69
    endloop
  endfacet
  facet normal 1 -0 0
    outer loop
      vertex 33.85 37.6 2.80001
      vertex 33.85 41.25 2.8
      vertex 33.85 37.6 4.69
    endloop
  endfacet
  facet normal 1 -0 0
    outer loop
      vertex 33.85 32.6 2.80001
      vertex 33.85 41.25 2.8
      vertex 33.85 37.6 2.80001
    endloop
  endfacet
  facet normal 1 0 0
    outer loop
      vertex 33.85 32.6 2.80001
      vertex 33.85 28.95 2.8
      vertex 33.85 41.25 2.8
    endloop
  endfacet
  facet normal 1 0 0
    outer loop
      vertex 33.85 28.95 2.8
      vertex 33.85 32.6 2.80001
      vertex 33.85 28.95 4.69
    endloop
  endfacet
  facet normal -1 0 0
    outer loop
      vertex 52.65 41.25 2.8
      vertex 52.65 37.6 2.80001
      vertex 52.65 41.25 4.69
    endloop
  endfacet
  facet normal -1 0 0
    outer loop
      vertex 52.65 41.25 2.8
      vertex 52.65 32.6 2.80001
      vertex 52.65 37.6 2.80001
    endloop
  endfacet
  facet normal -1 0 0
    outer loop
      vertex 52.65 28.95 2.8
      vertex 52.65 32.6 2.80001
      vertex 52.65 41.25 2.8
    endloop
  endfacet
  facet normal -1 0 0
    outer loop
      vertex 52.65 28.95 2.8
      vertex 52.65 32.6 4.69
      vertex 52.65 32.6 2.80001
    endloop
  endfacet
  facet normal -1 -0 0
    outer loop
      vertex 52.65 32.6 4.69
      vertex 52.65 28.95 2.8
      vertex 52.65 28.95 4.69
    endloop
  endfacet
  facet normal -1 -0 0
    outer loop
      vertex 52.65 41.25 4.69
      vertex 52.65 37.6 2.80001
      vertex 52.65 37.6 4.69
    endloop
  endfacet
  facet normal 0 -1 0
    outer loop
      vertex 33.85 41.25 2.8
      vertex 52.65 41.25 4.69
      vertex 33.85 41.25 4.69
    endloop
  endfacet
  facet normal 0 -1 -0
    outer loop
      vertex 52.65 41.25 4.69
      vertex 33.85 41.25 2.8
      vertex 52.65 41.25 2.8
    endloop
  endfacet
  facet normal 0 1 -0
    outer loop
      vertex 52.65 28.95 2.8
      vertex 48.25 28.95 4.69
      vertex 52.65 28.95 4.69
    endloop
  endfacet
  facet normal 0 1 0
    outer loop
      vertex 48.25 28.95 4.69
      vertex 52.65 28.95 2.8
      vertex 48.25 28.95 2.8
    endloop
  endfacet
  facet normal 0 1 -0
    outer loop
      vertex 38.25 28.95 2.8
      vertex 33.85 28.95 4.69
      vertex 38.25 28.95 4.69
    endloop
  endfacet
  facet normal 0 1 0
    outer loop
      vertex 33.85 28.95 4.69
      vertex 38.25 28.95 2.8
      vertex 33.85 28.95 2.8
    endloop
  endfacet
  facet normal -0.773392 0 0.633928
    outer loop
      vertex 52.65 28.95 4.69
      vertex 53.15 32.6 5.3
      vertex 52.65 32.6 4.69
    endloop
  endfacet
  facet normal -0.773392 0 0.633928
    outer loop
      vertex 53.15 32.6 5.3
      vertex 52.65 28.95 4.69
      vertex 53.15 28.45 5.3
    endloop
  endfacet
  facet normal -0.773392 0 0.633928
    outer loop
      vertex 53.15 37.6 5.3
      vertex 52.65 41.25 4.69
      vertex 52.65 37.6 4.69
    endloop
  endfacet
  facet normal -0.773392 0 0.633928
    outer loop
      vertex 52.65 41.25 4.69
      vertex 53.15 37.6 5.3
      vertex 53.15 41.75 5.3
    endloop
  endfacet
  facet normal -0 0.773392 0.633928
    outer loop
      vertex 33.85 28.95 4.69
      vertex 38.25 28.45 5.3
      vertex 38.25 28.95 4.69
    endloop
  endfacet
  facet normal 0 0.773392 0.633928
    outer loop
      vertex 38.25 28.45 5.3
      vertex 33.85 28.95 4.69
      vertex 33.35 28.45 5.3
    endloop
  endfacet
  facet normal 0 0.773392 0.633928
    outer loop
      vertex 52.65 28.95 4.69
      vertex 48.25 28.45 5.3
      vertex 53.15 28.45 5.3
    endloop
  endfacet
  facet normal 0 0.773392 0.633928
    outer loop
      vertex 48.25 28.45 5.3
      vertex 52.65 28.95 4.69
      vertex 48.25 28.95 4.69
    endloop
  endfacet
  facet normal 0 -0.773392 0.633928
    outer loop
      vertex 33.85 41.25 4.69
      vertex 53.15 41.75 5.3
      vertex 33.35 41.75 5.3
    endloop
  endfacet
  facet normal 0 -0.773392 0.633928
    outer loop
      vertex 53.15 41.75 5.3
      vertex 33.85 41.25 4.69
      vertex 52.65 41.25 4.69
    endloop
  endfacet
  facet normal 0.773392 0 0.633928
    outer loop
      vertex 33.35 32.6 5.3
      vertex 33.85 28.95 4.69
      vertex 33.85 32.6 4.69
    endloop
  endfacet
  facet normal 0.773392 0 0.633928
    outer loop
      vertex 33.85 28.95 4.69
      vertex 33.35 32.6 5.3
      vertex 33.35 28.45 5.3
    endloop
  endfacet
  facet normal 0.773392 -0 0.633928
    outer loop
      vertex 33.35 37.6 5.3
      vertex 33.85 41.25 4.69
      vertex 33.35 41.75 5.3
    endloop
  endfacet
  facet normal 0.773392 0 0.633928
    outer loop
      vertex 33.85 41.25 4.69
      vertex 33.35 37.6 5.3
      vertex 33.85 37.6 4.69
    endloop
  endfacet
  facet normal 1 -0 0
    outer loop
      vertex 38.25 27.35 5.3
      vertex 38.25 28.95 4.69
      vertex 38.25 28.45 5.3
    endloop
  endfacet
  facet normal 1 0 0
    outer loop
      vertex 38.25 28.95 4.69
      vertex 38.25 27.35 5.3
      vertex 38.25 27.35 2.8
    endloop
  endfacet
  facet normal 1 0 0
    outer loop
      vertex 38.25 28.95 4.69
      vertex 38.25 27.35 2.8
      vertex 38.25 28.95 2.8
    endloop
  endfacet
  facet normal -1 0 0
    outer loop
      vertex 48.25 27.35 2.8
      vertex 48.25 28.95 4.69
      vertex 48.25 28.95 2.8
    endloop
  endfacet
  facet normal -1 0 0
    outer loop
      vertex 48.25 27.35 5.3
      vertex 48.25 28.95 4.69
      vertex 48.25 27.35 2.8
    endloop
  endfacet
  facet normal -1 0 0
    outer loop
      vertex 48.25 28.95 4.69
      vertex 48.25 27.35 5.3
      vertex 48.25 28.45 5.3
    endloop
  endfacet
  facet normal -0.903945 -0.427649 0
    outer loop
      vertex 24.4063 28.8757 2.8
      vertex 24.3685 28.9556 6.8
      vertex 24.3685 28.9556 2.8
    endloop
  endfacet
  facet normal -0.903945 -0.427649 0
    outer loop
      vertex 24.3685 28.9556 6.8
      vertex 24.4063 28.8757 2.8
      vertex 24.4063 28.8757 6.8
    endloop
  endfacet
  facet normal -0.989118 0.147123 0
    outer loop
      vertex 24.3043 29.3882 2.8
      vertex 24.3173 29.4756 6.8
      vertex 24.3173 29.4756 2.8
    endloop
  endfacet
  facet normal -0.989118 0.147123 0
    outer loop
      vertex 24.3173 29.4756 6.8
      vertex 24.3043 29.3882 2.8
      vertex 24.3043 29.3882 6.8
    endloop
  endfacet
  facet normal -0.998814 0.048695 0
    outer loop
      vertex 24.3 29.3 2.8
      vertex 24.3043 29.3882 6.8
      vertex 24.3043 29.3882 2.8
    endloop
  endfacet
  facet normal -0.998814 0.048695 0
    outer loop
      vertex 24.3043 29.3882 6.8
      vertex 24.3 29.3 2.8
      vertex 24.3 29.3 6.8
    endloop
  endfacet
  facet normal 0.243334 -0.969942 0
    outer loop
      vertex 25.3756 28.4173 2.8
      vertex 25.4613 28.4388 6.8
      vertex 25.3756 28.4173 6.8
    endloop
  endfacet
  facet normal 0.243334 -0.969942 0
    outer loop
      vertex 25.4613 28.4388 6.8
      vertex 25.3756 28.4173 2.8
      vertex 25.4613 28.4388 2.8
    endloop
  endfacet
  facet normal 0.941665 0.336552 0
    outer loop
      vertex 26.0612 29.5613 6.8
      vertex 26.0315 29.6444 2.8
      vertex 26.0315 29.6444 6.8
    endloop
  endfacet
  facet normal 0.941665 0.336552 0
    outer loop
      vertex 26.0315 29.6444 2.8
      vertex 26.0612 29.5613 6.8
      vertex 26.0612 29.5613 2.8
    endloop
  endfacet
  facet normal -0.740811 -0.671714 0
    outer loop
      vertex 24.5636 28.6636 2.8
      vertex 24.5043 28.729 6.8
      vertex 24.5043 28.729 2.8
    endloop
  endfacet
  facet normal -0.740811 -0.671714 0
    outer loop
      vertex 24.5043 28.729 6.8
      vertex 24.5636 28.6636 2.8
      vertex 24.5636 28.6636 6.8
    endloop
  endfacet
  facet normal 0.989118 -0.147123 0
    outer loop
      vertex 26.0827 29.1244 6.8
      vertex 26.0957 29.2118 2.8
      vertex 26.0957 29.2118 6.8
    endloop
  endfacet
  facet normal 0.989118 -0.147123 0
    outer loop
      vertex 26.0957 29.2118 2.8
      vertex 26.0827 29.1244 6.8
      vertex 26.0827 29.1244 2.8
    endloop
  endfacet
  facet normal 0.989118 0.147123 0
    outer loop
      vertex 26.0957 29.3882 6.8
      vertex 26.0827 29.4756 2.8
      vertex 26.0827 29.4756 6.8
    endloop
  endfacet
  facet normal 0.989118 0.147123 0
    outer loop
      vertex 26.0827 29.4756 2.8
      vertex 26.0957 29.3882 6.8
      vertex 26.0957 29.3882 2.8
    endloop
  endfacet
  facet normal -0.514329 0.857593 0
    outer loop
      vertex 24.7757 30.0937 2.8
      vertex 24.7 30.0483 6.8
      vertex 24.7757 30.0937 6.8
    endloop
  endfacet
  facet normal -0.514329 0.857593 0
    outer loop
      vertex 24.7 30.0483 6.8
      vertex 24.7757 30.0937 2.8
      vertex 24.7 30.0483 2.8
    endloop
  endfacet
  facet normal -0.941665 -0.336552 0
    outer loop
      vertex 24.3685 28.9556 2.8
      vertex 24.3388 29.0387 6.8
      vertex 24.3388 29.0387 2.8
    endloop
  endfacet
  facet normal -0.941665 -0.336552 0
    outer loop
      vertex 24.3388 29.0387 6.8
      vertex 24.3685 28.9556 2.8
      vertex 24.3685 28.9556 6.8
    endloop
  endfacet
  facet normal -0.147123 -0.989118 0
    outer loop
      vertex 25.0244 28.4173 2.8
      vertex 25.1118 28.4043 6.8
      vertex 25.0244 28.4173 6.8
    endloop
  endfacet
  facet normal -0.147123 -0.989118 -0
    outer loop
      vertex 25.1118 28.4043 6.8
      vertex 25.0244 28.4173 2.8
      vertex 25.1118 28.4043 2.8
    endloop
  endfacet
  facet normal -0.048695 -0.998814 0
    outer loop
      vertex 25.1118 28.4043 2.8
      vertex 25.2 28.4 6.8
      vertex 25.1118 28.4043 6.8
    endloop
  endfacet
  facet normal -0.048695 -0.998814 -0
    outer loop
      vertex 25.2 28.4 6.8
      vertex 25.1118 28.4043 2.8
      vertex 25.2 28.4 2.8
    endloop
  endfacet
  facet normal 0.048695 0.998814 -0
    outer loop
      vertex 25.2882 30.1957 2.8
      vertex 25.2 30.2 6.8
      vertex 25.2882 30.1957 6.8
    endloop
  endfacet
  facet normal 0.048695 0.998814 0
    outer loop
      vertex 25.2 30.2 6.8
      vertex 25.2882 30.1957 2.8
      vertex 25.2 30.2 2.8
    endloop
  endfacet
  facet normal 0.803517 0.595282 0
    outer loop
      vertex 25.9483 29.8 6.8
      vertex 25.8957 29.871 2.8
      vertex 25.8957 29.871 6.8
    endloop
  endfacet
  facet normal 0.803517 0.595282 0
    outer loop
      vertex 25.8957 29.871 2.8
      vertex 25.9483 29.8 6.8
      vertex 25.9483 29.8 2.8
    endloop
  endfacet
  facet normal 0.803517 -0.595282 0
    outer loop
      vertex 25.8957 28.729 6.8
      vertex 25.9483 28.8 2.8
      vertex 25.9483 28.8 6.8
    endloop
  endfacet
  facet normal 0.803517 -0.595282 0
    outer loop
      vertex 25.9483 28.8 2.8
      vertex 25.8957 28.729 6.8
      vertex 25.8957 28.729 2.8
    endloop
  endfacet
  facet normal 0.969942 0.243334 0
    outer loop
      vertex 26.0827 29.4756 6.8
      vertex 26.0612 29.5613 2.8
      vertex 26.0612 29.5613 6.8
    endloop
  endfacet
  facet normal 0.969942 0.243334 0
    outer loop
      vertex 26.0612 29.5613 2.8
      vertex 26.0827 29.4756 6.8
      vertex 26.0827 29.4756 2.8
    endloop
  endfacet
  facet normal -0.857593 0.514329 0
    outer loop
      vertex 24.4063 29.7243 2.8
      vertex 24.4517 29.8 6.8
      vertex 24.4517 29.8 2.8
    endloop
  endfacet
  facet normal -0.857593 0.514329 0
    outer loop
      vertex 24.4517 29.8 6.8
      vertex 24.4063 29.7243 2.8
      vertex 24.4063 29.7243 6.8
    endloop
  endfacet
  facet normal 0.941665 -0.336552 0
    outer loop
      vertex 26.0315 28.9556 6.8
      vertex 26.0612 29.0387 2.8
      vertex 26.0612 29.0387 6.8
    endloop
  endfacet
  facet normal 0.941665 -0.336552 0
    outer loop
      vertex 26.0612 29.0387 2.8
      vertex 26.0315 28.9556 6.8
      vertex 26.0315 28.9556 2.8
    endloop
  endfacet
  facet normal -0.048695 0.998814 0
    outer loop
      vertex 25.2 30.2 2.8
      vertex 25.1118 30.1957 6.8
      vertex 25.2 30.2 6.8
    endloop
  endfacet
  facet normal -0.048695 0.998814 0
    outer loop
      vertex 25.1118 30.1957 6.8
      vertex 25.2 30.2 2.8
      vertex 25.1118 30.1957 2.8
    endloop
  endfacet
  facet normal 0.336552 0.941665 -0
    outer loop
      vertex 25.5444 30.1315 2.8
      vertex 25.4613 30.1612 6.8
      vertex 25.5444 30.1315 6.8
    endloop
  endfacet
  facet normal 0.336552 0.941665 0
    outer loop
      vertex 25.4613 30.1612 6.8
      vertex 25.5444 30.1315 2.8
      vertex 25.4613 30.1612 2.8
    endloop
  endfacet
  facet normal -0.147123 0.989118 0
    outer loop
      vertex 25.1118 30.1957 2.8
      vertex 25.0244 30.1827 6.8
      vertex 25.1118 30.1957 6.8
    endloop
  endfacet
  facet normal -0.147123 0.989118 0
    outer loop
      vertex 25.0244 30.1827 6.8
      vertex 25.1118 30.1957 2.8
      vertex 25.0244 30.1827 2.8
    endloop
  endfacet
  facet normal 0.740811 -0.671714 0
    outer loop
      vertex 25.8364 28.6636 6.8
      vertex 25.8957 28.729 2.8
      vertex 25.8957 28.729 6.8
    endloop
  endfacet
  facet normal 0.740811 -0.671714 0
    outer loop
      vertex 25.8957 28.729 2.8
      vertex 25.8364 28.6636 6.8
      vertex 25.8364 28.6636 2.8
    endloop
  endfacet
  facet normal -0.969942 -0.243334 0
    outer loop
      vertex 24.3388 29.0387 2.8
      vertex 24.3173 29.1244 6.8
      vertex 24.3173 29.1244 2.8
    endloop
  endfacet
  facet normal -0.969942 -0.243334 0
    outer loop
      vertex 24.3173 29.1244 6.8
      vertex 24.3388 29.0387 2.8
      vertex 24.3388 29.0387 6.8
    endloop
  endfacet
  facet normal 0.595282 0.803517 -0
    outer loop
      vertex 25.771 29.9957 2.8
      vertex 25.7 30.0483 6.8
      vertex 25.771 29.9957 6.8
    endloop
  endfacet
  facet normal 0.595282 0.803517 0
    outer loop
      vertex 25.7 30.0483 6.8
      vertex 25.771 29.9957 2.8
      vertex 25.7 30.0483 2.8
    endloop
  endfacet
  facet normal 0.595282 -0.803517 0
    outer loop
      vertex 25.7 28.5517 2.8
      vertex 25.771 28.6043 6.8
      vertex 25.7 28.5517 6.8
    endloop
  endfacet
  facet normal 0.595282 -0.803517 0
    outer loop
      vertex 25.771 28.6043 6.8
      vertex 25.7 28.5517 2.8
      vertex 25.771 28.6043 2.8
    endloop
  endfacet
  facet normal -0.427649 0.903945 0
    outer loop
      vertex 24.8556 30.1315 2.8
      vertex 24.7757 30.0937 6.8
      vertex 24.8556 30.1315 6.8
    endloop
  endfacet
  facet normal -0.427649 0.903945 0
    outer loop
      vertex 24.7757 30.0937 6.8
      vertex 24.8556 30.1315 2.8
      vertex 24.7757 30.0937 2.8
    endloop
  endfacet
  facet normal 0.671714 0.740811 -0
    outer loop
      vertex 25.8364 29.9364 2.8
      vertex 25.771 29.9957 6.8
      vertex 25.8364 29.9364 6.8
    endloop
  endfacet
  facet normal 0.671714 0.740811 0
    outer loop
      vertex 25.771 29.9957 6.8
      vertex 25.8364 29.9364 2.8
      vertex 25.771 29.9957 2.8
    endloop
  endfacet
  facet normal 0.969942 -0.243334 0
    outer loop
      vertex 26.0612 29.0387 6.8
      vertex 26.0827 29.1244 2.8
      vertex 26.0827 29.1244 6.8
    endloop
  endfacet
  facet normal 0.969942 -0.243334 0
    outer loop
      vertex 26.0827 29.1244 2.8
      vertex 26.0612 29.0387 6.8
      vertex 26.0612 29.0387 2.8
    endloop
  endfacet
  facet normal -0.595282 -0.803517 0
    outer loop
      vertex 24.629 28.6043 2.8
      vertex 24.7 28.5517 6.8
      vertex 24.629 28.6043 6.8
    endloop
  endfacet
  facet normal -0.595282 -0.803517 -0
    outer loop
      vertex 24.7 28.5517 6.8
      vertex 24.629 28.6043 2.8
      vertex 24.7 28.5517 2.8
    endloop
  endfacet
  facet normal 0.336552 -0.941665 0
    outer loop
      vertex 25.4613 28.4388 2.8
      vertex 25.5444 28.4685 6.8
      vertex 25.4613 28.4388 6.8
    endloop
  endfacet
  facet normal 0.336552 -0.941665 0
    outer loop
      vertex 25.5444 28.4685 6.8
      vertex 25.4613 28.4388 2.8
      vertex 25.5444 28.4685 2.8
    endloop
  endfacet
  facet normal -0.989118 -0.147123 0
    outer loop
      vertex 24.3173 29.1244 2.8
      vertex 24.3043 29.2118 6.8
      vertex 24.3043 29.2118 2.8
    endloop
  endfacet
  facet normal -0.989118 -0.147123 0
    outer loop
      vertex 24.3043 29.2118 6.8
      vertex 24.3173 29.1244 2.8
      vertex 24.3173 29.1244 6.8
    endloop
  endfacet
  facet normal -0.998814 -0.048695 0
    outer loop
      vertex 24.3043 29.2118 2.8
      vertex 24.3 29.3 6.8
      vertex 24.3 29.3 2.8
    endloop
  endfacet
  facet normal -0.998814 -0.048695 0
    outer loop
      vertex 24.3 29.3 6.8
      vertex 24.3043 29.2118 2.8
      vertex 24.3043 29.2118 6.8
    endloop
  endfacet
  facet normal -0.803517 -0.595282 0
    outer loop
      vertex 24.5043 28.729 2.8
      vertex 24.4517 28.8 6.8
      vertex 24.4517 28.8 2.8
    endloop
  endfacet
  facet normal -0.803517 -0.595282 0
    outer loop
      vertex 24.4517 28.8 6.8
      vertex 24.5043 28.729 2.8
      vertex 24.5043 28.729 6.8
    endloop
  endfacet
  facet normal -0.941665 0.336552 0
    outer loop
      vertex 24.3388 29.5613 2.8
      vertex 24.3685 29.6444 6.8
      vertex 24.3685 29.6444 2.8
    endloop
  endfacet
  facet normal -0.941665 0.336552 0
    outer loop
      vertex 24.3685 29.6444 6.8
      vertex 24.3388 29.5613 2.8
      vertex 24.3388 29.5613 6.8
    endloop
  endfacet
  facet normal -0.671714 0.740811 0
    outer loop
      vertex 24.629 29.9957 2.8
      vertex 24.5636 29.9364 6.8
      vertex 24.629 29.9957 6.8
    endloop
  endfacet
  facet normal -0.671714 0.740811 0
    outer loop
      vertex 24.5636 29.9364 6.8
      vertex 24.629 29.9957 2.8
      vertex 24.5636 29.9364 2.8
    endloop
  endfacet
  facet normal -0.427649 -0.903945 0
    outer loop
      vertex 24.7757 28.5063 2.8
      vertex 24.8556 28.4685 6.8
      vertex 24.7757 28.5063 6.8
    endloop
  endfacet
  facet normal -0.427649 -0.903945 -0
    outer loop
      vertex 24.8556 28.4685 6.8
      vertex 24.7757 28.5063 2.8
      vertex 24.8556 28.4685 2.8
    endloop
  endfacet
  facet normal -0.857593 -0.514329 0
    outer loop
      vertex 24.4517 28.8 2.8
      vertex 24.4063 28.8757 6.8
      vertex 24.4063 28.8757 2.8
    endloop
  endfacet
  facet normal -0.857593 -0.514329 0
    outer loop
      vertex 24.4063 28.8757 6.8
      vertex 24.4517 28.8 2.8
      vertex 24.4517 28.8 6.8
    endloop
  endfacet
  facet normal -0.595282 0.803517 0
    outer loop
      vertex 24.7 30.0483 2.8
      vertex 24.629 29.9957 6.8
      vertex 24.7 30.0483 6.8
    endloop
  endfacet
  facet normal -0.595282 0.803517 0
    outer loop
      vertex 24.629 29.9957 6.8
      vertex 24.7 30.0483 2.8
      vertex 24.629 29.9957 2.8
    endloop
  endfacet
  facet normal -0.903945 0.427649 0
    outer loop
      vertex 24.3685 29.6444 2.8
      vertex 24.4063 29.7243 6.8
      vertex 24.4063 29.7243 2.8
    endloop
  endfacet
  facet normal -0.903945 0.427649 0
    outer loop
      vertex 24.4063 29.7243 6.8
      vertex 24.3685 29.6444 2.8
      vertex 24.3685 29.6444 6.8
    endloop
  endfacet
  facet normal -0.969942 0.243334 0
    outer loop
      vertex 24.3173 29.4756 2.8
      vertex 24.3388 29.5613 6.8
      vertex 24.3388 29.5613 2.8
    endloop
  endfacet
  facet normal -0.969942 0.243334 0
    outer loop
      vertex 24.3388 29.5613 6.8
      vertex 24.3173 29.4756 2.8
      vertex 24.3173 29.4756 6.8
    endloop
  endfacet
  facet normal 0.671714 -0.740811 0
    outer loop
      vertex 25.771 28.6043 2.8
      vertex 25.8364 28.6636 6.8
      vertex 25.771 28.6043 6.8
    endloop
  endfacet
  facet normal 0.671714 -0.740811 0
    outer loop
      vertex 25.8364 28.6636 6.8
      vertex 25.771 28.6043 2.8
      vertex 25.8364 28.6636 2.8
    endloop
  endfacet
  facet normal 0.514329 -0.857593 0
    outer loop
      vertex 25.6243 28.5063 2.8
      vertex 25.7 28.5517 6.8
      vertex 25.6243 28.5063 6.8
    endloop
  endfacet
  facet normal 0.514329 -0.857593 0
    outer loop
      vertex 25.7 28.5517 6.8
      vertex 25.6243 28.5063 2.8
      vertex 25.7 28.5517 2.8
    endloop
  endfacet
  facet normal -0.514329 -0.857593 0
    outer loop
      vertex 24.7 28.5517 2.8
      vertex 24.7757 28.5063 6.8
      vertex 24.7 28.5517 6.8
    endloop
  endfacet
  facet normal -0.514329 -0.857593 -0
    outer loop
      vertex 24.7757 28.5063 6.8
      vertex 24.7 28.5517 2.8
      vertex 24.7757 28.5063 2.8
    endloop
  endfacet
  facet normal 0.147123 0.989118 -0
    outer loop
      vertex 25.3756 30.1827 2.8
      vertex 25.2882 30.1957 6.8
      vertex 25.3756 30.1827 6.8
    endloop
  endfacet
  facet normal 0.147123 0.989118 0
    outer loop
      vertex 25.2882 30.1957 6.8
      vertex 25.3756 30.1827 2.8
      vertex 25.2882 30.1957 2.8
    endloop
  endfacet
  facet normal 0.243334 0.969942 -0
    outer loop
      vertex 25.4613 30.1612 2.8
      vertex 25.3756 30.1827 6.8
      vertex 25.4613 30.1612 6.8
    endloop
  endfacet
  facet normal 0.243334 0.969942 0
    outer loop
      vertex 25.3756 30.1827 6.8
      vertex 25.4613 30.1612 2.8
      vertex 25.3756 30.1827 2.8
    endloop
  endfacet
  facet normal -0.740811 0.671714 0
    outer loop
      vertex 24.5043 29.871 2.8
      vertex 24.5636 29.9364 6.8
      vertex 24.5636 29.9364 2.8
    endloop
  endfacet
  facet normal -0.740811 0.671714 0
    outer loop
      vertex 24.5636 29.9364 6.8
      vertex 24.5043 29.871 2.8
      vertex 24.5043 29.871 6.8
    endloop
  endfacet
  facet normal -0.336552 -0.941665 0
    outer loop
      vertex 24.8556 28.4685 2.8
      vertex 24.9387 28.4388 6.8
      vertex 24.8556 28.4685 6.8
    endloop
  endfacet
  facet normal -0.336552 -0.941665 -0
    outer loop
      vertex 24.9387 28.4388 6.8
      vertex 24.8556 28.4685 2.8
      vertex 24.9387 28.4388 2.8
    endloop
  endfacet
  facet normal -0.243334 0.969942 0
    outer loop
      vertex 25.0244 30.1827 2.8
      vertex 24.9387 30.1612 6.8
      vertex 25.0244 30.1827 6.8
    endloop
  endfacet
  facet normal -0.243334 0.969942 0
    outer loop
      vertex 24.9387 30.1612 6.8
      vertex 25.0244 30.1827 2.8
      vertex 24.9387 30.1612 2.8
    endloop
  endfacet
  facet normal 0.998814 -0.048695 0
    outer loop
      vertex 26.0957 29.2118 6.8
      vertex 26.1 29.3 2.8
      vertex 26.1 29.3 6.8
    endloop
  endfacet
  facet normal 0.998814 -0.048695 0
    outer loop
      vertex 26.1 29.3 2.8
      vertex 26.0957 29.2118 6.8
      vertex 26.0957 29.2118 2.8
    endloop
  endfacet
  facet normal -0.671714 -0.740811 0
    outer loop
      vertex 24.5636 28.6636 2.8
      vertex 24.629 28.6043 6.8
      vertex 24.5636 28.6636 6.8
    endloop
  endfacet
  facet normal -0.671714 -0.740811 -0
    outer loop
      vertex 24.629 28.6043 6.8
      vertex 24.5636 28.6636 2.8
      vertex 24.629 28.6043 2.8
    endloop
  endfacet
  facet normal 0.857593 -0.514329 0
    outer loop
      vertex 25.9483 28.8 6.8
      vertex 25.9937 28.8757 2.8
      vertex 25.9937 28.8757 6.8
    endloop
  endfacet
  facet normal 0.857593 -0.514329 0
    outer loop
      vertex 25.9937 28.8757 2.8
      vertex 25.9483 28.8 6.8
      vertex 25.9483 28.8 2.8
    endloop
  endfacet
  facet normal 0.903945 0.427649 0
    outer loop
      vertex 26.0315 29.6444 6.8
      vertex 25.9937 29.7243 2.8
      vertex 25.9937 29.7243 6.8
    endloop
  endfacet
  facet normal 0.903945 0.427649 0
    outer loop
      vertex 25.9937 29.7243 2.8
      vertex 26.0315 29.6444 6.8
      vertex 26.0315 29.6444 2.8
    endloop
  endfacet
  facet normal 0.427649 0.903945 -0
    outer loop
      vertex 25.6243 30.0937 2.8
      vertex 25.5444 30.1315 6.8
      vertex 25.6243 30.0937 6.8
    endloop
  endfacet
  facet normal 0.427649 0.903945 0
    outer loop
      vertex 25.5444 30.1315 6.8
      vertex 25.6243 30.0937 2.8
      vertex 25.5444 30.1315 2.8
    endloop
  endfacet
  facet normal 0.048695 -0.998814 0
    outer loop
      vertex 25.2 28.4 2.8
      vertex 25.2882 28.4043 6.8
      vertex 25.2 28.4 6.8
    endloop
  endfacet
  facet normal 0.048695 -0.998814 0
    outer loop
      vertex 25.2882 28.4043 6.8
      vertex 25.2 28.4 2.8
      vertex 25.2882 28.4043 2.8
    endloop
  endfacet
  facet normal -0.803517 0.595282 0
    outer loop
      vertex 24.4517 29.8 2.8
      vertex 24.5043 29.871 6.8
      vertex 24.5043 29.871 2.8
    endloop
  endfacet
  facet normal -0.803517 0.595282 0
    outer loop
      vertex 24.5043 29.871 6.8
      vertex 24.4517 29.8 2.8
      vertex 24.4517 29.8 6.8
    endloop
  endfacet
  facet normal 0.147123 -0.989118 0
    outer loop
      vertex 25.2882 28.4043 2.8
      vertex 25.3756 28.4173 6.8
      vertex 25.2882 28.4043 6.8
    endloop
  endfacet
  facet normal 0.147123 -0.989118 0
    outer loop
      vertex 25.3756 28.4173 6.8
      vertex 25.2882 28.4043 2.8
      vertex 25.3756 28.4173 2.8
    endloop
  endfacet
  facet normal 0 0 1
    outer loop
      vertex 26.0957 29.3882 6.8
      vertex 26.0957 29.2118 6.8
      vertex 26.1 29.3 6.8
    endloop
  endfacet
  facet normal 0 0 1
    outer loop
      vertex 26.0827 29.4756 6.8
      vertex 26.0957 29.2118 6.8
      vertex 26.0957 29.3882 6.8
    endloop
  endfacet
  facet normal 0 0 1
    outer loop
      vertex 26.0827 29.4756 6.8
      vertex 26.0827 29.1244 6.8
      vertex 26.0957 29.2118 6.8
    endloop
  endfacet
  facet normal 0 0 1
    outer loop
      vertex 26.0612 29.5613 6.8
      vertex 26.0827 29.1244 6.8
      vertex 26.0827 29.4756 6.8
    endloop
  endfacet
  facet normal 0 0 1
    outer loop
      vertex 26.0612 29.5613 6.8
      vertex 26.0612 29.0387 6.8
      vertex 26.0827 29.1244 6.8
    endloop
  endfacet
  facet normal 0 0 1
    outer loop
      vertex 26.0315 29.6444 6.8
      vertex 26.0612 29.0387 6.8
      vertex 26.0612 29.5613 6.8
    endloop
  endfacet
  facet normal 0 0 1
    outer loop
      vertex 26.0315 29.6444 6.8
      vertex 26.0315 28.9556 6.8
      vertex 26.0612 29.0387 6.8
    endloop
  endfacet
  facet normal 0 0 1
    outer loop
      vertex 25.9937 29.7243 6.8
      vertex 26.0315 28.9556 6.8
      vertex 26.0315 29.6444 6.8
    endloop
  endfacet
  facet normal 0 0 1
    outer loop
      vertex 25.9937 29.7243 6.8
      vertex 25.9937 28.8757 6.8
      vertex 26.0315 28.9556 6.8
    endloop
  endfacet
  facet normal 0 0 1
    outer loop
      vertex 25.9483 29.8 6.8
      vertex 25.9937 28.8757 6.8
      vertex 25.9937 29.7243 6.8
    endloop
  endfacet
  facet normal 0 0 1
    outer loop
      vertex 25.9483 29.8 6.8
      vertex 25.9483 28.8 6.8
      vertex 25.9937 28.8757 6.8
    endloop
  endfacet
  facet normal 0 0 1
    outer loop
      vertex 25.8957 29.871 6.8
      vertex 25.9483 28.8 6.8
      vertex 25.9483 29.8 6.8
    endloop
  endfacet
  facet normal 0 0 1
    outer loop
      vertex 25.8957 29.871 6.8
      vertex 25.8957 28.729 6.8
      vertex 25.9483 28.8 6.8
    endloop
  endfacet
  facet normal 0 0 1
    outer loop
      vertex 25.8364 29.9364 6.8
      vertex 25.8957 28.729 6.8
      vertex 25.8957 29.871 6.8
    endloop
  endfacet
  facet normal 0 0 1
    outer loop
      vertex 25.8364 29.9364 6.8
      vertex 25.8364 28.6636 6.8
      vertex 25.8957 28.729 6.8
    endloop
  endfacet
  facet normal 0 0 1
    outer loop
      vertex 25.771 29.9957 6.8
      vertex 25.8364 28.6636 6.8
      vertex 25.8364 29.9364 6.8
    endloop
  endfacet
  facet normal 0 0 1
    outer loop
      vertex 25.771 29.9957 6.8
      vertex 25.771 28.6043 6.8
      vertex 25.8364 28.6636 6.8
    endloop
  endfacet
  facet normal 0 0 1
    outer loop
      vertex 25.7 30.0483 6.8
      vertex 25.771 28.6043 6.8
      vertex 25.771 29.9957 6.8
    endloop
  endfacet
  facet normal 0 0 1
    outer loop
      vertex 25.7 30.0483 6.8
      vertex 25.7 28.5517 6.8
      vertex 25.771 28.6043 6.8
    endloop
  endfacet
  facet normal 0 0 1
    outer loop
      vertex 25.6243 30.0937 6.8
      vertex 25.7 28.5517 6.8
      vertex 25.7 30.0483 6.8
    endloop
  endfacet
  facet normal 0 0 1
    outer loop
      vertex 25.6243 30.0937 6.8
      vertex 25.6243 28.5063 6.8
      vertex 25.7 28.5517 6.8
    endloop
  endfacet
  facet normal 0 0 1
    outer loop
      vertex 25.5444 30.1315 6.8
      vertex 25.6243 28.5063 6.8
      vertex 25.6243 30.0937 6.8
    endloop
  endfacet
  facet normal 0 0 1
    outer loop
      vertex 25.5444 30.1315 6.8
      vertex 25.5444 28.4685 6.8
      vertex 25.6243 28.5063 6.8
    endloop
  endfacet
  facet normal 0 0 1
    outer loop
      vertex 25.4613 30.1612 6.8
      vertex 25.5444 28.4685 6.8
      vertex 25.5444 30.1315 6.8
    endloop
  endfacet
  facet normal 0 0 1
    outer loop
      vertex 25.4613 30.1612 6.8
      vertex 25.4613 28.4388 6.8
      vertex 25.5444 28.4685 6.8
    endloop
  endfacet
  facet normal 0 0 1
    outer loop
      vertex 25.3756 30.1827 6.8
      vertex 25.4613 28.4388 6.8
      vertex 25.4613 30.1612 6.8
    endloop
  endfacet
  facet normal 0 0 1
    outer loop
      vertex 25.3756 30.1827 6.8
      vertex 25.3756 28.4173 6.8
      vertex 25.4613 28.4388 6.8
    endloop
  endfacet
  facet normal 0 0 1
    outer loop
      vertex 25.2882 30.1957 6.8
      vertex 25.3756 28.4173 6.8
      vertex 25.3756 30.1827 6.8
    endloop
  endfacet
  facet normal 0 0 1
    outer loop
      vertex 25.2882 30.1957 6.8
      vertex 25.2882 28.4043 6.8
      vertex 25.3756 28.4173 6.8
    endloop
  endfacet
  facet normal 0 0 1
    outer loop
      vertex 25.2 30.2 6.8
      vertex 25.2882 28.4043 6.8
      vertex 25.2882 30.1957 6.8
    endloop
  endfacet
  facet normal 0 0 1
    outer loop
      vertex 25.2 30.2 6.8
      vertex 25.2 28.4 6.8
      vertex 25.2882 28.4043 6.8
    endloop
  endfacet
  facet normal -0 0 1
    outer loop
      vertex 25.1118 30.1957 6.8
      vertex 25.2 28.4 6.8
      vertex 25.2 30.2 6.8
    endloop
  endfacet
  facet normal 0 0 1
    outer loop
      vertex 25.1118 30.1957 6.8
      vertex 25.1118 28.4043 6.8
      vertex 25.2 28.4 6.8
    endloop
  endfacet
  facet normal -0 0 1
    outer loop
      vertex 25.0244 30.1827 6.8
      vertex 25.1118 28.4043 6.8
      vertex 25.1118 30.1957 6.8
    endloop
  endfacet
  facet normal 0 0 1
    outer loop
      vertex 25.0244 30.1827 6.8
      vertex 25.0244 28.4173 6.8
      vertex 25.1118 28.4043 6.8
    endloop
  endfacet
  facet normal -0 0 1
    outer loop
      vertex 24.9387 30.1612 6.8
      vertex 25.0244 28.4173 6.8
      vertex 25.0244 30.1827 6.8
    endloop
  endfacet
  facet normal 0 0 1
    outer loop
      vertex 24.9387 30.1612 6.8
      vertex 24.9387 28.4388 6.8
      vertex 25.0244 28.4173 6.8
    endloop
  endfacet
  facet normal -0 0 1
    outer loop
      vertex 24.8556 30.1315 6.8
      vertex 24.9387 28.4388 6.8
      vertex 24.9387 30.1612 6.8
    endloop
  endfacet
  facet normal 0 0 1
    outer loop
      vertex 24.8556 30.1315 6.8
      vertex 24.8556 28.4685 6.8
      vertex 24.9387 28.4388 6.8
    endloop
  endfacet
  facet normal -0 0 1
    outer loop
      vertex 24.7757 30.0937 6.8
      vertex 24.8556 28.4685 6.8
      vertex 24.8556 30.1315 6.8
    endloop
  endfacet
  facet normal 0 0 1
    outer loop
      vertex 24.7757 30.0937 6.8
      vertex 24.7757 28.5063 6.8
      vertex 24.8556 28.4685 6.8
    endloop
  endfacet
  facet normal -0 0 1
    outer loop
      vertex 24.7 30.0483 6.8
      vertex 24.7757 28.5063 6.8
      vertex 24.7757 30.0937 6.8
    endloop
  endfacet
  facet normal 0 0 1
    outer loop
      vertex 24.7 30.0483 6.8
      vertex 24.7 28.5517 6.8
      vertex 24.7757 28.5063 6.8
    endloop
  endfacet
  facet normal -0 0 1
    outer loop
      vertex 24.629 29.9957 6.8
      vertex 24.7 28.5517 6.8
      vertex 24.7 30.0483 6.8
    endloop
  endfacet
  facet normal 0 0 1
    outer loop
      vertex 24.629 29.9957 6.8
      vertex 24.629 28.6043 6.8
      vertex 24.7 28.5517 6.8
    endloop
  endfacet
  facet normal -0 0 1
    outer loop
      vertex 24.5636 29.9364 6.8
      vertex 24.629 28.6043 6.8
      vertex 24.629 29.9957 6.8
    endloop
  endfacet
  facet normal 0 0 1
    outer loop
      vertex 24.5636 29.9364 6.8
      vertex 24.5636 28.6636 6.8
      vertex 24.629 28.6043 6.8
    endloop
  endfacet
  facet normal -0 0 1
    outer loop
      vertex 24.5043 29.871 6.8
      vertex 24.5636 28.6636 6.8
      vertex 24.5636 29.9364 6.8
    endloop
  endfacet
  facet normal 0 0 1
    outer loop
      vertex 24.5043 29.871 6.8
      vertex 24.5043 28.729 6.8
      vertex 24.5636 28.6636 6.8
    endloop
  endfacet
  facet normal -0 0 1
    outer loop
      vertex 24.4517 29.8 6.8
      vertex 24.5043 28.729 6.8
      vertex 24.5043 29.871 6.8
    endloop
  endfacet
  facet normal 0 0 1
    outer loop
      vertex 24.4517 29.8 6.8
      vertex 24.4517 28.8 6.8
      vertex 24.5043 28.729 6.8
    endloop
  endfacet
  facet normal -0 0 1
    outer loop
      vertex 24.4063 29.7243 6.8
      vertex 24.4517 28.8 6.8
      vertex 24.4517 29.8 6.8
    endloop
  endfacet
  facet normal 0 0 1
    outer loop
      vertex 24.4063 29.7243 6.8
      vertex 24.4063 28.8757 6.8
      vertex 24.4517 28.8 6.8
    endloop
  endfacet
  facet normal -0 0 1
    outer loop
      vertex 24.3685 29.6444 6.8
      vertex 24.4063 28.8757 6.8
      vertex 24.4063 29.7243 6.8
    endloop
  endfacet
  facet normal 0 0 1
    outer loop
      vertex 24.3685 29.6444 6.8
      vertex 24.3685 28.9556 6.8
      vertex 24.4063 28.8757 6.8
    endloop
  endfacet
  facet normal -0 0 1
    outer loop
      vertex 24.3388 29.5613 6.8
      vertex 24.3685 28.9556 6.8
      vertex 24.3685 29.6444 6.8
    endloop
  endfacet
  facet normal 0 0 1
    outer loop
      vertex 24.3388 29.5613 6.8
      vertex 24.3388 29.0387 6.8
      vertex 24.3685 28.9556 6.8
    endloop
  endfacet
  facet normal -0 0 1
    outer loop
      vertex 24.3173 29.4756 6.8
      vertex 24.3388 29.0387 6.8
      vertex 24.3388 29.5613 6.8
    endloop
  endfacet
  facet normal 0 0 1
    outer loop
      vertex 24.3173 29.4756 6.8
      vertex 24.3173 29.1244 6.8
      vertex 24.3388 29.0387 6.8
    endloop
  endfacet
  facet normal -0 0 1
    outer loop
      vertex 24.3043 29.3882 6.8
      vertex 24.3173 29.1244 6.8
      vertex 24.3173 29.4756 6.8
    endloop
  endfacet
  facet normal 0 0 1
    outer loop
      vertex 24.3043 29.3882 6.8
      vertex 24.3043 29.2118 6.8
      vertex 24.3173 29.1244 6.8
    endloop
  endfacet
  facet normal 0 -0 1
    outer loop
      vertex 24.3043 29.2118 6.8
      vertex 24.3043 29.3882 6.8
      vertex 24.3 29.3 6.8
    endloop
  endfacet
  facet normal 0.903945 -0.427649 0
    outer loop
      vertex 25.9937 28.8757 6.8
      vertex 26.0315 28.9556 2.8
      vertex 26.0315 28.9556 6.8
    endloop
  endfacet
  facet normal 0.903945 -0.427649 0
    outer loop
      vertex 26.0315 28.9556 2.8
      vertex 25.9937 28.8757 6.8
      vertex 25.9937 28.8757 2.8
    endloop
  endfacet
  facet normal -0.243334 -0.969942 0
    outer loop
      vertex 24.9387 28.4388 2.8
      vertex 25.0244 28.4173 6.8
      vertex 24.9387 28.4388 6.8
    endloop
  endfacet
  facet normal -0.243334 -0.969942 -0
    outer loop
      vertex 25.0244 28.4173 6.8
      vertex 24.9387 28.4388 2.8
      vertex 25.0244 28.4173 2.8
    endloop
  endfacet
  facet normal 0.514329 0.857593 -0
    outer loop
      vertex 25.7 30.0483 2.8
      vertex 25.6243 30.0937 6.8
      vertex 25.7 30.0483 6.8
    endloop
  endfacet
  facet normal 0.514329 0.857593 0
    outer loop
      vertex 25.6243 30.0937 6.8
      vertex 25.7 30.0483 2.8
      vertex 25.6243 30.0937 2.8
    endloop
  endfacet
  facet normal 0.998814 0.048695 0
    outer loop
      vertex 26.1 29.3 6.8
      vertex 26.0957 29.3882 2.8
      vertex 26.0957 29.3882 6.8
    endloop
  endfacet
  facet normal 0.998814 0.048695 0
    outer loop
      vertex 26.0957 29.3882 2.8
      vertex 26.1 29.3 6.8
      vertex 26.1 29.3 2.8
    endloop
  endfacet
  facet normal 0.427649 -0.903945 0
    outer loop
      vertex 25.5444 28.4685 2.8
      vertex 25.6243 28.5063 6.8
      vertex 25.5444 28.4685 6.8
    endloop
  endfacet
  facet normal 0.427649 -0.903945 0
    outer loop
      vertex 25.6243 28.5063 6.8
      vertex 25.5444 28.4685 2.8
      vertex 25.6243 28.5063 2.8
    endloop
  endfacet
  facet normal -0.336552 0.941665 0
    outer loop
      vertex 24.9387 30.1612 2.8
      vertex 24.8556 30.1315 6.8
      vertex 24.9387 30.1612 6.8
    endloop
  endfacet
  facet normal -0.336552 0.941665 0
    outer loop
      vertex 24.8556 30.1315 6.8
      vertex 24.9387 30.1612 2.8
      vertex 24.8556 30.1315 2.8
    endloop
  endfacet
  facet normal 0.857593 0.514329 0
    outer loop
      vertex 25.9937 29.7243 6.8
      vertex 25.9483 29.8 2.8
      vertex 25.9483 29.8 6.8
    endloop
  endfacet
  facet normal 0.857593 0.514329 0
    outer loop
      vertex 25.9483 29.8 2.8
      vertex 25.9937 29.7243 6.8
      vertex 25.9937 29.7243 2.8
    endloop
  endfacet
  facet normal 0.740811 0.671714 0
    outer loop
      vertex 25.8957 29.871 6.8
      vertex 25.8364 29.9364 2.8
      vertex 25.8364 29.9364 6.8
    endloop
  endfacet
  facet normal 0.740811 0.671714 0
    outer loop
      vertex 25.8364 29.9364 2.8
      vertex 25.8957 29.871 6.8
      vertex 25.8957 29.871 2.8
    endloop
  endfacet
  facet normal 0.147123 0.989118 -0
    outer loop
      vertex 25.3756 33.5827 2.8
      vertex 25.2882 33.5957 6.8
      vertex 25.3756 33.5827 6.8
    endloop
  endfacet
  facet normal 0.147123 0.989118 0
    outer loop
      vertex 25.2882 33.5957 6.8
      vertex 25.3756 33.5827 2.8
      vertex 25.2882 33.5957 2.8
    endloop
  endfacet
  facet normal -0.989118 0.147123 0
    outer loop
      vertex 24.3043 32.7882 2.8
      vertex 24.3173 32.8756 6.8
      vertex 24.3173 32.8756 2.8
    endloop
  endfacet
  facet normal -0.989118 0.147123 0
    outer loop
      vertex 24.3173 32.8756 6.8
      vertex 24.3043 32.7882 2.8
      vertex 24.3043 32.7882 6.8
    endloop
  endfacet
  facet normal -0.998814 0.048695 0
    outer loop
      vertex 24.3 32.7 2.8
      vertex 24.3043 32.7882 6.8
      vertex 24.3043 32.7882 2.8
    endloop
  endfacet
  facet normal -0.998814 0.048695 0
    outer loop
      vertex 24.3043 32.7882 6.8
      vertex 24.3 32.7 2.8
      vertex 24.3 32.7 6.8
    endloop
  endfacet
  facet normal -0.969942 0.243334 0
    outer loop
      vertex 24.3173 32.8756 2.8
      vertex 24.3388 32.9613 6.8
      vertex 24.3388 32.9613 2.8
    endloop
  endfacet
  facet normal -0.969942 0.243334 0
    outer loop
      vertex 24.3388 32.9613 6.8
      vertex 24.3173 32.8756 2.8
      vertex 24.3173 32.8756 6.8
    endloop
  endfacet
  facet normal -0.998814 -0.048695 0
    outer loop
      vertex 24.3043 32.6118 2.8
      vertex 24.3 32.7 6.8
      vertex 24.3 32.7 2.8
    endloop
  endfacet
  facet normal -0.998814 -0.048695 0
    outer loop
      vertex 24.3 32.7 6.8
      vertex 24.3043 32.6118 2.8
      vertex 24.3043 32.6118 6.8
    endloop
  endfacet
  facet normal 0.336552 0.941665 -0
    outer loop
      vertex 25.5444 33.5315 2.8
      vertex 25.4613 33.5612 6.8
      vertex 25.5444 33.5315 6.8
    endloop
  endfacet
  facet normal 0.336552 0.941665 0
    outer loop
      vertex 25.4613 33.5612 6.8
      vertex 25.5444 33.5315 2.8
      vertex 25.4613 33.5612 2.8
    endloop
  endfacet
  facet normal -0.595282 -0.803517 0
    outer loop
      vertex 24.629 32.0043 2.8
      vertex 24.7 31.9517 6.8
      vertex 24.629 32.0043 6.8
    endloop
  endfacet
  facet normal -0.595282 -0.803517 -0
    outer loop
      vertex 24.7 31.9517 6.8
      vertex 24.629 32.0043 2.8
      vertex 24.7 31.9517 2.8
    endloop
  endfacet
  facet normal -0.243334 -0.969942 0
    outer loop
      vertex 24.9387 31.8388 2.8
      vertex 25.0244 31.8173 6.8
      vertex 24.9387 31.8388 6.8
    endloop
  endfacet
  facet normal -0.243334 -0.969942 -0
    outer loop
      vertex 25.0244 31.8173 6.8
      vertex 24.9387 31.8388 2.8
      vertex 25.0244 31.8173 2.8
    endloop
  endfacet
  facet normal -0.671714 0.740811 0
    outer loop
      vertex 24.629 33.3957 2.8
      vertex 24.5636 33.3364 6.8
      vertex 24.629 33.3957 6.8
    endloop
  endfacet
  facet normal -0.671714 0.740811 0
    outer loop
      vertex 24.5636 33.3364 6.8
      vertex 24.629 33.3957 2.8
      vertex 24.5636 33.3364 2.8
    endloop
  endfacet
  facet normal -0.336552 0.941665 0
    outer loop
      vertex 24.9387 33.5612 2.8
      vertex 24.8556 33.5315 6.8
      vertex 24.9387 33.5612 6.8
    endloop
  endfacet
  facet normal -0.336552 0.941665 0
    outer loop
      vertex 24.8556 33.5315 6.8
      vertex 24.9387 33.5612 2.8
      vertex 24.8556 33.5315 2.8
    endloop
  endfacet
  facet normal -0.803517 0.595282 0
    outer loop
      vertex 24.4517 33.2 2.8
      vertex 24.5043 33.271 6.8
      vertex 24.5043 33.271 2.8
    endloop
  endfacet
  facet normal -0.803517 0.595282 0
    outer loop
      vertex 24.5043 33.271 6.8
      vertex 24.4517 33.2 2.8
      vertex 24.4517 33.2 6.8
    endloop
  endfacet
  facet normal -0.514329 0.857593 0
    outer loop
      vertex 24.7757 33.4937 2.8
      vertex 24.7 33.4483 6.8
      vertex 24.7757 33.4937 6.8
    endloop
  endfacet
  facet normal -0.514329 0.857593 0
    outer loop
      vertex 24.7 33.4483 6.8
      vertex 24.7757 33.4937 2.8
      vertex 24.7 33.4483 2.8
    endloop
  endfacet
  facet normal -0.740811 0.671714 0
    outer loop
      vertex 24.5043 33.271 2.8
      vertex 24.5636 33.3364 6.8
      vertex 24.5636 33.3364 2.8
    endloop
  endfacet
  facet normal -0.740811 0.671714 0
    outer loop
      vertex 24.5636 33.3364 6.8
      vertex 24.5043 33.271 2.8
      vertex 24.5043 33.271 6.8
    endloop
  endfacet
  facet normal 0.857593 0.514329 0
    outer loop
      vertex 25.9937 33.1243 6.8
      vertex 25.9483 33.2 2.8
      vertex 25.9483 33.2 6.8
    endloop
  endfacet
  facet normal 0.857593 0.514329 0
    outer loop
      vertex 25.9483 33.2 2.8
      vertex 25.9937 33.1243 6.8
      vertex 25.9937 33.1243 2.8
    endloop
  endfacet
  facet normal 0.048695 -0.998814 0
    outer loop
      vertex 25.2 31.8 2.8
      vertex 25.2882 31.8043 6.8
      vertex 25.2 31.8 6.8
    endloop
  endfacet
  facet normal 0.048695 -0.998814 0
    outer loop
      vertex 25.2882 31.8043 6.8
      vertex 25.2 31.8 2.8
      vertex 25.2882 31.8043 2.8
    endloop
  endfacet
  facet normal 0.941665 0.336552 0
    outer loop
      vertex 26.0612 32.9613 6.8
      vertex 26.0315 33.0444 2.8
      vertex 26.0315 33.0444 6.8
    endloop
  endfacet
  facet normal 0.941665 0.336552 0
    outer loop
      vertex 26.0315 33.0444 2.8
      vertex 26.0612 32.9613 6.8
      vertex 26.0612 32.9613 2.8
    endloop
  endfacet
  facet normal 0.989118 0.147123 0
    outer loop
      vertex 26.0957 32.7882 6.8
      vertex 26.0827 32.8756 2.8
      vertex 26.0827 32.8756 6.8
    endloop
  endfacet
  facet normal 0.989118 0.147123 0
    outer loop
      vertex 26.0827 32.8756 2.8
      vertex 26.0957 32.7882 6.8
      vertex 26.0957 32.7882 2.8
    endloop
  endfacet
  facet normal 0.243334 0.969942 -0
    outer loop
      vertex 25.4613 33.5612 2.8
      vertex 25.3756 33.5827 6.8
      vertex 25.4613 33.5612 6.8
    endloop
  endfacet
  facet normal 0.243334 0.969942 0
    outer loop
      vertex 25.3756 33.5827 6.8
      vertex 25.4613 33.5612 2.8
      vertex 25.3756 33.5827 2.8
    endloop
  endfacet
  facet normal -0.427649 -0.903945 0
    outer loop
      vertex 24.7757 31.9063 2.8
      vertex 24.8556 31.8685 6.8
      vertex 24.7757 31.9063 6.8
    endloop
  endfacet
  facet normal -0.427649 -0.903945 -0
    outer loop
      vertex 24.8556 31.8685 6.8
      vertex 24.7757 31.9063 2.8
      vertex 24.8556 31.8685 2.8
    endloop
  endfacet
  facet normal 0.427649 0.903945 -0
    outer loop
      vertex 25.6243 33.4937 2.8
      vertex 25.5444 33.5315 6.8
      vertex 25.6243 33.4937 6.8
    endloop
  endfacet
  facet normal 0.427649 0.903945 0
    outer loop
      vertex 25.5444 33.5315 6.8
      vertex 25.6243 33.4937 2.8
      vertex 25.5444 33.5315 2.8
    endloop
  endfacet
  facet normal -0.903945 -0.427649 0
    outer loop
      vertex 24.4063 32.2757 2.8
      vertex 24.3685 32.3556 6.8
      vertex 24.3685 32.3556 2.8
    endloop
  endfacet
  facet normal -0.903945 -0.427649 0
    outer loop
      vertex 24.3685 32.3556 6.8
      vertex 24.4063 32.2757 2.8
      vertex 24.4063 32.2757 6.8
    endloop
  endfacet
  facet normal -0.595282 0.803517 0
    outer loop
      vertex 24.7 33.4483 2.8
      vertex 24.629 33.3957 6.8
      vertex 24.7 33.4483 6.8
    endloop
  endfacet
  facet normal -0.595282 0.803517 0
    outer loop
      vertex 24.629 33.3957 6.8
      vertex 24.7 33.4483 2.8
      vertex 24.629 33.3957 2.8
    endloop
  endfacet
  facet normal -0.989118 -0.147123 0
    outer loop
      vertex 24.3173 32.5244 2.8
      vertex 24.3043 32.6118 6.8
      vertex 24.3043 32.6118 2.8
    endloop
  endfacet
  facet normal -0.989118 -0.147123 0
    outer loop
      vertex 24.3043 32.6118 6.8
      vertex 24.3173 32.5244 2.8
      vertex 24.3173 32.5244 6.8
    endloop
  endfacet
  facet normal -0.941665 -0.336552 0
    outer loop
      vertex 24.3685 32.3556 2.8
      vertex 24.3388 32.4387 6.8
      vertex 24.3388 32.4387 2.8
    endloop
  endfacet
  facet normal -0.941665 -0.336552 0
    outer loop
      vertex 24.3388 32.4387 6.8
      vertex 24.3685 32.3556 2.8
      vertex 24.3685 32.3556 6.8
    endloop
  endfacet
  facet normal -0.048695 -0.998814 0
    outer loop
      vertex 25.1118 31.8043 2.8
      vertex 25.2 31.8 6.8
      vertex 25.1118 31.8043 6.8
    endloop
  endfacet
  facet normal -0.048695 -0.998814 -0
    outer loop
      vertex 25.2 31.8 6.8
      vertex 25.1118 31.8043 2.8
      vertex 25.2 31.8 2.8
    endloop
  endfacet
  facet normal 0.514329 0.857593 -0
    outer loop
      vertex 25.7 33.4483 2.8
      vertex 25.6243 33.4937 6.8
      vertex 25.7 33.4483 6.8
    endloop
  endfacet
  facet normal 0.514329 0.857593 0
    outer loop
      vertex 25.6243 33.4937 6.8
      vertex 25.7 33.4483 2.8
      vertex 25.6243 33.4937 2.8
    endloop
  endfacet
  facet normal 0.595282 0.803517 -0
    outer loop
      vertex 25.771 33.3957 2.8
      vertex 25.7 33.4483 6.8
      vertex 25.771 33.3957 6.8
    endloop
  endfacet
  facet normal 0.595282 0.803517 0
    outer loop
      vertex 25.7 33.4483 6.8
      vertex 25.771 33.3957 2.8
      vertex 25.7 33.4483 2.8
    endloop
  endfacet
  facet normal 0.336552 -0.941665 0
    outer loop
      vertex 25.4613 31.8388 2.8
      vertex 25.5444 31.8685 6.8
      vertex 25.4613 31.8388 6.8
    endloop
  endfacet
  facet normal 0.336552 -0.941665 0
    outer loop
      vertex 25.5444 31.8685 6.8
      vertex 25.4613 31.8388 2.8
      vertex 25.5444 31.8685 2.8
    endloop
  endfacet
  facet normal -0.147123 -0.989118 0
    outer loop
      vertex 25.0244 31.8173 2.8
      vertex 25.1118 31.8043 6.8
      vertex 25.0244 31.8173 6.8
    endloop
  endfacet
  facet normal -0.147123 -0.989118 -0
    outer loop
      vertex 25.1118 31.8043 6.8
      vertex 25.0244 31.8173 2.8
      vertex 25.1118 31.8043 2.8
    endloop
  endfacet
  facet normal -0.803517 -0.595282 0
    outer loop
      vertex 24.5043 32.129 2.8
      vertex 24.4517 32.2 6.8
      vertex 24.4517 32.2 2.8
    endloop
  endfacet
  facet normal -0.803517 -0.595282 0
    outer loop
      vertex 24.4517 32.2 6.8
      vertex 24.5043 32.129 2.8
      vertex 24.5043 32.129 6.8
    endloop
  endfacet
  facet normal -0.427649 0.903945 0
    outer loop
      vertex 24.8556 33.5315 2.8
      vertex 24.7757 33.4937 6.8
      vertex 24.8556 33.5315 6.8
    endloop
  endfacet
  facet normal -0.427649 0.903945 0
    outer loop
      vertex 24.7757 33.4937 6.8
      vertex 24.8556 33.5315 2.8
      vertex 24.7757 33.4937 2.8
    endloop
  endfacet
  facet normal -0.243334 0.969942 0
    outer loop
      vertex 25.0244 33.5827 2.8
      vertex 24.9387 33.5612 6.8
      vertex 25.0244 33.5827 6.8
    endloop
  endfacet
  facet normal -0.243334 0.969942 0
    outer loop
      vertex 24.9387 33.5612 6.8
      vertex 25.0244 33.5827 2.8
      vertex 24.9387 33.5612 2.8
    endloop
  endfacet
  facet normal 0.147123 -0.989118 0
    outer loop
      vertex 25.2882 31.8043 2.8
      vertex 25.3756 31.8173 6.8
      vertex 25.2882 31.8043 6.8
    endloop
  endfacet
  facet normal 0.147123 -0.989118 0
    outer loop
      vertex 25.3756 31.8173 6.8
      vertex 25.2882 31.8043 2.8
      vertex 25.3756 31.8173 2.8
    endloop
  endfacet
  facet normal -0.969942 -0.243334 0
    outer loop
      vertex 24.3388 32.4387 2.8
      vertex 24.3173 32.5244 6.8
      vertex 24.3173 32.5244 2.8
    endloop
  endfacet
  facet normal -0.969942 -0.243334 0
    outer loop
      vertex 24.3173 32.5244 6.8
      vertex 24.3388 32.4387 2.8
      vertex 24.3388 32.4387 6.8
    endloop
  endfacet
  facet normal -0.857593 -0.514329 0
    outer loop
      vertex 24.4517 32.2 2.8
      vertex 24.4063 32.2757 6.8
      vertex 24.4063 32.2757 2.8
    endloop
  endfacet
  facet normal -0.857593 -0.514329 0
    outer loop
      vertex 24.4063 32.2757 6.8
      vertex 24.4517 32.2 2.8
      vertex 24.4517 32.2 6.8
    endloop
  endfacet
  facet normal 0.740811 -0.671714 0
    outer loop
      vertex 25.8364 32.0636 6.8
      vertex 25.8957 32.129 2.8
      vertex 25.8957 32.129 6.8
    endloop
  endfacet
  facet normal 0.740811 -0.671714 0
    outer loop
      vertex 25.8957 32.129 2.8
      vertex 25.8364 32.0636 6.8
      vertex 25.8364 32.0636 2.8
    endloop
  endfacet
  facet normal 0.803517 -0.595282 0
    outer loop
      vertex 25.8957 32.129 6.8
      vertex 25.9483 32.2 2.8
      vertex 25.9483 32.2 6.8
    endloop
  endfacet
  facet normal 0.803517 -0.595282 0
    outer loop
      vertex 25.9483 32.2 2.8
      vertex 25.8957 32.129 6.8
      vertex 25.8957 32.129 2.8
    endloop
  endfacet
  facet normal -0.941665 0.336552 0
    outer loop
      vertex 24.3388 32.9613 2.8
      vertex 24.3685 33.0444 6.8
      vertex 24.3685 33.0444 2.8
    endloop
  endfacet
  facet normal -0.941665 0.336552 0
    outer loop
      vertex 24.3685 33.0444 6.8
      vertex 24.3388 32.9613 2.8
      vertex 24.3388 32.9613 6.8
    endloop
  endfacet
  facet normal 0.671714 0.740811 -0
    outer loop
      vertex 25.8364 33.3364 2.8
      vertex 25.771 33.3957 6.8
      vertex 25.8364 33.3364 6.8
    endloop
  endfacet
  facet normal 0.671714 0.740811 0
    outer loop
      vertex 25.771 33.3957 6.8
      vertex 25.8364 33.3364 2.8
      vertex 25.771 33.3957 2.8
    endloop
  endfacet
  facet normal -0.903945 0.427649 0
    outer loop
      vertex 24.3685 33.0444 2.8
      vertex 24.4063 33.1243 6.8
      vertex 24.4063 33.1243 2.8
    endloop
  endfacet
  facet normal -0.903945 0.427649 0
    outer loop
      vertex 24.4063 33.1243 6.8
      vertex 24.3685 33.0444 2.8
      vertex 24.3685 33.0444 6.8
    endloop
  endfacet
  facet normal -0.514329 -0.857593 0
    outer loop
      vertex 24.7 31.9517 2.8
      vertex 24.7757 31.9063 6.8
      vertex 24.7 31.9517 6.8
    endloop
  endfacet
  facet normal -0.514329 -0.857593 -0
    outer loop
      vertex 24.7757 31.9063 6.8
      vertex 24.7 31.9517 2.8
      vertex 24.7757 31.9063 2.8
    endloop
  endfacet
  facet normal -0.857593 0.514329 0
    outer loop
      vertex 24.4063 33.1243 2.8
      vertex 24.4517 33.2 6.8
      vertex 24.4517 33.2 2.8
    endloop
  endfacet
  facet normal -0.857593 0.514329 0
    outer loop
      vertex 24.4517 33.2 6.8
      vertex 24.4063 33.1243 2.8
      vertex 24.4063 33.1243 6.8
    endloop
  endfacet
  facet normal -0.048695 0.998814 0
    outer loop
      vertex 25.2 33.6 2.8
      vertex 25.1118 33.5957 6.8
      vertex 25.2 33.6 6.8
    endloop
  endfacet
  facet normal -0.048695 0.998814 0
    outer loop
      vertex 25.1118 33.5957 6.8
      vertex 25.2 33.6 2.8
      vertex 25.1118 33.5957 2.8
    endloop
  endfacet
  facet normal 0.941665 -0.336552 0
    outer loop
      vertex 26.0315 32.3556 6.8
      vertex 26.0612 32.4387 2.8
      vertex 26.0612 32.4387 6.8
    endloop
  endfacet
  facet normal 0.941665 -0.336552 0
    outer loop
      vertex 26.0612 32.4387 2.8
      vertex 26.0315 32.3556 6.8
      vertex 26.0315 32.3556 2.8
    endloop
  endfacet
  facet normal -0.671714 -0.740811 0
    outer loop
      vertex 24.5636 32.0636 2.8
      vertex 24.629 32.0043 6.8
      vertex 24.5636 32.0636 6.8
    endloop
  endfacet
  facet normal -0.671714 -0.740811 -0
    outer loop
      vertex 24.629 32.0043 6.8
      vertex 24.5636 32.0636 2.8
      vertex 24.629 32.0043 2.8
    endloop
  endfacet
  facet normal 0.969942 -0.243334 0
    outer loop
      vertex 26.0612 32.4387 6.8
      vertex 26.0827 32.5244 2.8
      vertex 26.0827 32.5244 6.8
    endloop
  endfacet
  facet normal 0.969942 -0.243334 0
    outer loop
      vertex 26.0827 32.5244 2.8
      vertex 26.0612 32.4387 6.8
      vertex 26.0612 32.4387 2.8
    endloop
  endfacet
  facet normal 0.857593 -0.514329 0
    outer loop
      vertex 25.9483 32.2 6.8
      vertex 25.9937 32.2757 2.8
      vertex 25.9937 32.2757 6.8
    endloop
  endfacet
  facet normal 0.857593 -0.514329 0
    outer loop
      vertex 25.9937 32.2757 2.8
      vertex 25.9483 32.2 6.8
      vertex 25.9483 32.2 2.8
    endloop
  endfacet
  facet normal 0.740811 0.671714 0
    outer loop
      vertex 25.8957 33.271 6.8
      vertex 25.8364 33.3364 2.8
      vertex 25.8364 33.3364 6.8
    endloop
  endfacet
  facet normal 0.740811 0.671714 0
    outer loop
      vertex 25.8364 33.3364 2.8
      vertex 25.8957 33.271 6.8
      vertex 25.8957 33.271 2.8
    endloop
  endfacet
  facet normal 0.969942 0.243334 0
    outer loop
      vertex 26.0827 32.8756 6.8
      vertex 26.0612 32.9613 2.8
      vertex 26.0612 32.9613 6.8
    endloop
  endfacet
  facet normal 0.969942 0.243334 0
    outer loop
      vertex 26.0612 32.9613 2.8
      vertex 26.0827 32.8756 6.8
      vertex 26.0827 32.8756 2.8
    endloop
  endfacet
  facet normal 0.514329 -0.857593 0
    outer loop
      vertex 25.6243 31.9063 2.8
      vertex 25.7 31.9517 6.8
      vertex 25.6243 31.9063 6.8
    endloop
  endfacet
  facet normal 0.514329 -0.857593 0
    outer loop
      vertex 25.7 31.9517 6.8
      vertex 25.6243 31.9063 2.8
      vertex 25.7 31.9517 2.8
    endloop
  endfacet
  facet normal -0.336552 -0.941665 0
    outer loop
      vertex 24.8556 31.8685 2.8
      vertex 24.9387 31.8388 6.8
      vertex 24.8556 31.8685 6.8
    endloop
  endfacet
  facet normal -0.336552 -0.941665 -0
    outer loop
      vertex 24.9387 31.8388 6.8
      vertex 24.8556 31.8685 2.8
      vertex 24.9387 31.8388 2.8
    endloop
  endfacet
  facet normal 0.803517 0.595282 0
    outer loop
      vertex 25.9483 33.2 6.8
      vertex 25.8957 33.271 2.8
      vertex 25.8957 33.271 6.8
    endloop
  endfacet
  facet normal 0.803517 0.595282 0
    outer loop
      vertex 25.8957 33.271 2.8
      vertex 25.9483 33.2 6.8
      vertex 25.9483 33.2 2.8
    endloop
  endfacet
  facet normal 0.989118 -0.147123 0
    outer loop
      vertex 26.0827 32.5244 6.8
      vertex 26.0957 32.6118 2.8
      vertex 26.0957 32.6118 6.8
    endloop
  endfacet
  facet normal 0.989118 -0.147123 0
    outer loop
      vertex 26.0957 32.6118 2.8
      vertex 26.0827 32.5244 6.8
      vertex 26.0827 32.5244 2.8
    endloop
  endfacet
  facet normal 0.903945 0.427649 0
    outer loop
      vertex 26.0315 33.0444 6.8
      vertex 25.9937 33.1243 2.8
      vertex 25.9937 33.1243 6.8
    endloop
  endfacet
  facet normal 0.903945 0.427649 0
    outer loop
      vertex 25.9937 33.1243 2.8
      vertex 26.0315 33.0444 6.8
      vertex 26.0315 33.0444 2.8
    endloop
  endfacet
  facet normal 0.048695 0.998814 -0
    outer loop
      vertex 25.2882 33.5957 2.8
      vertex 25.2 33.6 6.8
      vertex 25.2882 33.5957 6.8
    endloop
  endfacet
  facet normal 0.048695 0.998814 0
    outer loop
      vertex 25.2 33.6 6.8
      vertex 25.2882 33.5957 2.8
      vertex 25.2 33.6 2.8
    endloop
  endfacet
  facet normal -0.740811 -0.671714 0
    outer loop
      vertex 24.5636 32.0636 2.8
      vertex 24.5043 32.129 6.8
      vertex 24.5043 32.129 2.8
    endloop
  endfacet
  facet normal -0.740811 -0.671714 0
    outer loop
      vertex 24.5043 32.129 6.8
      vertex 24.5636 32.0636 2.8
      vertex 24.5636 32.0636 6.8
    endloop
  endfacet
  facet normal 0.243334 -0.969942 0
    outer loop
      vertex 25.3756 31.8173 2.8
      vertex 25.4613 31.8388 6.8
      vertex 25.3756 31.8173 6.8
    endloop
  endfacet
  facet normal 0.243334 -0.969942 0
    outer loop
      vertex 25.4613 31.8388 6.8
      vertex 25.3756 31.8173 2.8
      vertex 25.4613 31.8388 2.8
    endloop
  endfacet
  facet normal 0.427649 -0.903945 0
    outer loop
      vertex 25.5444 31.8685 2.8
      vertex 25.6243 31.9063 6.8
      vertex 25.5444 31.8685 6.8
    endloop
  endfacet
  facet normal 0.427649 -0.903945 0
    outer loop
      vertex 25.6243 31.9063 6.8
      vertex 25.5444 31.8685 2.8
      vertex 25.6243 31.9063 2.8
    endloop
  endfacet
  facet normal 0.671714 -0.740811 0
    outer loop
      vertex 25.771 32.0043 2.8
      vertex 25.8364 32.0636 6.8
      vertex 25.771 32.0043 6.8
    endloop
  endfacet
  facet normal 0.671714 -0.740811 0
    outer loop
      vertex 25.8364 32.0636 6.8
      vertex 25.771 32.0043 2.8
      vertex 25.8364 32.0636 2.8
    endloop
  endfacet
  facet normal 0.998814 0.048695 0
    outer loop
      vertex 26.1 32.7 6.8
      vertex 26.0957 32.7882 2.8
      vertex 26.0957 32.7882 6.8
    endloop
  endfacet
  facet normal 0.998814 0.048695 0
    outer loop
      vertex 26.0957 32.7882 2.8
      vertex 26.1 32.7 6.8
      vertex 26.1 32.7 2.8
    endloop
  endfacet
  facet normal 0.998814 -0.048695 0
    outer loop
      vertex 26.0957 32.6118 6.8
      vertex 26.1 32.7 2.8
      vertex 26.1 32.7 6.8
    endloop
  endfacet
  facet normal 0.998814 -0.048695 0
    outer loop
      vertex 26.1 32.7 2.8
      vertex 26.0957 32.6118 6.8
      vertex 26.0957 32.6118 2.8
    endloop
  endfacet
  facet normal 0.903945 -0.427649 0
    outer loop
      vertex 25.9937 32.2757 6.8
      vertex 26.0315 32.3556 2.8
      vertex 26.0315 32.3556 6.8
    endloop
  endfacet
  facet normal 0.903945 -0.427649 0
    outer loop
      vertex 26.0315 32.3556 2.8
      vertex 25.9937 32.2757 6.8
      vertex 25.9937 32.2757 2.8
    endloop
  endfacet
  facet normal 0.595282 -0.803517 0
    outer loop
      vertex 25.7 31.9517 2.8
      vertex 25.771 32.0043 6.8
      vertex 25.7 31.9517 6.8
    endloop
  endfacet
  facet normal 0.595282 -0.803517 0
    outer loop
      vertex 25.771 32.0043 6.8
      vertex 25.7 31.9517 2.8
      vertex 25.771 32.0043 2.8
    endloop
  endfacet
  facet normal -0.147123 0.989118 0
    outer loop
      vertex 25.1118 33.5957 2.8
      vertex 25.0244 33.5827 6.8
      vertex 25.1118 33.5957 6.8
    endloop
  endfacet
  facet normal -0.147123 0.989118 0
    outer loop
      vertex 25.0244 33.5827 6.8
      vertex 25.1118 33.5957 2.8
      vertex 25.0244 33.5827 2.8
    endloop
  endfacet
  facet normal 0 0 1
    outer loop
      vertex 26.0957 32.7882 6.8
      vertex 26.0957 32.6118 6.8
      vertex 26.1 32.7 6.8
    endloop
  endfacet
  facet normal 0 0 1
    outer loop
      vertex 26.0827 32.8756 6.8
      vertex 26.0957 32.6118 6.8
      vertex 26.0957 32.7882 6.8
    endloop
  endfacet
  facet normal 0 0 1
    outer loop
      vertex 26.0827 32.8756 6.8
      vertex 26.0827 32.5244 6.8
      vertex 26.0957 32.6118 6.8
    endloop
  endfacet
  facet normal 0 0 1
    outer loop
      vertex 26.0612 32.9613 6.8
      vertex 26.0827 32.5244 6.8
      vertex 26.0827 32.8756 6.8
    endloop
  endfacet
  facet normal 0 0 1
    outer loop
      vertex 26.0612 32.9613 6.8
      vertex 26.0612 32.4387 6.8
      vertex 26.0827 32.5244 6.8
    endloop
  endfacet
  facet normal 0 0 1
    outer loop
      vertex 26.0315 33.0444 6.8
      vertex 26.0612 32.4387 6.8
      vertex 26.0612 32.9613 6.8
    endloop
  endfacet
  facet normal 0 0 1
    outer loop
      vertex 26.0315 33.0444 6.8
      vertex 26.0315 32.3556 6.8
      vertex 26.0612 32.4387 6.8
    endloop
  endfacet
  facet normal 0 0 1
    outer loop
      vertex 25.9937 33.1243 6.8
      vertex 26.0315 32.3556 6.8
      vertex 26.0315 33.0444 6.8
    endloop
  endfacet
  facet normal 0 0 1
    outer loop
      vertex 25.9937 33.1243 6.8
      vertex 25.9937 32.2757 6.8
      vertex 26.0315 32.3556 6.8
    endloop
  endfacet
  facet normal 0 0 1
    outer loop
      vertex 25.9483 33.2 6.8
      vertex 25.9937 32.2757 6.8
      vertex 25.9937 33.1243 6.8
    endloop
  endfacet
  facet normal 0 0 1
    outer loop
      vertex 25.9483 33.2 6.8
      vertex 25.9483 32.2 6.8
      vertex 25.9937 32.2757 6.8
    endloop
  endfacet
  facet normal 0 0 1
    outer loop
      vertex 25.8957 33.271 6.8
      vertex 25.9483 32.2 6.8
      vertex 25.9483 33.2 6.8
    endloop
  endfacet
  facet normal 0 0 1
    outer loop
      vertex 25.8957 33.271 6.8
      vertex 25.8957 32.129 6.8
      vertex 25.9483 32.2 6.8
    endloop
  endfacet
  facet normal 0 0 1
    outer loop
      vertex 25.8364 33.3364 6.8
      vertex 25.8957 32.129 6.8
      vertex 25.8957 33.271 6.8
    endloop
  endfacet
  facet normal 0 0 1
    outer loop
      vertex 25.8364 33.3364 6.8
      vertex 25.8364 32.0636 6.8
      vertex 25.8957 32.129 6.8
    endloop
  endfacet
  facet normal 0 0 1
    outer loop
      vertex 25.771 33.3957 6.8
      vertex 25.8364 32.0636 6.8
      vertex 25.8364 33.3364 6.8
    endloop
  endfacet
  facet normal 0 0 1
    outer loop
      vertex 25.771 33.3957 6.8
      vertex 25.771 32.0043 6.8
      vertex 25.8364 32.0636 6.8
    endloop
  endfacet
  facet normal 0 0 1
    outer loop
      vertex 25.7 33.4483 6.8
      vertex 25.771 32.0043 6.8
      vertex 25.771 33.3957 6.8
    endloop
  endfacet
  facet normal 0 0 1
    outer loop
      vertex 25.7 33.4483 6.8
      vertex 25.7 31.9517 6.8
      vertex 25.771 32.0043 6.8
    endloop
  endfacet
  facet normal 0 0 1
    outer loop
      vertex 25.6243 33.4937 6.8
      vertex 25.7 31.9517 6.8
      vertex 25.7 33.4483 6.8
    endloop
  endfacet
  facet normal 0 0 1
    outer loop
      vertex 25.6243 33.4937 6.8
      vertex 25.6243 31.9063 6.8
      vertex 25.7 31.9517 6.8
    endloop
  endfacet
  facet normal 0 0 1
    outer loop
      vertex 25.5444 33.5315 6.8
      vertex 25.6243 31.9063 6.8
      vertex 25.6243 33.4937 6.8
    endloop
  endfacet
  facet normal 0 0 1
    outer loop
      vertex 25.5444 33.5315 6.8
      vertex 25.5444 31.8685 6.8
      vertex 25.6243 31.9063 6.8
    endloop
  endfacet
  facet normal 0 0 1
    outer loop
      vertex 25.4613 33.5612 6.8
      vertex 25.5444 31.8685 6.8
      vertex 25.5444 33.5315 6.8
    endloop
  endfacet
  facet normal 0 0 1
    outer loop
      vertex 25.4613 33.5612 6.8
      vertex 25.4613 31.8388 6.8
      vertex 25.5444 31.8685 6.8
    endloop
  endfacet
  facet normal 0 0 1
    outer loop
      vertex 25.3756 33.5827 6.8
      vertex 25.4613 31.8388 6.8
      vertex 25.4613 33.5612 6.8
    endloop
  endfacet
  facet normal 0 0 1
    outer loop
      vertex 25.3756 33.5827 6.8
      vertex 25.3756 31.8173 6.8
      vertex 25.4613 31.8388 6.8
    endloop
  endfacet
  facet normal 0 0 1
    outer loop
      vertex 25.2882 33.5957 6.8
      vertex 25.3756 31.8173 6.8
      vertex 25.3756 33.5827 6.8
    endloop
  endfacet
  facet normal 0 0 1
    outer loop
      vertex 25.2882 33.5957 6.8
      vertex 25.2882 31.8043 6.8
      vertex 25.3756 31.8173 6.8
    endloop
  endfacet
  facet normal 0 0 1
    outer loop
      vertex 25.2 33.6 6.8
      vertex 25.2882 31.8043 6.8
      vertex 25.2882 33.5957 6.8
    endloop
  endfacet
  facet normal 0 0 1
    outer loop
      vertex 25.2 33.6 6.8
      vertex 25.2 31.8 6.8
      vertex 25.2882 31.8043 6.8
    endloop
  endfacet
  facet normal -0 0 1
    outer loop
      vertex 25.1118 33.5957 6.8
      vertex 25.2 31.8 6.8
      vertex 25.2 33.6 6.8
    endloop
  endfacet
  facet normal 0 0 1
    outer loop
      vertex 25.1118 33.5957 6.8
      vertex 25.1118 31.8043 6.8
      vertex 25.2 31.8 6.8
    endloop
  endfacet
  facet normal -0 0 1
    outer loop
      vertex 25.0244 33.5827 6.8
      vertex 25.1118 31.8043 6.8
      vertex 25.1118 33.5957 6.8
    endloop
  endfacet
  facet normal 0 0 1
    outer loop
      vertex 25.0244 33.5827 6.8
      vertex 25.0244 31.8173 6.8
      vertex 25.1118 31.8043 6.8
    endloop
  endfacet
  facet normal -0 0 1
    outer loop
      vertex 24.9387 33.5612 6.8
      vertex 25.0244 31.8173 6.8
      vertex 25.0244 33.5827 6.8
    endloop
  endfacet
  facet normal 0 0 1
    outer loop
      vertex 24.9387 33.5612 6.8
      vertex 24.9387 31.8388 6.8
      vertex 25.0244 31.8173 6.8
    endloop
  endfacet
  facet normal -0 0 1
    outer loop
      vertex 24.8556 33.5315 6.8
      vertex 24.9387 31.8388 6.8
      vertex 24.9387 33.5612 6.8
    endloop
  endfacet
  facet normal 0 0 1
    outer loop
      vertex 24.8556 33.5315 6.8
      vertex 24.8556 31.8685 6.8
      vertex 24.9387 31.8388 6.8
    endloop
  endfacet
  facet normal -0 0 1
    outer loop
      vertex 24.7757 33.4937 6.8
      vertex 24.8556 31.8685 6.8
      vertex 24.8556 33.5315 6.8
    endloop
  endfacet
  facet normal 0 0 1
    outer loop
      vertex 24.7757 33.4937 6.8
      vertex 24.7757 31.9063 6.8
      vertex 24.8556 31.8685 6.8
    endloop
  endfacet
  facet normal -0 0 1
    outer loop
      vertex 24.7 33.4483 6.8
      vertex 24.7757 31.9063 6.8
      vertex 24.7757 33.4937 6.8
    endloop
  endfacet
  facet normal 0 0 1
    outer loop
      vertex 24.7 33.4483 6.8
      vertex 24.7 31.9517 6.8
      vertex 24.7757 31.9063 6.8
    endloop
  endfacet
  facet normal -0 0 1
    outer loop
      vertex 24.629 33.3957 6.8
      vertex 24.7 31.9517 6.8
      vertex 24.7 33.4483 6.8
    endloop
  endfacet
  facet normal 0 0 1
    outer loop
      vertex 24.629 33.3957 6.8
      vertex 24.629 32.0043 6.8
      vertex 24.7 31.9517 6.8
    endloop
  endfacet
  facet normal -0 0 1
    outer loop
      vertex 24.5636 33.3364 6.8
      vertex 24.629 32.0043 6.8
      vertex 24.629 33.3957 6.8
    endloop
  endfacet
  facet normal 0 0 1
    outer loop
      vertex 24.5636 33.3364 6.8
      vertex 24.5636 32.0636 6.8
      vertex 24.629 32.0043 6.8
    endloop
  endfacet
  facet normal -0 0 1
    outer loop
      vertex 24.5043 33.271 6.8
      vertex 24.5636 32.0636 6.8
      vertex 24.5636 33.3364 6.8
    endloop
  endfacet
  facet normal 0 0 1
    outer loop
      vertex 24.5043 33.271 6.8
      vertex 24.5043 32.129 6.8
      vertex 24.5636 32.0636 6.8
    endloop
  endfacet
  facet normal -0 0 1
    outer loop
      vertex 24.4517 33.2 6.8
      vertex 24.5043 32.129 6.8
      vertex 24.5043 33.271 6.8
    endloop
  endfacet
  facet normal 0 0 1
    outer loop
      vertex 24.4517 33.2 6.8
      vertex 24.4517 32.2 6.8
      vertex 24.5043 32.129 6.8
    endloop
  endfacet
  facet normal -0 0 1
    outer loop
      vertex 24.4063 33.1243 6.8
      vertex 24.4517 32.2 6.8
      vertex 24.4517 33.2 6.8
    endloop
  endfacet
  facet normal 0 0 1
    outer loop
      vertex 24.4063 33.1243 6.8
      vertex 24.4063 32.2757 6.8
      vertex 24.4517 32.2 6.8
    endloop
  endfacet
  facet normal -0 0 1
    outer loop
      vertex 24.3685 33.0444 6.8
      vertex 24.4063 32.2757 6.8
      vertex 24.4063 33.1243 6.8
    endloop
  endfacet
  facet normal 0 0 1
    outer loop
      vertex 24.3685 33.0444 6.8
      vertex 24.3685 32.3556 6.8
      vertex 24.4063 32.2757 6.8
    endloop
  endfacet
  facet normal -0 0 1
    outer loop
      vertex 24.3388 32.9613 6.8
      vertex 24.3685 32.3556 6.8
      vertex 24.3685 33.0444 6.8
    endloop
  endfacet
  facet normal 0 0 1
    outer loop
      vertex 24.3388 32.9613 6.8
      vertex 24.3388 32.4387 6.8
      vertex 24.3685 32.3556 6.8
    endloop
  endfacet
  facet normal -0 0 1
    outer loop
      vertex 24.3173 32.8756 6.8
      vertex 24.3388 32.4387 6.8
      vertex 24.3388 32.9613 6.8
    endloop
  endfacet
  facet normal 0 0 1
    outer loop
      vertex 24.3173 32.8756 6.8
      vertex 24.3173 32.5244 6.8
      vertex 24.3388 32.4387 6.8
    endloop
  endfacet
  facet normal -0 0 1
    outer loop
      vertex 24.3043 32.7882 6.8
      vertex 24.3173 32.5244 6.8
      vertex 24.3173 32.8756 6.8
    endloop
  endfacet
  facet normal 0 0 1
    outer loop
      vertex 24.3043 32.7882 6.8
      vertex 24.3043 32.6118 6.8
      vertex 24.3173 32.5244 6.8
    endloop
  endfacet
  facet normal 0 -0 1
    outer loop
      vertex 24.3043 32.6118 6.8
      vertex 24.3043 32.7882 6.8
      vertex 24.3 32.7 6.8
    endloop
  endfacet
  facet normal -0.989175 0.146741 0
    outer loop
      vertex 31.2548 5.09802 2.8
      vertex 31.2692 5.19509 6.8
      vertex 31.2692 5.19509 2.8
    endloop
  endfacet
  facet normal -0.989175 0.146741 0
    outer loop
      vertex 31.2692 5.19509 6.8
      vertex 31.2548 5.09802 2.8
      vertex 31.2548 5.09802 6.8
    endloop
  endfacet
  facet normal -0.998803 0.048911 0
    outer loop
      vertex 31.25 5 2.8
      vertex 31.2548 5.09802 6.8
      vertex 31.2548 5.09802 2.8
    endloop
  endfacet
  facet normal -0.998803 0.048911 0
    outer loop
      vertex 31.2548 5.09802 6.8
      vertex 31.25 5 2.8
      vertex 31.25 5 6.8
    endloop
  endfacet
  facet normal -0.969896 0.243518 0
    outer loop
      vertex 31.2692 5.19509 2.8
      vertex 31.2931 5.29028 6.8
      vertex 31.2931 5.29028 2.8
    endloop
  endfacet
  facet normal -0.969896 0.243518 0
    outer loop
      vertex 31.2931 5.29028 6.8
      vertex 31.2692 5.19509 2.8
      vertex 31.2692 5.19509 6.8
    endloop
  endfacet
  facet normal 0.242919 0.970047 -0
    outer loop
      vertex 32.5403 5.95694 2.8
      vertex 32.4451 5.98078 6.8
      vertex 32.5403 5.95694 6.8
    endloop
  endfacet
  facet normal 0.242919 0.970047 0
    outer loop
      vertex 32.4451 5.98078 6.8
      vertex 32.5403 5.95694 2.8
      vertex 32.4451 5.98078 2.8
    endloop
  endfacet
  facet normal 0.903837 -0.427876 0
    outer loop
      vertex 33.1319 4.5286 6.8
      vertex 33.1739 4.61732 2.8
      vertex 33.1739 4.61732 6.8
    endloop
  endfacet
  facet normal 0.903837 -0.427876 0
    outer loop
      vertex 33.1739 4.61732 2.8
      vertex 33.1319 4.5286 6.8
      vertex 33.1319 4.5286 2.8
    endloop
  endfacet
  facet normal -0.427622 -0.903958 0
    outer loop
      vertex 31.7786 4.11808 2.8
      vertex 31.8673 4.07612 6.8
      vertex 31.7786 4.11808 6.8
    endloop
  endfacet
  facet normal -0.427622 -0.903958 -0
    outer loop
      vertex 31.8673 4.07612 6.8
      vertex 31.7786 4.11808 2.8
      vertex 31.8673 4.07612 2.8
    endloop
  endfacet
  facet normal -0.513971 0.857807 0
    outer loop
      vertex 31.7786 5.88192 2.8
      vertex 31.6944 5.83147 6.8
      vertex 31.7786 5.88192 6.8
    endloop
  endfacet
  facet normal -0.513971 0.857807 0
    outer loop
      vertex 31.6944 5.83147 6.8
      vertex 31.7786 5.88192 2.8
      vertex 31.6944 5.83147 2.8
    endloop
  endfacet
  facet normal -0.513971 -0.857807 0
    outer loop
      vertex 31.6944 4.16853 2.8
      vertex 31.7786 4.11808 6.8
      vertex 31.6944 4.16853 6.8
    endloop
  endfacet
  facet normal -0.513971 -0.857807 -0
    outer loop
      vertex 31.7786 4.11808 6.8
      vertex 31.6944 4.16853 2.8
      vertex 31.7786 4.11808 2.8
    endloop
  endfacet
  facet normal -0.336879 -0.941548 0
    outer loop
      vertex 31.8673 4.07612 2.8
      vertex 31.9597 4.04306 6.8
      vertex 31.8673 4.07612 6.8
    endloop
  endfacet
  facet normal -0.336879 -0.941548 -0
    outer loop
      vertex 31.9597 4.04306 6.8
      vertex 31.8673 4.07612 2.8
      vertex 31.9597 4.04306 2.8
    endloop
  endfacet
  facet normal 0.969896 0.243518 0
    outer loop
      vertex 33.2308 5.19509 6.8
      vertex 33.2069 5.29028 2.8
      vertex 33.2069 5.29028 6.8
    endloop
  endfacet
  facet normal 0.969896 0.243518 0
    outer loop
      vertex 33.2069 5.29028 2.8
      vertex 33.2308 5.19509 6.8
      vertex 33.2308 5.19509 2.8
    endloop
  endfacet
  facet normal 0.671607 0.740908 -0
    outer loop
      vertex 32.9571 5.70711 2.8
      vertex 32.8844 5.77301 6.8
      vertex 32.9571 5.70711 6.8
    endloop
  endfacet
  facet normal 0.671607 0.740908 0
    outer loop
      vertex 32.8844 5.77301 6.8
      vertex 32.9571 5.70711 2.8
      vertex 32.8844 5.77301 2.8
    endloop
  endfacet
  facet normal 0.513971 0.857807 -0
    outer loop
      vertex 32.8056 5.83147 2.8
      vertex 32.7214 5.88192 6.8
      vertex 32.8056 5.83147 6.8
    endloop
  endfacet
  facet normal 0.513971 0.857807 0
    outer loop
      vertex 32.7214 5.88192 6.8
      vertex 32.8056 5.83147 2.8
      vertex 32.7214 5.88192 2.8
    endloop
  endfacet
  facet normal -0.146597 -0.989196 0
    outer loop
      vertex 32.0549 4.01921 2.8
      vertex 32.152 4.00482 6.8
      vertex 32.0549 4.01921 6.8
    endloop
  endfacet
  facet normal -0.146597 -0.989196 -0
    outer loop
      vertex 32.152 4.00482 6.8
      vertex 32.0549 4.01921 2.8
      vertex 32.152 4.00482 2.8
    endloop
  endfacet
  facet normal 0.802997 0.595983 0
    outer loop
      vertex 33.0815 5.55557 6.8
      vertex 33.023 5.63439 2.8
      vertex 33.023 5.63439 6.8
    endloop
  endfacet
  facet normal 0.802997 0.595983 0
    outer loop
      vertex 33.023 5.63439 2.8
      vertex 33.0815 5.55557 6.8
      vertex 33.0815 5.55557 2.8
    endloop
  endfacet
  facet normal -0.903837 0.427876 0
    outer loop
      vertex 31.3261 5.38268 2.8
      vertex 31.3681 5.4714 6.8
      vertex 31.3681 5.4714 2.8
    endloop
  endfacet
  facet normal -0.903837 0.427876 0
    outer loop
      vertex 31.3681 5.4714 6.8
      vertex 31.3261 5.38268 2.8
      vertex 31.3261 5.38268 6.8
    endloop
  endfacet
  facet normal 0.941742 0.336336 0
    outer loop
      vertex 33.2069 5.29028 6.8
      vertex 33.1739 5.38268 2.8
      vertex 33.1739 5.38268 6.8
    endloop
  endfacet
  facet normal 0.941742 0.336336 0
    outer loop
      vertex 33.1739 5.38268 2.8
      vertex 33.2069 5.29028 6.8
      vertex 33.2069 5.29028 2.8
    endloop
  endfacet
  facet normal 0.336879 -0.941548 0
    outer loop
      vertex 32.5403 4.04306 2.8
      vertex 32.6327 4.07612 6.8
      vertex 32.5403 4.04306 6.8
    endloop
  endfacet
  facet normal 0.336879 -0.941548 0
    outer loop
      vertex 32.6327 4.07612 6.8
      vertex 32.5403 4.04306 2.8
      vertex 32.6327 4.07612 2.8
    endloop
  endfacet
  facet normal -0.595817 0.80312 0
    outer loop
      vertex 31.6944 5.83147 2.8
      vertex 31.6156 5.77301 6.8
      vertex 31.6944 5.83147 6.8
    endloop
  endfacet
  facet normal -0.595817 0.80312 0
    outer loop
      vertex 31.6156 5.77301 6.8
      vertex 31.6944 5.83147 2.8
      vertex 31.6156 5.77301 2.8
    endloop
  endfacet
  facet normal 0.903837 0.427876 0
    outer loop
      vertex 33.1739 5.38268 6.8
      vertex 33.1319 5.4714 2.8
      vertex 33.1319 5.4714 6.8
    endloop
  endfacet
  facet normal 0.903837 0.427876 0
    outer loop
      vertex 33.1319 5.4714 2.8
      vertex 33.1739 5.38268 6.8
      vertex 33.1739 5.38268 2.8
    endloop
  endfacet
  facet normal -0.802997 -0.595983 0
    outer loop
      vertex 31.477 4.36561 2.8
      vertex 31.4185 4.44443 6.8
      vertex 31.4185 4.44443 2.8
    endloop
  endfacet
  facet normal -0.802997 -0.595983 0
    outer loop
      vertex 31.4185 4.44443 6.8
      vertex 31.477 4.36561 2.8
      vertex 31.477 4.36561 6.8
    endloop
  endfacet
  facet normal -0.146696 0.989182 0
    outer loop
      vertex 32.152 5.99518 2.8
      vertex 32.0549 5.98078 6.8
      vertex 32.152 5.99518 6.8
    endloop
  endfacet
  facet normal -0.146696 0.989182 0
    outer loop
      vertex 32.0549 5.98078 6.8
      vertex 32.152 5.99518 2.8
      vertex 32.0549 5.98078 2.8
    endloop
  endfacet
  facet normal 0.989175 0.146741 0
    outer loop
      vertex 33.2452 5.09802 6.8
      vertex 33.2308 5.19509 2.8
      vertex 33.2308 5.19509 6.8
    endloop
  endfacet
  facet normal 0.989175 0.146741 0
    outer loop
      vertex 33.2308 5.19509 2.8
      vertex 33.2452 5.09802 6.8
      vertex 33.2452 5.09802 2.8
    endloop
  endfacet
  facet normal -0.802997 0.595983 0
    outer loop
      vertex 31.4185 5.55557 2.8
      vertex 31.477 5.63439 6.8
      vertex 31.477 5.63439 2.8
    endloop
  endfacet
  facet normal -0.802997 0.595983 0
    outer loop
      vertex 31.477 5.63439 6.8
      vertex 31.4185 5.55557 2.8
      vertex 31.4185 5.55557 6.8
    endloop
  endfacet
  facet normal -0.0491243 0.998793 0
    outer loop
      vertex 32.25 6 2.8
      vertex 32.152 5.99518 6.8
      vertex 32.25 6 6.8
    endloop
  endfacet
  facet normal -0.0491243 0.998793 0
    outer loop
      vertex 32.152 5.99518 6.8
      vertex 32.25 6 2.8
      vertex 32.152 5.99518 2.8
    endloop
  endfacet
  facet normal 0.146696 0.989182 -0
    outer loop
      vertex 32.4451 5.98078 2.8
      vertex 32.348 5.99518 6.8
      vertex 32.4451 5.98078 6.8
    endloop
  endfacet
  facet normal 0.146696 0.989182 0
    outer loop
      vertex 32.348 5.99518 6.8
      vertex 32.4451 5.98078 2.8
      vertex 32.348 5.99518 2.8
    endloop
  endfacet
  facet normal 0.857951 -0.513731 0
    outer loop
      vertex 33.0815 4.44443 6.8
      vertex 33.1319 4.5286 2.8
      vertex 33.1319 4.5286 6.8
    endloop
  endfacet
  facet normal 0.857951 -0.513731 0
    outer loop
      vertex 33.1319 4.5286 2.8
      vertex 33.0815 4.44443 6.8
      vertex 33.0815 4.44443 2.8
    endloop
  endfacet
  facet normal 0.94173 -0.336369 0
    outer loop
      vertex 33.1739 4.61732 6.8
      vertex 33.2069 4.70971 2.8
      vertex 33.2069 4.70971 6.8
    endloop
  endfacet
  facet normal 0.94173 -0.336369 0
    outer loop
      vertex 33.2069 4.70971 2.8
      vertex 33.1739 4.61732 6.8
      vertex 33.1739 4.61732 2.8
    endloop
  endfacet
  facet normal 0.427622 0.903958 -0
    outer loop
      vertex 32.7214 5.88192 2.8
      vertex 32.6327 5.92388 6.8
      vertex 32.7214 5.88192 6.8
    endloop
  endfacet
  facet normal 0.427622 0.903958 0
    outer loop
      vertex 32.6327 5.92388 6.8
      vertex 32.7214 5.88192 2.8
      vertex 32.6327 5.92388 2.8
    endloop
  endfacet
  facet normal -0.903837 -0.427876 0
    outer loop
      vertex 31.3681 4.5286 2.8
      vertex 31.3261 4.61732 6.8
      vertex 31.3261 4.61732 2.8
    endloop
  endfacet
  facet normal -0.903837 -0.427876 0
    outer loop
      vertex 31.3261 4.61732 6.8
      vertex 31.3681 4.5286 2.8
      vertex 31.3681 4.5286 6.8
    endloop
  endfacet
  facet normal 0.595817 -0.80312 0
    outer loop
      vertex 32.8056 4.16853 2.8
      vertex 32.8844 4.22699 6.8
      vertex 32.8056 4.16853 6.8
    endloop
  endfacet
  facet normal 0.595817 -0.80312 0
    outer loop
      vertex 32.8844 4.22699 6.8
      vertex 32.8056 4.16853 2.8
      vertex 32.8844 4.22699 2.8
    endloop
  endfacet
  facet normal 0.857951 0.513731 0
    outer loop
      vertex 33.1319 5.4714 6.8
      vertex 33.0815 5.55557 2.8
      vertex 33.0815 5.55557 6.8
    endloop
  endfacet
  facet normal 0.857951 0.513731 0
    outer loop
      vertex 33.0815 5.55557 2.8
      vertex 33.1319 5.4714 6.8
      vertex 33.1319 5.4714 2.8
    endloop
  endfacet
  facet normal -0.998803 -0.048911 0
    outer loop
      vertex 31.2548 4.90198 2.8
      vertex 31.25 5 6.8
      vertex 31.25 5 2.8
    endloop
  endfacet
  facet normal -0.998803 -0.048911 0
    outer loop
      vertex 31.25 5 6.8
      vertex 31.2548 4.90198 2.8
      vertex 31.2548 4.90198 6.8
    endloop
  endfacet
  facet normal -0.94173 -0.336369 0
    outer loop
      vertex 31.3261 4.61732 2.8
      vertex 31.2931 4.70971 6.8
      vertex 31.2931 4.70971 2.8
    endloop
  endfacet
  facet normal -0.94173 -0.336369 0
    outer loop
      vertex 31.2931 4.70971 6.8
      vertex 31.3261 4.61732 2.8
      vertex 31.3261 4.61732 6.8
    endloop
  endfacet
  facet normal -0.243015 -0.970023 0
    outer loop
      vertex 31.9597 4.04306 2.8
      vertex 32.0549 4.01921 6.8
      vertex 31.9597 4.04306 6.8
    endloop
  endfacet
  facet normal -0.243015 -0.970023 -0
    outer loop
      vertex 32.0549 4.01921 6.8
      vertex 31.9597 4.04306 2.8
      vertex 32.0549 4.01921 2.8
    endloop
  endfacet
  facet normal -0.857951 0.513731 0
    outer loop
      vertex 31.3681 5.4714 2.8
      vertex 31.4185 5.55557 6.8
      vertex 31.4185 5.55557 2.8
    endloop
  endfacet
  facet normal -0.857951 0.513731 0
    outer loop
      vertex 31.4185 5.55557 6.8
      vertex 31.3681 5.4714 2.8
      vertex 31.3681 5.4714 6.8
    endloop
  endfacet
  facet normal -0.941742 0.336336 0
    outer loop
      vertex 31.2931 5.29028 2.8
      vertex 31.3261 5.38268 6.8
      vertex 31.3261 5.38268 2.8
    endloop
  endfacet
  facet normal -0.941742 0.336336 0
    outer loop
      vertex 31.3261 5.38268 6.8
      vertex 31.2931 5.29028 2.8
      vertex 31.2931 5.29028 6.8
    endloop
  endfacet
  facet normal 0.998803 -0.048911 0
    outer loop
      vertex 33.2452 4.90198 6.8
      vertex 33.25 5 2.8
      vertex 33.25 5 6.8
    endloop
  endfacet
  facet normal 0.998803 -0.048911 0
    outer loop
      vertex 33.25 5 2.8
      vertex 33.2452 4.90198 6.8
      vertex 33.2452 4.90198 2.8
    endloop
  endfacet
  facet normal -0.989175 -0.146741 0
    outer loop
      vertex 31.2692 4.80491 2.8
      vertex 31.2548 4.90198 6.8
      vertex 31.2548 4.90198 2.8
    endloop
  endfacet
  facet normal -0.989175 -0.146741 0
    outer loop
      vertex 31.2548 4.90198 6.8
      vertex 31.2692 4.80491 2.8
      vertex 31.2692 4.80491 6.8
    endloop
  endfacet
  facet normal 0.671607 -0.740908 0
    outer loop
      vertex 32.8844 4.22699 2.8
      vertex 32.9571 4.29289 6.8
      vertex 32.8844 4.22699 6.8
    endloop
  endfacet
  facet normal 0.671607 -0.740908 0
    outer loop
      vertex 32.9571 4.29289 6.8
      vertex 32.8844 4.22699 2.8
      vertex 32.9571 4.29289 2.8
    endloop
  endfacet
  facet normal -0.969902 -0.243494 0
    outer loop
      vertex 31.2931 4.70971 2.8
      vertex 31.2692 4.80491 6.8
      vertex 31.2692 4.80491 2.8
    endloop
  endfacet
  facet normal -0.969902 -0.243494 0
    outer loop
      vertex 31.2692 4.80491 6.8
      vertex 31.2931 4.70971 2.8
      vertex 31.2931 4.70971 6.8
    endloop
  endfacet
  facet normal -0.671607 0.740908 0
    outer loop
      vertex 31.6156 5.77301 2.8
      vertex 31.5429 5.70711 6.8
      vertex 31.6156 5.77301 6.8
    endloop
  endfacet
  facet normal -0.671607 0.740908 0
    outer loop
      vertex 31.5429 5.70711 6.8
      vertex 31.6156 5.77301 2.8
      vertex 31.5429 5.70711 2.8
    endloop
  endfacet
  facet normal -0.336879 0.941548 0
    outer loop
      vertex 31.9597 5.95694 2.8
      vertex 31.8673 5.92388 6.8
      vertex 31.9597 5.95694 6.8
    endloop
  endfacet
  facet normal -0.336879 0.941548 0
    outer loop
      vertex 31.8673 5.92388 6.8
      vertex 31.9597 5.95694 2.8
      vertex 31.8673 5.92388 2.8
    endloop
  endfacet
  facet normal 0.336879 0.941548 -0
    outer loop
      vertex 32.6327 5.92388 2.8
      vertex 32.5403 5.95694 6.8
      vertex 32.6327 5.92388 6.8
    endloop
  endfacet
  facet normal 0.336879 0.941548 0
    outer loop
      vertex 32.5403 5.95694 6.8
      vertex 32.6327 5.92388 2.8
      vertex 32.5403 5.95694 2.8
    endloop
  endfacet
  facet normal 0.513971 -0.857807 0
    outer loop
      vertex 32.7214 4.11808 2.8
      vertex 32.8056 4.16853 6.8
      vertex 32.7214 4.11808 6.8
    endloop
  endfacet
  facet normal 0.513971 -0.857807 0
    outer loop
      vertex 32.8056 4.16853 6.8
      vertex 32.7214 4.11808 2.8
      vertex 32.8056 4.16853 2.8
    endloop
  endfacet
  facet normal -0.857951 -0.513731 0
    outer loop
      vertex 31.4185 4.44443 2.8
      vertex 31.3681 4.5286 6.8
      vertex 31.3681 4.5286 2.8
    endloop
  endfacet
  facet normal -0.857951 -0.513731 0
    outer loop
      vertex 31.3681 4.5286 6.8
      vertex 31.4185 4.44443 2.8
      vertex 31.4185 4.44443 6.8
    endloop
  endfacet
  facet normal -0.427622 0.903958 0
    outer loop
      vertex 31.8673 5.92388 2.8
      vertex 31.7786 5.88192 6.8
      vertex 31.8673 5.92388 6.8
    endloop
  endfacet
  facet normal -0.427622 0.903958 0
    outer loop
      vertex 31.7786 5.88192 6.8
      vertex 31.8673 5.92388 2.8
      vertex 31.7786 5.88192 2.8
    endloop
  endfacet
  facet normal 0.146597 -0.989196 0
    outer loop
      vertex 32.348 4.00482 2.8
      vertex 32.4451 4.01921 6.8
      vertex 32.348 4.00482 6.8
    endloop
  endfacet
  facet normal 0.146597 -0.989196 0
    outer loop
      vertex 32.4451 4.01921 6.8
      vertex 32.348 4.00482 2.8
      vertex 32.4451 4.01921 2.8
    endloop
  endfacet
  facet normal 0.595817 0.80312 -0
    outer loop
      vertex 32.8844 5.77301 2.8
      vertex 32.8056 5.83147 6.8
      vertex 32.8844 5.77301 6.8
    endloop
  endfacet
  facet normal 0.595817 0.80312 0
    outer loop
      vertex 32.8056 5.83147 6.8
      vertex 32.8844 5.77301 2.8
      vertex 32.8056 5.83147 2.8
    endloop
  endfacet
  facet normal 0.0491243 -0.998793 0
    outer loop
      vertex 32.25 4 2.8
      vertex 32.348 4.00482 6.8
      vertex 32.25 4 6.8
    endloop
  endfacet
  facet normal 0.0491243 -0.998793 0
    outer loop
      vertex 32.348 4.00482 6.8
      vertex 32.25 4 2.8
      vertex 32.348 4.00482 2.8
    endloop
  endfacet
  facet normal 0.741 0.671505 0
    outer loop
      vertex 33.023 5.63439 6.8
      vertex 32.9571 5.70711 2.8
      vertex 32.9571 5.70711 6.8
    endloop
  endfacet
  facet normal 0.741 0.671505 0
    outer loop
      vertex 32.9571 5.70711 2.8
      vertex 33.023 5.63439 6.8
      vertex 33.023 5.63439 2.8
    endloop
  endfacet
  facet normal -0.0491243 -0.998793 0
    outer loop
      vertex 32.152 4.00482 2.8
      vertex 32.25 4 6.8
      vertex 32.152 4.00482 6.8
    endloop
  endfacet
  facet normal -0.0491243 -0.998793 -0
    outer loop
      vertex 32.25 4 6.8
      vertex 32.152 4.00482 2.8
      vertex 32.25 4 2.8
    endloop
  endfacet
  facet normal 0.243015 -0.970023 0
    outer loop
      vertex 32.4451 4.01921 2.8
      vertex 32.5403 4.04306 6.8
      vertex 32.4451 4.01921 6.8
    endloop
  endfacet
  facet normal 0.243015 -0.970023 0
    outer loop
      vertex 32.5403 4.04306 6.8
      vertex 32.4451 4.01921 2.8
      vertex 32.5403 4.04306 2.8
    endloop
  endfacet
  facet normal -0.671607 -0.740908 0
    outer loop
      vertex 31.5429 4.29289 2.8
      vertex 31.6156 4.22699 6.8
      vertex 31.5429 4.29289 6.8
    endloop
  endfacet
  facet normal -0.671607 -0.740908 -0
    outer loop
      vertex 31.6156 4.22699 6.8
      vertex 31.5429 4.29289 2.8
      vertex 31.6156 4.22699 2.8
    endloop
  endfacet
  facet normal -0.242919 0.970047 0
    outer loop
      vertex 32.0549 5.98078 2.8
      vertex 31.9597 5.95694 6.8
      vertex 32.0549 5.98078 6.8
    endloop
  endfacet
  facet normal -0.242919 0.970047 0
    outer loop
      vertex 31.9597 5.95694 6.8
      vertex 32.0549 5.98078 2.8
      vertex 31.9597 5.95694 2.8
    endloop
  endfacet
  facet normal 0.969902 -0.243494 0
    outer loop
      vertex 33.2069 4.70971 6.8
      vertex 33.2308 4.80491 2.8
      vertex 33.2308 4.80491 6.8
    endloop
  endfacet
  facet normal 0.969902 -0.243494 0
    outer loop
      vertex 33.2308 4.80491 2.8
      vertex 33.2069 4.70971 6.8
      vertex 33.2069 4.70971 2.8
    endloop
  endfacet
  facet normal 0.427622 -0.903958 0
    outer loop
      vertex 32.6327 4.07612 2.8
      vertex 32.7214 4.11808 6.8
      vertex 32.6327 4.07612 6.8
    endloop
  endfacet
  facet normal 0.427622 -0.903958 0
    outer loop
      vertex 32.7214 4.11808 6.8
      vertex 32.6327 4.07612 2.8
      vertex 32.7214 4.11808 2.8
    endloop
  endfacet
  facet normal 0.741 -0.671505 0
    outer loop
      vertex 32.9571 4.29289 6.8
      vertex 33.023 4.36561 2.8
      vertex 33.023 4.36561 6.8
    endloop
  endfacet
  facet normal 0.741 -0.671505 0
    outer loop
      vertex 33.023 4.36561 2.8
      vertex 32.9571 4.29289 6.8
      vertex 32.9571 4.29289 2.8
    endloop
  endfacet
  facet normal 0.0491243 0.998793 -0
    outer loop
      vertex 32.348 5.99518 2.8
      vertex 32.25 6 6.8
      vertex 32.348 5.99518 6.8
    endloop
  endfacet
  facet normal 0.0491243 0.998793 0
    outer loop
      vertex 32.25 6 6.8
      vertex 32.348 5.99518 2.8
      vertex 32.25 6 2.8
    endloop
  endfacet
  facet normal 0.989175 -0.146741 0
    outer loop
      vertex 33.2308 4.80491 6.8
      vertex 33.2452 4.90198 2.8
      vertex 33.2452 4.90198 6.8
    endloop
  endfacet
  facet normal 0.989175 -0.146741 0
    outer loop
      vertex 33.2452 4.90198 2.8
      vertex 33.2308 4.80491 6.8
      vertex 33.2308 4.80491 2.8
    endloop
  endfacet
  facet normal -0.741 0.671505 0
    outer loop
      vertex 31.477 5.63439 2.8
      vertex 31.5429 5.70711 6.8
      vertex 31.5429 5.70711 2.8
    endloop
  endfacet
  facet normal -0.741 0.671505 0
    outer loop
      vertex 31.5429 5.70711 6.8
      vertex 31.477 5.63439 2.8
      vertex 31.477 5.63439 6.8
    endloop
  endfacet
  facet normal -0.595817 -0.80312 0
    outer loop
      vertex 31.6156 4.22699 2.8
      vertex 31.6944 4.16853 6.8
      vertex 31.6156 4.22699 6.8
    endloop
  endfacet
  facet normal -0.595817 -0.80312 -0
    outer loop
      vertex 31.6944 4.16853 6.8
      vertex 31.6156 4.22699 2.8
      vertex 31.6944 4.16853 2.8
    endloop
  endfacet
  facet normal 0 0 1
    outer loop
      vertex 33.2452 5.09802 6.8
      vertex 33.2452 4.90198 6.8
      vertex 33.25 5 6.8
    endloop
  endfacet
  facet normal 0 0 1
    outer loop
      vertex 33.2308 5.19509 6.8
      vertex 33.2452 4.90198 6.8
      vertex 33.2452 5.09802 6.8
    endloop
  endfacet
  facet normal 0 0 1
    outer loop
      vertex 33.2308 5.19509 6.8
      vertex 33.2308 4.80491 6.8
      vertex 33.2452 4.90198 6.8
    endloop
  endfacet
  facet normal 0 0 1
    outer loop
      vertex 33.2069 5.29028 6.8
      vertex 33.2308 4.80491 6.8
      vertex 33.2308 5.19509 6.8
    endloop
  endfacet
  facet normal 0 0 1
    outer loop
      vertex 33.2069 5.29028 6.8
      vertex 33.2069 4.70971 6.8
      vertex 33.2308 4.80491 6.8
    endloop
  endfacet
  facet normal 0 0 1
    outer loop
      vertex 33.1739 5.38268 6.8
      vertex 33.2069 4.70971 6.8
      vertex 33.2069 5.29028 6.8
    endloop
  endfacet
  facet normal 0 0 1
    outer loop
      vertex 33.1739 5.38268 6.8
      vertex 33.1739 4.61732 6.8
      vertex 33.2069 4.70971 6.8
    endloop
  endfacet
  facet normal 0 0 1
    outer loop
      vertex 33.1319 5.4714 6.8
      vertex 33.1739 4.61732 6.8
      vertex 33.1739 5.38268 6.8
    endloop
  endfacet
  facet normal 0 0 1
    outer loop
      vertex 33.1319 5.4714 6.8
      vertex 33.1319 4.5286 6.8
      vertex 33.1739 4.61732 6.8
    endloop
  endfacet
  facet normal 0 0 1
    outer loop
      vertex 33.0815 5.55557 6.8
      vertex 33.1319 4.5286 6.8
      vertex 33.1319 5.4714 6.8
    endloop
  endfacet
  facet normal 0 0 1
    outer loop
      vertex 33.0815 5.55557 6.8
      vertex 33.0815 4.44443 6.8
      vertex 33.1319 4.5286 6.8
    endloop
  endfacet
  facet normal 0 0 1
    outer loop
      vertex 33.023 5.63439 6.8
      vertex 33.0815 4.44443 6.8
      vertex 33.0815 5.55557 6.8
    endloop
  endfacet
  facet normal 0 0 1
    outer loop
      vertex 33.023 5.63439 6.8
      vertex 33.023 4.36561 6.8
      vertex 33.0815 4.44443 6.8
    endloop
  endfacet
  facet normal 0 0 1
    outer loop
      vertex 32.9571 5.70711 6.8
      vertex 33.023 4.36561 6.8
      vertex 33.023 5.63439 6.8
    endloop
  endfacet
  facet normal 0 0 1
    outer loop
      vertex 32.9571 5.70711 6.8
      vertex 32.9571 4.29289 6.8
      vertex 33.023 4.36561 6.8
    endloop
  endfacet
  facet normal 0 0 1
    outer loop
      vertex 32.8844 5.77301 6.8
      vertex 32.9571 4.29289 6.8
      vertex 32.9571 5.70711 6.8
    endloop
  endfacet
  facet normal 0 0 1
    outer loop
      vertex 32.8844 5.77301 6.8
      vertex 32.8844 4.22699 6.8
      vertex 32.9571 4.29289 6.8
    endloop
  endfacet
  facet normal 0 0 1
    outer loop
      vertex 32.8056 5.83147 6.8
      vertex 32.8844 4.22699 6.8
      vertex 32.8844 5.77301 6.8
    endloop
  endfacet
  facet normal 0 0 1
    outer loop
      vertex 32.8056 5.83147 6.8
      vertex 32.8056 4.16853 6.8
      vertex 32.8844 4.22699 6.8
    endloop
  endfacet
  facet normal 0 0 1
    outer loop
      vertex 32.7214 5.88192 6.8
      vertex 32.8056 4.16853 6.8
      vertex 32.8056 5.83147 6.8
    endloop
  endfacet
  facet normal 0 0 1
    outer loop
      vertex 32.7214 5.88192 6.8
      vertex 32.7214 4.11808 6.8
      vertex 32.8056 4.16853 6.8
    endloop
  endfacet
  facet normal 0 0 1
    outer loop
      vertex 32.6327 5.92388 6.8
      vertex 32.7214 4.11808 6.8
      vertex 32.7214 5.88192 6.8
    endloop
  endfacet
  facet normal 0 0 1
    outer loop
      vertex 32.6327 5.92388 6.8
      vertex 32.6327 4.07612 6.8
      vertex 32.7214 4.11808 6.8
    endloop
  endfacet
  facet normal 0 0 1
    outer loop
      vertex 32.5403 5.95694 6.8
      vertex 32.6327 4.07612 6.8
      vertex 32.6327 5.92388 6.8
    endloop
  endfacet
  facet normal 0 0 1
    outer loop
      vertex 32.5403 5.95694 6.8
      vertex 32.5403 4.04306 6.8
      vertex 32.6327 4.07612 6.8
    endloop
  endfacet
  facet normal 0 0 1
    outer loop
      vertex 32.4451 5.98078 6.8
      vertex 32.5403 4.04306 6.8
      vertex 32.5403 5.95694 6.8
    endloop
  endfacet
  facet normal 0 0 1
    outer loop
      vertex 32.4451 5.98078 6.8
      vertex 32.4451 4.01921 6.8
      vertex 32.5403 4.04306 6.8
    endloop
  endfacet
  facet normal 0 0 1
    outer loop
      vertex 32.348 5.99518 6.8
      vertex 32.4451 4.01921 6.8
      vertex 32.4451 5.98078 6.8
    endloop
  endfacet
  facet normal 0 0 1
    outer loop
      vertex 32.348 5.99518 6.8
      vertex 32.348 4.00482 6.8
      vertex 32.4451 4.01921 6.8
    endloop
  endfacet
  facet normal 0 0 1
    outer loop
      vertex 32.25 6 6.8
      vertex 32.348 4.00482 6.8
      vertex 32.348 5.99518 6.8
    endloop
  endfacet
  facet normal 0 0 1
    outer loop
      vertex 32.25 6 6.8
      vertex 32.25 4 6.8
      vertex 32.348 4.00482 6.8
    endloop
  endfacet
  facet normal -0 0 1
    outer loop
      vertex 32.152 5.99518 6.8
      vertex 32.25 4 6.8
      vertex 32.25 6 6.8
    endloop
  endfacet
  facet normal 0 0 1
    outer loop
      vertex 32.152 5.99518 6.8
      vertex 32.152 4.00482 6.8
      vertex 32.25 4 6.8
    endloop
  endfacet
  facet normal -0 0 1
    outer loop
      vertex 32.0549 5.98078 6.8
      vertex 32.152 4.00482 6.8
      vertex 32.152 5.99518 6.8
    endloop
  endfacet
  facet normal 0 0 1
    outer loop
      vertex 32.0549 5.98078 6.8
      vertex 32.0549 4.01921 6.8
      vertex 32.152 4.00482 6.8
    endloop
  endfacet
  facet normal -0 0 1
    outer loop
      vertex 31.9597 5.95694 6.8
      vertex 32.0549 4.01921 6.8
      vertex 32.0549 5.98078 6.8
    endloop
  endfacet
  facet normal 0 0 1
    outer loop
      vertex 31.9597 5.95694 6.8
      vertex 31.9597 4.04306 6.8
      vertex 32.0549 4.01921 6.8
    endloop
  endfacet
  facet normal -0 0 1
    outer loop
      vertex 31.8673 5.92388 6.8
      vertex 31.9597 4.04306 6.8
      vertex 31.9597 5.95694 6.8
    endloop
  endfacet
  facet normal 0 0 1
    outer loop
      vertex 31.8673 5.92388 6.8
      vertex 31.8673 4.07612 6.8
      vertex 31.9597 4.04306 6.8
    endloop
  endfacet
  facet normal -0 0 1
    outer loop
      vertex 31.7786 5.88192 6.8
      vertex 31.8673 4.07612 6.8
      vertex 31.8673 5.92388 6.8
    endloop
  endfacet
  facet normal 0 0 1
    outer loop
      vertex 31.7786 5.88192 6.8
      vertex 31.7786 4.11808 6.8
      vertex 31.8673 4.07612 6.8
    endloop
  endfacet
  facet normal -0 0 1
    outer loop
      vertex 31.6944 5.83147 6.8
      vertex 31.7786 4.11808 6.8
      vertex 31.7786 5.88192 6.8
    endloop
  endfacet
  facet normal 0 0 1
    outer loop
      vertex 31.6944 5.83147 6.8
      vertex 31.6944 4.16853 6.8
      vertex 31.7786 4.11808 6.8
    endloop
  endfacet
  facet normal -0 0 1
    outer loop
      vertex 31.6156 5.77301 6.8
      vertex 31.6944 4.16853 6.8
      vertex 31.6944 5.83147 6.8
    endloop
  endfacet
  facet normal 0 0 1
    outer loop
      vertex 31.6156 5.77301 6.8
      vertex 31.6156 4.22699 6.8
      vertex 31.6944 4.16853 6.8
    endloop
  endfacet
  facet normal -0 0 1
    outer loop
      vertex 31.5429 5.70711 6.8
      vertex 31.6156 4.22699 6.8
      vertex 31.6156 5.77301 6.8
    endloop
  endfacet
  facet normal 0 0 1
    outer loop
      vertex 31.5429 5.70711 6.8
      vertex 31.5429 4.29289 6.8
      vertex 31.6156 4.22699 6.8
    endloop
  endfacet
  facet normal -0 0 1
    outer loop
      vertex 31.477 5.63439 6.8
      vertex 31.5429 4.29289 6.8
      vertex 31.5429 5.70711 6.8
    endloop
  endfacet
  facet normal 0 0 1
    outer loop
      vertex 31.477 5.63439 6.8
      vertex 31.477 4.36561 6.8
      vertex 31.5429 4.29289 6.8
    endloop
  endfacet
  facet normal -0 0 1
    outer loop
      vertex 31.4185 5.55557 6.8
      vertex 31.477 4.36561 6.8
      vertex 31.477 5.63439 6.8
    endloop
  endfacet
  facet normal 0 0 1
    outer loop
      vertex 31.4185 5.55557 6.8
      vertex 31.4185 4.44443 6.8
      vertex 31.477 4.36561 6.8
    endloop
  endfacet
  facet normal -0 0 1
    outer loop
      vertex 31.3681 5.4714 6.8
      vertex 31.4185 4.44443 6.8
      vertex 31.4185 5.55557 6.8
    endloop
  endfacet
  facet normal 0 0 1
    outer loop
      vertex 31.3681 5.4714 6.8
      vertex 31.3681 4.5286 6.8
      vertex 31.4185 4.44443 6.8
    endloop
  endfacet
  facet normal -0 0 1
    outer loop
      vertex 31.3261 5.38268 6.8
      vertex 31.3681 4.5286 6.8
      vertex 31.3681 5.4714 6.8
    endloop
  endfacet
  facet normal 0 0 1
    outer loop
      vertex 31.3261 5.38268 6.8
      vertex 31.3261 4.61732 6.8
      vertex 31.3681 4.5286 6.8
    endloop
  endfacet
  facet normal -0 0 1
    outer loop
      vertex 31.2931 5.29028 6.8
      vertex 31.3261 4.61732 6.8
      vertex 31.3261 5.38268 6.8
    endloop
  endfacet
  facet normal 0 0 1
    outer loop
      vertex 31.2931 5.29028 6.8
      vertex 31.2931 4.70971 6.8
      vertex 31.3261 4.61732 6.8
    endloop
  endfacet
  facet normal -0 0 1
    outer loop
      vertex 31.2692 5.19509 6.8
      vertex 31.2931 4.70971 6.8
      vertex 31.2931 5.29028 6.8
    endloop
  endfacet
  facet normal 0 0 1
    outer loop
      vertex 31.2692 5.19509 6.8
      vertex 31.2692 4.80491 6.8
      vertex 31.2931 4.70971 6.8
    endloop
  endfacet
  facet normal -0 0 1
    outer loop
      vertex 31.2548 5.09802 6.8
      vertex 31.2692 4.80491 6.8
      vertex 31.2692 5.19509 6.8
    endloop
  endfacet
  facet normal 0 0 1
    outer loop
      vertex 31.2548 5.09802 6.8
      vertex 31.2548 4.90198 6.8
      vertex 31.2692 4.80491 6.8
    endloop
  endfacet
  facet normal 0 -0 1
    outer loop
      vertex 31.2548 4.90198 6.8
      vertex 31.2548 5.09802 6.8
      vertex 31.25 5 6.8
    endloop
  endfacet
  facet normal 0.802997 -0.595983 0
    outer loop
      vertex 33.023 4.36561 6.8
      vertex 33.0815 4.44443 2.8
      vertex 33.0815 4.44443 6.8
    endloop
  endfacet
  facet normal 0.802997 -0.595983 0
    outer loop
      vertex 33.0815 4.44443 2.8
      vertex 33.023 4.36561 6.8
      vertex 33.023 4.36561 2.8
    endloop
  endfacet
  facet normal 0.998803 0.048911 0
    outer loop
      vertex 33.25 5 6.8
      vertex 33.2452 5.09802 2.8
      vertex 33.2452 5.09802 6.8
    endloop
  endfacet
  facet normal 0.998803 0.048911 0
    outer loop
      vertex 33.2452 5.09802 2.8
      vertex 33.25 5 6.8
      vertex 33.25 5 2.8
    endloop
  endfacet
  facet normal -0.741 -0.671505 0
    outer loop
      vertex 31.5429 4.29289 2.8
      vertex 31.477 4.36561 6.8
      vertex 31.477 4.36561 2.8
    endloop
  endfacet
  facet normal -0.741 -0.671505 0
    outer loop
      vertex 31.477 4.36561 6.8
      vertex 31.5429 4.29289 2.8
      vertex 31.5429 4.29289 6.8
    endloop
  endfacet
  facet normal -0.989182 0.146696 0
    outer loop
      vertex 31.2548 10.698 2.8
      vertex 31.2692 10.7951 6.8
      vertex 31.2692 10.7951 2.8
    endloop
  endfacet
  facet normal -0.989182 0.146696 0
    outer loop
      vertex 31.2692 10.7951 6.8
      vertex 31.2548 10.698 2.8
      vertex 31.2548 10.698 6.8
    endloop
  endfacet
  facet normal -0.998803 0.0489209 0
    outer loop
      vertex 31.25 10.6 2.8
      vertex 31.2548 10.698 6.8
      vertex 31.2548 10.698 2.8
    endloop
  endfacet
  facet normal -0.998803 0.0489209 0
    outer loop
      vertex 31.2548 10.698 6.8
      vertex 31.25 10.6 2.8
      vertex 31.25 10.6 6.8
    endloop
  endfacet
  facet normal -0.969902 0.243494 0
    outer loop
      vertex 31.2692 10.7951 2.8
      vertex 31.2931 10.8903 6.8
      vertex 31.2931 10.8903 2.8
    endloop
  endfacet
  facet normal -0.969902 0.243494 0
    outer loop
      vertex 31.2931 10.8903 6.8
      vertex 31.2692 10.7951 2.8
      vertex 31.2692 10.7951 6.8
    endloop
  endfacet
  facet normal -0.513596 0.858032 0
    outer loop
      vertex 31.7786 11.4819 2.8
      vertex 31.6944 11.4315 6.8
      vertex 31.7786 11.4819 6.8
    endloop
  endfacet
  facet normal -0.513596 0.858032 0
    outer loop
      vertex 31.6944 11.4315 6.8
      vertex 31.7786 11.4819 2.8
      vertex 31.6944 11.4315 2.8
    endloop
  endfacet
  facet normal 0.741 -0.671505 0
    outer loop
      vertex 32.9571 9.89289 6.8
      vertex 33.023 9.96561 2.8
      vertex 33.023 9.96561 6.8
    endloop
  endfacet
  facet normal 0.741 -0.671505 0
    outer loop
      vertex 33.023 9.96561 2.8
      vertex 32.9571 9.89289 6.8
      vertex 32.9571 9.89289 2.8
    endloop
  endfacet
  facet normal -0.941742 0.336336 0
    outer loop
      vertex 31.2931 10.8903 2.8
      vertex 31.3261 10.9827 6.8
      vertex 31.3261 10.9827 2.8
    endloop
  endfacet
  facet normal -0.941742 0.336336 0
    outer loop
      vertex 31.3261 10.9827 6.8
      vertex 31.2931 10.8903 2.8
      vertex 31.2931 10.8903 6.8
    endloop
  endfacet
  facet normal 0.989182 0.146696 0
    outer loop
      vertex 33.2452 10.698 6.8
      vertex 33.2308 10.7951 2.8
      vertex 33.2308 10.7951 6.8
    endloop
  endfacet
  facet normal 0.989182 0.146696 0
    outer loop
      vertex 33.2308 10.7951 2.8
      vertex 33.2452 10.698 6.8
      vertex 33.2452 10.698 2.8
    endloop
  endfacet
  facet normal 0.969902 0.243494 0
    outer loop
      vertex 33.2308 10.7951 6.8
      vertex 33.2069 10.8903 2.8
      vertex 33.2069 10.8903 6.8
    endloop
  endfacet
  facet normal 0.969902 0.243494 0
    outer loop
      vertex 33.2069 10.8903 2.8
      vertex 33.2308 10.7951 6.8
      vertex 33.2308 10.7951 2.8
    endloop
  endfacet
  facet normal 0.427622 -0.903958 0
    outer loop
      vertex 32.6327 9.67612 2.8
      vertex 32.7214 9.71808 6.8
      vertex 32.6327 9.67612 6.8
    endloop
  endfacet
  facet normal 0.427622 -0.903958 0
    outer loop
      vertex 32.7214 9.71808 6.8
      vertex 32.6327 9.67612 2.8
      vertex 32.7214 9.71808 2.8
    endloop
  endfacet
  facet normal 0.802925 0.59608 0
    outer loop
      vertex 33.0815 11.1556 6.8
      vertex 33.023 11.2344 2.8
      vertex 33.023 11.2344 6.8
    endloop
  endfacet
  facet normal 0.802925 0.59608 0
    outer loop
      vertex 33.023 11.2344 2.8
      vertex 33.0815 11.1556 6.8
      vertex 33.0815 11.1556 2.8
    endloop
  endfacet
  facet normal 0.0490226 -0.998798 0
    outer loop
      vertex 32.25 9.6 2.8
      vertex 32.348 9.60481 6.8
      vertex 32.25 9.6 6.8
    endloop
  endfacet
  facet normal 0.0490226 -0.998798 0
    outer loop
      vertex 32.348 9.60481 6.8
      vertex 32.25 9.6 2.8
      vertex 32.348 9.60481 2.8
    endloop
  endfacet
  facet normal 0 0 1
    outer loop
      vertex 33.2452 10.698 6.8
      vertex 33.2452 10.502 6.8
      vertex 33.25 10.6 6.8
    endloop
  endfacet
  facet normal 0 0 1
    outer loop
      vertex 33.2308 10.7951 6.8
      vertex 33.2452 10.502 6.8
      vertex 33.2452 10.698 6.8
    endloop
  endfacet
  facet normal 0 0 1
    outer loop
      vertex 33.2308 10.7951 6.8
      vertex 33.2308 10.4049 6.8
      vertex 33.2452 10.502 6.8
    endloop
  endfacet
  facet normal 0 0 1
    outer loop
      vertex 33.2069 10.8903 6.8
      vertex 33.2308 10.4049 6.8
      vertex 33.2308 10.7951 6.8
    endloop
  endfacet
  facet normal 0 0 1
    outer loop
      vertex 33.2069 10.8903 6.8
      vertex 33.2069 10.3097 6.8
      vertex 33.2308 10.4049 6.8
    endloop
  endfacet
  facet normal 0 0 1
    outer loop
      vertex 33.1739 10.9827 6.8
      vertex 33.2069 10.3097 6.8
      vertex 33.2069 10.8903 6.8
    endloop
  endfacet
  facet normal 0 0 1
    outer loop
      vertex 33.1739 10.9827 6.8
      vertex 33.1739 10.2173 6.8
      vertex 33.2069 10.3097 6.8
    endloop
  endfacet
  facet normal 0 0 1
    outer loop
      vertex 33.1319 11.0714 6.8
      vertex 33.1739 10.2173 6.8
      vertex 33.1739 10.9827 6.8
    endloop
  endfacet
  facet normal 0 0 1
    outer loop
      vertex 33.1319 11.0714 6.8
      vertex 33.1319 10.1286 6.8
      vertex 33.1739 10.2173 6.8
    endloop
  endfacet
  facet normal 0 0 1
    outer loop
      vertex 33.0815 11.1556 6.8
      vertex 33.1319 10.1286 6.8
      vertex 33.1319 11.0714 6.8
    endloop
  endfacet
  facet normal 0 0 1
    outer loop
      vertex 33.0815 11.1556 6.8
      vertex 33.0815 10.0444 6.8
      vertex 33.1319 10.1286 6.8
    endloop
  endfacet
  facet normal 0 0 1
    outer loop
      vertex 33.023 11.2344 6.8
      vertex 33.0815 10.0444 6.8
      vertex 33.0815 11.1556 6.8
    endloop
  endfacet
  facet normal 0 0 1
    outer loop
      vertex 33.023 11.2344 6.8
      vertex 33.023 9.96561 6.8
      vertex 33.0815 10.0444 6.8
    endloop
  endfacet
  facet normal 0 0 1
    outer loop
      vertex 32.9571 11.3071 6.8
      vertex 33.023 9.96561 6.8
      vertex 33.023 11.2344 6.8
    endloop
  endfacet
  facet normal 0 0 1
    outer loop
      vertex 32.9571 11.3071 6.8
      vertex 32.9571 9.89289 6.8
      vertex 33.023 9.96561 6.8
    endloop
  endfacet
  facet normal 0 0 1
    outer loop
      vertex 32.8844 11.373 6.8
      vertex 32.9571 9.89289 6.8
      vertex 32.9571 11.3071 6.8
    endloop
  endfacet
  facet normal 0 0 1
    outer loop
      vertex 32.8844 11.373 6.8
      vertex 32.8844 9.82699 6.8
      vertex 32.9571 9.89289 6.8
    endloop
  endfacet
  facet normal 0 0 1
    outer loop
      vertex 32.8056 11.4315 6.8
      vertex 32.8844 9.82699 6.8
      vertex 32.8844 11.373 6.8
    endloop
  endfacet
  facet normal 0 0 1
    outer loop
      vertex 32.8056 11.4315 6.8
      vertex 32.8056 9.76853 6.8
      vertex 32.8844 9.82699 6.8
    endloop
  endfacet
  facet normal 0 0 1
    outer loop
      vertex 32.7214 11.4819 6.8
      vertex 32.8056 9.76853 6.8
      vertex 32.8056 11.4315 6.8
    endloop
  endfacet
  facet normal 0 0 1
    outer loop
      vertex 32.7214 11.4819 6.8
      vertex 32.7214 9.71808 6.8
      vertex 32.8056 9.76853 6.8
    endloop
  endfacet
  facet normal 0 0 1
    outer loop
      vertex 32.6327 11.5239 6.8
      vertex 32.7214 9.71808 6.8
      vertex 32.7214 11.4819 6.8
    endloop
  endfacet
  facet normal 0 0 1
    outer loop
      vertex 32.6327 11.5239 6.8
      vertex 32.6327 9.67612 6.8
      vertex 32.7214 9.71808 6.8
    endloop
  endfacet
  facet normal 0 0 1
    outer loop
      vertex 32.5403 11.5569 6.8
      vertex 32.6327 9.67612 6.8
      vertex 32.6327 11.5239 6.8
    endloop
  endfacet
  facet normal 0 0 1
    outer loop
      vertex 32.5403 11.5569 6.8
      vertex 32.5403 9.64306 6.8
      vertex 32.6327 9.67612 6.8
    endloop
  endfacet
  facet normal 0 0 1
    outer loop
      vertex 32.4451 11.5808 6.8
      vertex 32.5403 9.64306 6.8
      vertex 32.5403 11.5569 6.8
    endloop
  endfacet
  facet normal 0 0 1
    outer loop
      vertex 32.4451 11.5808 6.8
      vertex 32.4451 9.61921 6.8
      vertex 32.5403 9.64306 6.8
    endloop
  endfacet
  facet normal 0 0 1
    outer loop
      vertex 32.348 11.5952 6.8
      vertex 32.4451 9.61921 6.8
      vertex 32.4451 11.5808 6.8
    endloop
  endfacet
  facet normal 0 0 1
    outer loop
      vertex 32.348 11.5952 6.8
      vertex 32.348 9.60481 6.8
      vertex 32.4451 9.61921 6.8
    endloop
  endfacet
  facet normal 0 0 1
    outer loop
      vertex 32.25 11.6 6.8
      vertex 32.348 9.60481 6.8
      vertex 32.348 11.5952 6.8
    endloop
  endfacet
  facet normal 0 0 1
    outer loop
      vertex 32.25 11.6 6.8
      vertex 32.25 9.6 6.8
      vertex 32.348 9.60481 6.8
    endloop
  endfacet
  facet normal -0 0 1
    outer loop
      vertex 32.152 11.5952 6.8
      vertex 32.25 9.6 6.8
      vertex 32.25 11.6 6.8
    endloop
  endfacet
  facet normal 0 0 1
    outer loop
      vertex 32.152 11.5952 6.8
      vertex 32.152 9.60481 6.8
      vertex 32.25 9.6 6.8
    endloop
  endfacet
  facet normal -0 0 1
    outer loop
      vertex 32.0549 11.5808 6.8
      vertex 32.152 9.60481 6.8
      vertex 32.152 11.5952 6.8
    endloop
  endfacet
  facet normal 0 0 1
    outer loop
      vertex 32.0549 11.5808 6.8
      vertex 32.0549 9.61921 6.8
      vertex 32.152 9.60481 6.8
    endloop
  endfacet
  facet normal -0 0 1
    outer loop
      vertex 31.9597 11.5569 6.8
      vertex 32.0549 9.61921 6.8
      vertex 32.0549 11.5808 6.8
    endloop
  endfacet
  facet normal 0 0 1
    outer loop
      vertex 31.9597 11.5569 6.8
      vertex 31.9597 9.64306 6.8
      vertex 32.0549 9.61921 6.8
    endloop
  endfacet
  facet normal -0 0 1
    outer loop
      vertex 31.8673 11.5239 6.8
      vertex 31.9597 9.64306 6.8
      vertex 31.9597 11.5569 6.8
    endloop
  endfacet
  facet normal 0 0 1
    outer loop
      vertex 31.8673 11.5239 6.8
      vertex 31.8673 9.67612 6.8
      vertex 31.9597 9.64306 6.8
    endloop
  endfacet
  facet normal -0 0 1
    outer loop
      vertex 31.7786 11.4819 6.8
      vertex 31.8673 9.67612 6.8
      vertex 31.8673 11.5239 6.8
    endloop
  endfacet
  facet normal 0 0 1
    outer loop
      vertex 31.7786 11.4819 6.8
      vertex 31.7786 9.71808 6.8
      vertex 31.8673 9.67612 6.8
    endloop
  endfacet
  facet normal -0 0 1
    outer loop
      vertex 31.6944 11.4315 6.8
      vertex 31.7786 9.71808 6.8
      vertex 31.7786 11.4819 6.8
    endloop
  endfacet
  facet normal 0 0 1
    outer loop
      vertex 31.6944 11.4315 6.8
      vertex 31.6944 9.76853 6.8
      vertex 31.7786 9.71808 6.8
    endloop
  endfacet
  facet normal -0 0 1
    outer loop
      vertex 31.6156 11.373 6.8
      vertex 31.6944 9.76853 6.8
      vertex 31.6944 11.4315 6.8
    endloop
  endfacet
  facet normal 0 0 1
    outer loop
      vertex 31.6156 11.373 6.8
      vertex 31.6156 9.82699 6.8
      vertex 31.6944 9.76853 6.8
    endloop
  endfacet
  facet normal -0 0 1
    outer loop
      vertex 31.5429 11.3071 6.8
      vertex 31.6156 9.82699 6.8
      vertex 31.6156 11.373 6.8
    endloop
  endfacet
  facet normal 0 0 1
    outer loop
      vertex 31.5429 11.3071 6.8
      vertex 31.5429 9.89289 6.8
      vertex 31.6156 9.82699 6.8
    endloop
  endfacet
  facet normal -0 0 1
    outer loop
      vertex 31.477 11.2344 6.8
      vertex 31.5429 9.89289 6.8
      vertex 31.5429 11.3071 6.8
    endloop
  endfacet
  facet normal 0 0 1
    outer loop
      vertex 31.477 11.2344 6.8
      vertex 31.477 9.96561 6.8
      vertex 31.5429 9.89289 6.8
    endloop
  endfacet
  facet normal -0 0 1
    outer loop
      vertex 31.4185 11.1556 6.8
      vertex 31.477 9.96561 6.8
      vertex 31.477 11.2344 6.8
    endloop
  endfacet
  facet normal 0 0 1
    outer loop
      vertex 31.4185 11.1556 6.8
      vertex 31.4185 10.0444 6.8
      vertex 31.477 9.96561 6.8
    endloop
  endfacet
  facet normal -0 0 1
    outer loop
      vertex 31.3681 11.0714 6.8
      vertex 31.4185 10.0444 6.8
      vertex 31.4185 11.1556 6.8
    endloop
  endfacet
  facet normal 0 0 1
    outer loop
      vertex 31.3681 11.0714 6.8
      vertex 31.3681 10.1286 6.8
      vertex 31.4185 10.0444 6.8
    endloop
  endfacet
  facet normal -0 0 1
    outer loop
      vertex 31.3261 10.9827 6.8
      vertex 31.3681 10.1286 6.8
      vertex 31.3681 11.0714 6.8
    endloop
  endfacet
  facet normal 0 0 1
    outer loop
      vertex 31.3261 10.9827 6.8
      vertex 31.3261 10.2173 6.8
      vertex 31.3681 10.1286 6.8
    endloop
  endfacet
  facet normal -0 0 1
    outer loop
      vertex 31.2931 10.8903 6.8
      vertex 31.3261 10.2173 6.8
      vertex 31.3261 10.9827 6.8
    endloop
  endfacet
  facet normal 0 0 1
    outer loop
      vertex 31.2931 10.8903 6.8
      vertex 31.2931 10.3097 6.8
      vertex 31.3261 10.2173 6.8
    endloop
  endfacet
  facet normal -0 0 1
    outer loop
      vertex 31.2692 10.7951 6.8
      vertex 31.2931 10.3097 6.8
      vertex 31.2931 10.8903 6.8
    endloop
  endfacet
  facet normal 0 0 1
    outer loop
      vertex 31.2692 10.7951 6.8
      vertex 31.2692 10.4049 6.8
      vertex 31.2931 10.3097 6.8
    endloop
  endfacet
  facet normal -0 0 1
    outer loop
      vertex 31.2548 10.698 6.8
      vertex 31.2692 10.4049 6.8
      vertex 31.2692 10.7951 6.8
    endloop
  endfacet
  facet normal 0 0 1
    outer loop
      vertex 31.2548 10.698 6.8
      vertex 31.2548 10.502 6.8
      vertex 31.2692 10.4049 6.8
    endloop
  endfacet
  facet normal 0 -0 1
    outer loop
      vertex 31.2548 10.502 6.8
      vertex 31.2548 10.698 6.8
      vertex 31.25 10.6 6.8
    endloop
  endfacet
  facet normal -0.59608 0.802925 0
    outer loop
      vertex 31.6944 11.4315 2.8
      vertex 31.6156 11.373 6.8
      vertex 31.6944 11.4315 6.8
    endloop
  endfacet
  facet normal -0.59608 0.802925 0
    outer loop
      vertex 31.6156 11.373 6.8
      vertex 31.6944 11.4315 2.8
      vertex 31.6156 11.373 2.8
    endloop
  endfacet
  facet normal -0.9038 -0.427955 0
    outer loop
      vertex 31.3681 10.1286 2.8
      vertex 31.3261 10.2173 6.8
      vertex 31.3261 10.2173 2.8
    endloop
  endfacet
  facet normal -0.9038 -0.427955 0
    outer loop
      vertex 31.3261 10.2173 6.8
      vertex 31.3681 10.1286 2.8
      vertex 31.3681 10.1286 6.8
    endloop
  endfacet
  facet normal 0.998803 0.0489209 0
    outer loop
      vertex 33.25 10.6 6.8
      vertex 33.2452 10.698 2.8
      vertex 33.2452 10.698 6.8
    endloop
  endfacet
  facet normal 0.998803 0.0489209 0
    outer loop
      vertex 33.2452 10.698 2.8
      vertex 33.25 10.6 6.8
      vertex 33.25 10.6 2.8
    endloop
  endfacet
  facet normal 0.336879 -0.941548 0
    outer loop
      vertex 32.5403 9.64306 2.8
      vertex 32.6327 9.67612 6.8
      vertex 32.5403 9.64306 6.8
    endloop
  endfacet
  facet normal 0.336879 -0.941548 0
    outer loop
      vertex 32.6327 9.67612 6.8
      vertex 32.5403 9.64306 2.8
      vertex 32.6327 9.67612 2.8
    endloop
  endfacet
  facet normal -0.243015 -0.970023 0
    outer loop
      vertex 31.9597 9.64306 2.8
      vertex 32.0549 9.61921 6.8
      vertex 31.9597 9.64306 6.8
    endloop
  endfacet
  facet normal -0.243015 -0.970023 -0
    outer loop
      vertex 32.0549 9.61921 6.8
      vertex 31.9597 9.64306 2.8
      vertex 32.0549 9.61921 2.8
    endloop
  endfacet
  facet normal -0.740908 0.671607 0
    outer loop
      vertex 31.477 11.2344 2.8
      vertex 31.5429 11.3071 6.8
      vertex 31.5429 11.3071 2.8
    endloop
  endfacet
  facet normal -0.740908 0.671607 0
    outer loop
      vertex 31.5429 11.3071 6.8
      vertex 31.477 11.2344 2.8
      vertex 31.477 11.2344 6.8
    endloop
  endfacet
  facet normal 0.858032 0.513596 0
    outer loop
      vertex 33.1319 11.0714 6.8
      vertex 33.0815 11.1556 2.8
      vertex 33.0815 11.1556 6.8
    endloop
  endfacet
  facet normal 0.858032 0.513596 0
    outer loop
      vertex 33.0815 11.1556 2.8
      vertex 33.1319 11.0714 6.8
      vertex 33.1319 11.0714 2.8
    endloop
  endfacet
  facet normal -0.146696 0.989182 0
    outer loop
      vertex 32.152 11.5952 2.8
      vertex 32.0549 11.5808 6.8
      vertex 32.152 11.5952 6.8
    endloop
  endfacet
  facet normal -0.146696 0.989182 0
    outer loop
      vertex 32.0549 11.5808 6.8
      vertex 32.152 11.5952 2.8
      vertex 32.0549 11.5808 2.8
    endloop
  endfacet
  facet normal -0.802889 -0.596129 0
    outer loop
      vertex 31.477 9.96561 2.8
      vertex 31.4185 10.0444 6.8
      vertex 31.4185 10.0444 2.8
    endloop
  endfacet
  facet normal -0.802889 -0.596129 0
    outer loop
      vertex 31.4185 10.0444 6.8
      vertex 31.477 9.96561 2.8
      vertex 31.477 9.96561 6.8
    endloop
  endfacet
  facet normal 0.671607 -0.740908 0
    outer loop
      vertex 32.8844 9.82699 2.8
      vertex 32.9571 9.89289 6.8
      vertex 32.8844 9.82699 6.8
    endloop
  endfacet
  facet normal 0.671607 -0.740908 0
    outer loop
      vertex 32.9571 9.89289 6.8
      vertex 32.8844 9.82699 2.8
      vertex 32.9571 9.89289 2.8
    endloop
  endfacet
  facet normal -0.427955 0.9038 0
    outer loop
      vertex 31.8673 11.5239 2.8
      vertex 31.7786 11.4819 6.8
      vertex 31.8673 11.5239 6.8
    endloop
  endfacet
  facet normal -0.427955 0.9038 0
    outer loop
      vertex 31.7786 11.4819 6.8
      vertex 31.8673 11.5239 2.8
      vertex 31.7786 11.4819 2.8
    endloop
  endfacet
  facet normal 0.9038 0.427955 0
    outer loop
      vertex 33.1739 10.9827 6.8
      vertex 33.1319 11.0714 2.8
      vertex 33.1319 11.0714 6.8
    endloop
  endfacet
  facet normal 0.9038 0.427955 0
    outer loop
      vertex 33.1319 11.0714 2.8
      vertex 33.1739 10.9827 6.8
      vertex 33.1739 10.9827 2.8
    endloop
  endfacet
  facet normal 0.427955 0.9038 -0
    outer loop
      vertex 32.7214 11.4819 2.8
      vertex 32.6327 11.5239 6.8
      vertex 32.7214 11.4819 6.8
    endloop
  endfacet
  facet normal 0.427955 0.9038 0
    outer loop
      vertex 32.6327 11.5239 6.8
      vertex 32.7214 11.4819 2.8
      vertex 32.6327 11.5239 2.8
    endloop
  endfacet
  facet normal 0.998803 -0.0489209 0
    outer loop
      vertex 33.2452 10.502 6.8
      vertex 33.25 10.6 2.8
      vertex 33.25 10.6 6.8
    endloop
  endfacet
  facet normal 0.998803 -0.0489209 0
    outer loop
      vertex 33.25 10.6 2.8
      vertex 33.2452 10.502 6.8
      vertex 33.2452 10.502 2.8
    endloop
  endfacet
  facet normal -0.941742 -0.336336 0
    outer loop
      vertex 31.3261 10.2173 2.8
      vertex 31.2931 10.3097 6.8
      vertex 31.2931 10.3097 2.8
    endloop
  endfacet
  facet normal -0.941742 -0.336336 0
    outer loop
      vertex 31.2931 10.3097 6.8
      vertex 31.3261 10.2173 2.8
      vertex 31.3261 10.2173 6.8
    endloop
  endfacet
  facet normal 0.858032 -0.513596 0
    outer loop
      vertex 33.0815 10.0444 6.8
      vertex 33.1319 10.1286 2.8
      vertex 33.1319 10.1286 6.8
    endloop
  endfacet
  facet normal 0.858032 -0.513596 0
    outer loop
      vertex 33.1319 10.1286 2.8
      vertex 33.0815 10.0444 6.8
      vertex 33.0815 10.0444 2.8
    endloop
  endfacet
  facet normal 0.941742 -0.336336 0
    outer loop
      vertex 33.1739 10.2173 6.8
      vertex 33.2069 10.3097 2.8
      vertex 33.2069 10.3097 6.8
    endloop
  endfacet
  facet normal 0.941742 -0.336336 0
    outer loop
      vertex 33.2069 10.3097 2.8
      vertex 33.1739 10.2173 6.8
      vertex 33.1739 10.2173 2.8
    endloop
  endfacet
  facet normal 0.146696 -0.989182 0
    outer loop
      vertex 32.348 9.60481 2.8
      vertex 32.4451 9.61921 6.8
      vertex 32.348 9.60481 6.8
    endloop
  endfacet
  facet normal 0.146696 -0.989182 0
    outer loop
      vertex 32.4451 9.61921 6.8
      vertex 32.348 9.60481 2.8
      vertex 32.4451 9.61921 2.8
    endloop
  endfacet
  facet normal 0.513596 0.858032 -0
    outer loop
      vertex 32.8056 11.4315 2.8
      vertex 32.7214 11.4819 6.8
      vertex 32.8056 11.4315 6.8
    endloop
  endfacet
  facet normal 0.513596 0.858032 0
    outer loop
      vertex 32.7214 11.4819 6.8
      vertex 32.8056 11.4315 2.8
      vertex 32.7214 11.4819 2.8
    endloop
  endfacet
  facet normal -0.0490226 -0.998798 0
    outer loop
      vertex 32.152 9.60481 2.8
      vertex 32.25 9.6 6.8
      vertex 32.152 9.60481 6.8
    endloop
  endfacet
  facet normal -0.0490226 -0.998798 -0
    outer loop
      vertex 32.25 9.6 6.8
      vertex 32.152 9.60481 2.8
      vertex 32.25 9.6 2.8
    endloop
  endfacet
  facet normal -0.802925 0.59608 0
    outer loop
      vertex 31.4185 11.1556 2.8
      vertex 31.477 11.2344 6.8
      vertex 31.477 11.2344 2.8
    endloop
  endfacet
  facet normal -0.802925 0.59608 0
    outer loop
      vertex 31.477 11.2344 6.8
      vertex 31.4185 11.1556 2.8
      vertex 31.4185 11.1556 6.8
    endloop
  endfacet
  facet normal -0.336879 -0.941548 0
    outer loop
      vertex 31.8673 9.67612 2.8
      vertex 31.9597 9.64306 6.8
      vertex 31.8673 9.67612 6.8
    endloop
  endfacet
  facet normal -0.336879 -0.941548 -0
    outer loop
      vertex 31.9597 9.64306 6.8
      vertex 31.8673 9.67612 2.8
      vertex 31.9597 9.64306 2.8
    endloop
  endfacet
  facet normal 0.243015 -0.970023 0
    outer loop
      vertex 32.4451 9.61921 2.8
      vertex 32.5403 9.64306 6.8
      vertex 32.4451 9.61921 6.8
    endloop
  endfacet
  facet normal 0.243015 -0.970023 0
    outer loop
      vertex 32.5403 9.64306 6.8
      vertex 32.4451 9.61921 2.8
      vertex 32.5403 9.64306 2.8
    endloop
  endfacet
  facet normal -0.989182 -0.146696 0
    outer loop
      vertex 31.2692 10.4049 2.8
      vertex 31.2548 10.502 6.8
      vertex 31.2548 10.502 2.8
    endloop
  endfacet
  facet normal -0.989182 -0.146696 0
    outer loop
      vertex 31.2548 10.502 6.8
      vertex 31.2692 10.4049 2.8
      vertex 31.2692 10.4049 6.8
    endloop
  endfacet
  facet normal -0.998803 -0.0489209 0
    outer loop
      vertex 31.2548 10.502 2.8
      vertex 31.25 10.6 6.8
      vertex 31.25 10.6 2.8
    endloop
  endfacet
  facet normal -0.998803 -0.0489209 0
    outer loop
      vertex 31.25 10.6 6.8
      vertex 31.2548 10.502 2.8
      vertex 31.2548 10.502 6.8
    endloop
  endfacet
  facet normal 0.989182 -0.146696 0
    outer loop
      vertex 33.2308 10.4049 6.8
      vertex 33.2452 10.502 2.8
      vertex 33.2452 10.502 6.8
    endloop
  endfacet
  facet normal 0.989182 -0.146696 0
    outer loop
      vertex 33.2452 10.502 2.8
      vertex 33.2308 10.4049 6.8
      vertex 33.2308 10.4049 2.8
    endloop
  endfacet
  facet normal 0.595817 -0.80312 0
    outer loop
      vertex 32.8056 9.76853 2.8
      vertex 32.8844 9.82699 6.8
      vertex 32.8056 9.76853 6.8
    endloop
  endfacet
  facet normal 0.595817 -0.80312 0
    outer loop
      vertex 32.8844 9.82699 6.8
      vertex 32.8056 9.76853 2.8
      vertex 32.8844 9.82699 2.8
    endloop
  endfacet
  facet normal -0.0489209 0.998803 0
    outer loop
      vertex 32.25 11.6 2.8
      vertex 32.152 11.5952 6.8
      vertex 32.25 11.6 6.8
    endloop
  endfacet
  facet normal -0.0489209 0.998803 0
    outer loop
      vertex 32.152 11.5952 6.8
      vertex 32.25 11.6 2.8
      vertex 32.152 11.5952 2.8
    endloop
  endfacet
  facet normal -0.9038 0.427955 0
    outer loop
      vertex 31.3261 10.9827 2.8
      vertex 31.3681 11.0714 6.8
      vertex 31.3681 11.0714 2.8
    endloop
  endfacet
  facet normal -0.9038 0.427955 0
    outer loop
      vertex 31.3681 11.0714 6.8
      vertex 31.3261 10.9827 2.8
      vertex 31.3261 10.9827 6.8
    endloop
  endfacet
  facet normal -0.427622 -0.903958 0
    outer loop
      vertex 31.7786 9.71808 2.8
      vertex 31.8673 9.67612 6.8
      vertex 31.7786 9.71808 6.8
    endloop
  endfacet
  facet normal -0.427622 -0.903958 -0
    outer loop
      vertex 31.8673 9.67612 6.8
      vertex 31.7786 9.71808 2.8
      vertex 31.8673 9.67612 2.8
    endloop
  endfacet
  facet normal -0.858032 -0.513596 0
    outer loop
      vertex 31.4185 10.0444 2.8
      vertex 31.3681 10.1286 6.8
      vertex 31.3681 10.1286 2.8
    endloop
  endfacet
  facet normal -0.858032 -0.513596 0
    outer loop
      vertex 31.3681 10.1286 6.8
      vertex 31.4185 10.0444 2.8
      vertex 31.4185 10.0444 6.8
    endloop
  endfacet
  facet normal 0.146696 0.989182 -0
    outer loop
      vertex 32.4451 11.5808 2.8
      vertex 32.348 11.5952 6.8
      vertex 32.4451 11.5808 6.8
    endloop
  endfacet
  facet normal 0.146696 0.989182 0
    outer loop
      vertex 32.348 11.5952 6.8
      vertex 32.4451 11.5808 2.8
      vertex 32.348 11.5952 2.8
    endloop
  endfacet
  facet normal -0.336336 0.941742 0
    outer loop
      vertex 31.9597 11.5569 2.8
      vertex 31.8673 11.5239 6.8
      vertex 31.9597 11.5569 6.8
    endloop
  endfacet
  facet normal -0.336336 0.941742 0
    outer loop
      vertex 31.8673 11.5239 6.8
      vertex 31.9597 11.5569 2.8
      vertex 31.8673 11.5239 2.8
    endloop
  endfacet
  facet normal -0.595817 -0.80312 0
    outer loop
      vertex 31.6156 9.82699 2.8
      vertex 31.6944 9.76853 6.8
      vertex 31.6156 9.82699 6.8
    endloop
  endfacet
  facet normal -0.595817 -0.80312 -0
    outer loop
      vertex 31.6944 9.76853 6.8
      vertex 31.6156 9.82699 2.8
      vertex 31.6944 9.76853 2.8
    endloop
  endfacet
  facet normal -0.671607 0.740908 0
    outer loop
      vertex 31.6156 11.373 2.8
      vertex 31.5429 11.3071 6.8
      vertex 31.6156 11.373 6.8
    endloop
  endfacet
  facet normal -0.671607 0.740908 0
    outer loop
      vertex 31.5429 11.3071 6.8
      vertex 31.6156 11.373 2.8
      vertex 31.5429 11.3071 2.8
    endloop
  endfacet
  facet normal -0.741 -0.671505 0
    outer loop
      vertex 31.5429 9.89289 2.8
      vertex 31.477 9.96561 6.8
      vertex 31.477 9.96561 2.8
    endloop
  endfacet
  facet normal -0.741 -0.671505 0
    outer loop
      vertex 31.477 9.96561 6.8
      vertex 31.5429 9.89289 2.8
      vertex 31.5429 9.89289 6.8
    endloop
  endfacet
  facet normal -0.969902 -0.243494 0
    outer loop
      vertex 31.2931 10.3097 2.8
      vertex 31.2692 10.4049 6.8
      vertex 31.2692 10.4049 2.8
    endloop
  endfacet
  facet normal -0.969902 -0.243494 0
    outer loop
      vertex 31.2692 10.4049 6.8
      vertex 31.2931 10.3097 2.8
      vertex 31.2931 10.3097 6.8
    endloop
  endfacet
  facet normal 0.513971 -0.857807 0
    outer loop
      vertex 32.7214 9.71808 2.8
      vertex 32.8056 9.76853 6.8
      vertex 32.7214 9.71808 6.8
    endloop
  endfacet
  facet normal 0.513971 -0.857807 0
    outer loop
      vertex 32.8056 9.76853 6.8
      vertex 32.7214 9.71808 2.8
      vertex 32.8056 9.76853 2.8
    endloop
  endfacet
  facet normal -0.858032 0.513596 0
    outer loop
      vertex 31.3681 11.0714 2.8
      vertex 31.4185 11.1556 6.8
      vertex 31.4185 11.1556 2.8
    endloop
  endfacet
  facet normal -0.858032 0.513596 0
    outer loop
      vertex 31.4185 11.1556 6.8
      vertex 31.3681 11.0714 2.8
      vertex 31.3681 11.0714 6.8
    endloop
  endfacet
  facet normal 0.802889 -0.596129 0
    outer loop
      vertex 33.023 9.96561 6.8
      vertex 33.0815 10.0444 2.8
      vertex 33.0815 10.0444 6.8
    endloop
  endfacet
  facet normal 0.802889 -0.596129 0
    outer loop
      vertex 33.0815 10.0444 2.8
      vertex 33.023 9.96561 6.8
      vertex 33.023 9.96561 2.8
    endloop
  endfacet
  facet normal 0.671607 0.740908 -0
    outer loop
      vertex 32.9571 11.3071 2.8
      vertex 32.8844 11.373 6.8
      vertex 32.9571 11.3071 6.8
    endloop
  endfacet
  facet normal 0.671607 0.740908 0
    outer loop
      vertex 32.8844 11.373 6.8
      vertex 32.9571 11.3071 2.8
      vertex 32.8844 11.373 2.8
    endloop
  endfacet
  facet normal 0.336336 0.941742 -0
    outer loop
      vertex 32.6327 11.5239 2.8
      vertex 32.5403 11.5569 6.8
      vertex 32.6327 11.5239 6.8
    endloop
  endfacet
  facet normal 0.336336 0.941742 0
    outer loop
      vertex 32.5403 11.5569 6.8
      vertex 32.6327 11.5239 2.8
      vertex 32.5403 11.5569 2.8
    endloop
  endfacet
  facet normal -0.146696 -0.989182 0
    outer loop
      vertex 32.0549 9.61921 2.8
      vertex 32.152 9.60481 6.8
      vertex 32.0549 9.61921 6.8
    endloop
  endfacet
  facet normal -0.146696 -0.989182 -0
    outer loop
      vertex 32.152 9.60481 6.8
      vertex 32.0549 9.61921 2.8
      vertex 32.152 9.60481 2.8
    endloop
  endfacet
  facet normal 0.243494 0.969902 -0
    outer loop
      vertex 32.5403 11.5569 2.8
      vertex 32.4451 11.5808 6.8
      vertex 32.5403 11.5569 6.8
    endloop
  endfacet
  facet normal 0.243494 0.969902 0
    outer loop
      vertex 32.4451 11.5808 6.8
      vertex 32.5403 11.5569 2.8
      vertex 32.4451 11.5808 2.8
    endloop
  endfacet
  facet normal 0.740908 0.671607 0
    outer loop
      vertex 33.023 11.2344 6.8
      vertex 32.9571 11.3071 2.8
      vertex 32.9571 11.3071 6.8
    endloop
  endfacet
  facet normal 0.740908 0.671607 0
    outer loop
      vertex 32.9571 11.3071 2.8
      vertex 33.023 11.2344 6.8
      vertex 33.023 11.2344 2.8
    endloop
  endfacet
  facet normal 0.9038 -0.427955 0
    outer loop
      vertex 33.1319 10.1286 6.8
      vertex 33.1739 10.2173 2.8
      vertex 33.1739 10.2173 6.8
    endloop
  endfacet
  facet normal 0.9038 -0.427955 0
    outer loop
      vertex 33.1739 10.2173 2.8
      vertex 33.1319 10.1286 6.8
      vertex 33.1319 10.1286 2.8
    endloop
  endfacet
  facet normal -0.513971 -0.857807 0
    outer loop
      vertex 31.6944 9.76853 2.8
      vertex 31.7786 9.71808 6.8
      vertex 31.6944 9.76853 6.8
    endloop
  endfacet
  facet normal -0.513971 -0.857807 -0
    outer loop
      vertex 31.7786 9.71808 6.8
      vertex 31.6944 9.76853 2.8
      vertex 31.7786 9.71808 2.8
    endloop
  endfacet
  facet normal 0.969902 -0.243494 0
    outer loop
      vertex 33.2069 10.3097 6.8
      vertex 33.2308 10.4049 2.8
      vertex 33.2308 10.4049 6.8
    endloop
  endfacet
  facet normal 0.969902 -0.243494 0
    outer loop
      vertex 33.2308 10.4049 2.8
      vertex 33.2069 10.3097 6.8
      vertex 33.2069 10.3097 2.8
    endloop
  endfacet
  facet normal 0.0489209 0.998803 -0
    outer loop
      vertex 32.348 11.5952 2.8
      vertex 32.25 11.6 6.8
      vertex 32.348 11.5952 6.8
    endloop
  endfacet
  facet normal 0.0489209 0.998803 0
    outer loop
      vertex 32.25 11.6 6.8
      vertex 32.348 11.5952 2.8
      vertex 32.25 11.6 2.8
    endloop
  endfacet
  facet normal -0.243494 0.969902 0
    outer loop
      vertex 32.0549 11.5808 2.8
      vertex 31.9597 11.5569 6.8
      vertex 32.0549 11.5808 6.8
    endloop
  endfacet
  facet normal -0.243494 0.969902 0
    outer loop
      vertex 31.9597 11.5569 6.8
      vertex 32.0549 11.5808 2.8
      vertex 31.9597 11.5569 2.8
    endloop
  endfacet
  facet normal -0.671607 -0.740908 0
    outer loop
      vertex 31.5429 9.89289 2.8
      vertex 31.6156 9.82699 6.8
      vertex 31.5429 9.89289 6.8
    endloop
  endfacet
  facet normal -0.671607 -0.740908 -0
    outer loop
      vertex 31.6156 9.82699 6.8
      vertex 31.5429 9.89289 2.8
      vertex 31.6156 9.82699 2.8
    endloop
  endfacet
  facet normal 0.59608 0.802925 -0
    outer loop
      vertex 32.8844 11.373 2.8
      vertex 32.8056 11.4315 6.8
      vertex 32.8844 11.373 6.8
    endloop
  endfacet
  facet normal 0.59608 0.802925 0
    outer loop
      vertex 32.8056 11.4315 6.8
      vertex 32.8844 11.373 2.8
      vertex 32.8056 11.4315 2.8
    endloop
  endfacet
  facet normal 0.941742 0.336336 0
    outer loop
      vertex 33.2069 10.8903 6.8
      vertex 33.1739 10.9827 2.8
      vertex 33.1739 10.9827 6.8
    endloop
  endfacet
  facet normal 0.941742 0.336336 0
    outer loop
      vertex 33.1739 10.9827 2.8
      vertex 33.2069 10.8903 6.8
      vertex 33.2069 10.8903 2.8
    endloop
  endfacet
  facet normal 0.9038 0.427955 0
    outer loop
      vertex 59.0478 45.9654 2.8
      vertex 58.9638 46.1428 3.8147e-07
      vertex 58.9638 46.1428 2.8
    endloop
  endfacet
  facet normal 0.9038 0.427955 0
    outer loop
      vertex 58.9638 46.1428 3.8147e-07
      vertex 59.0478 45.9654 2.8
      vertex 59.0478 45.9654 3.8147e-07
    endloop
  endfacet
  facet normal -0.0490573 -0.998796 0
    outer loop
      vertex 1.80397 0.0096283 3.8147e-07
      vertex 2 0 2.8
      vertex 1.80397 0.0096283 2.8
    endloop
  endfacet
  facet normal -0.0490573 -0.998796 -0
    outer loop
      vertex 2 0 2.8
      vertex 1.80397 0.0096283 3.8147e-07
      vertex 2 0 3.8147e-07
    endloop
  endfacet
  facet normal 0.0489209 0.998803 -0
    outer loop
      vertex 57.396 47.1904 3.8147e-07
      vertex 57.2 47.2 2.8
      vertex 57.396 47.1904 2.8
    endloop
  endfacet
  facet normal 0.0489209 0.998803 0
    outer loop
      vertex 57.2 47.2 2.8
      vertex 57.396 47.1904 3.8147e-07
      vertex 57.2 47.2 3.8147e-07
    endloop
  endfacet
  facet normal 1 -0 0
    outer loop
      vertex 59.2 2 2.8
      vertex 59.2 45.2 3.8147e-07
      vertex 59.2 45.2 2.8
    endloop
  endfacet
  facet normal 1 0 0
    outer loop
      vertex 59.2 45.2 3.8147e-07
      vertex 59.2 2 2.8
      vertex 59.2 2 3.8147e-07
    endloop
  endfacet
  facet normal -0.427896 0.903828 0
    outer loop
      vertex 1.23464 47.0478 3.8147e-07
      vertex 1.05721 46.9638 2.8
      vertex 1.23464 47.0478 2.8
    endloop
  endfacet
  facet normal -0.427896 0.903828 0
    outer loop
      vertex 1.05721 46.9638 2.8
      vertex 1.23464 47.0478 3.8147e-07
      vertex 1.05721 46.9638 3.8147e-07
    endloop
  endfacet
  facet normal 0.0490648 -0.998796 0
    outer loop
      vertex 57.2 0 3.8147e-07
      vertex 57.396 0.0096283 2.8
      vertex 57.2 0 2.8
    endloop
  endfacet
  facet normal 0.0490648 -0.998796 0
    outer loop
      vertex 57.396 0.0096283 2.8
      vertex 57.2 0 3.8147e-07
      vertex 57.396 0.0096283 3.8147e-07
    endloop
  endfacet
  facet normal 0.998803 -0.0489135 0
    outer loop
      vertex 59.1904 1.80397 2.8
      vertex 59.2 2 3.8147e-07
      vertex 59.2 2 2.8
    endloop
  endfacet
  facet normal 0.998803 -0.0489135 0
    outer loop
      vertex 59.2 2 3.8147e-07
      vertex 59.1904 1.80397 2.8
      vertex 59.1904 1.80397 3.8147e-07
    endloop
  endfacet
  facet normal 0.740979 -0.671528 0
    outer loop
      vertex 58.6142 0.585785 2.8
      vertex 58.746 0.731216 3.8147e-07
      vertex 58.746 0.731216 2.8
    endloop
  endfacet
  facet normal 0.740979 -0.671528 0
    outer loop
      vertex 58.746 0.731216 3.8147e-07
      vertex 58.6142 0.585785 2.8
      vertex 58.6142 0.585785 3.8147e-07
    endloop
  endfacet
  facet normal 0 -1 0
    outer loop
      vertex 2 0 3.8147e-07
      vertex 57.2 0 2.8
      vertex 2 0 2.8
    endloop
  endfacet
  facet normal 0 -1 -0
    outer loop
      vertex 57.2 0 2.8
      vertex 2 0 3.8147e-07
      vertex 57.2 0 3.8147e-07
    endloop
  endfacet
  facet normal 0.903819 -0.427916 0
    outer loop
      vertex 58.9638 1.05721 2.8
      vertex 59.0478 1.23463 3.8147e-07
      vertex 59.0478 1.23463 2.8
    endloop
  endfacet
  facet normal 0.903819 -0.427916 0
    outer loop
      vertex 59.0478 1.23463 3.8147e-07
      vertex 58.9638 1.05721 2.8
      vertex 58.9638 1.05721 3.8147e-07
    endloop
  endfacet
  facet normal 0.595547 -0.80332 0
    outer loop
      vertex 58.3111 0.337067 3.8147e-07
      vertex 58.4688 0.453979 2.8
      vertex 58.3111 0.337067 2.8
    endloop
  endfacet
  facet normal 0.595547 -0.80332 0
    outer loop
      vertex 58.4688 0.453979 2.8
      vertex 58.3111 0.337067 3.8147e-07
      vertex 58.4688 0.453979 3.8147e-07
    endloop
  endfacet
  facet normal -0.90397 -0.427595 0
    outer loop
      vertex 0.236163 1.05721 3.8147e-07
      vertex 0.15224 1.23463 2.8
      vertex 0.15224 1.23463 3.8147e-07
    endloop
  endfacet
  facet normal -0.90397 -0.427595 0
    outer loop
      vertex 0.15224 1.23463 2.8
      vertex 0.236163 1.05721 3.8147e-07
      vertex 0.236163 1.05721 2.8
    endloop
  endfacet
  facet normal 0 1 -0
    outer loop
      vertex 57.2 47.2 3.8147e-07
      vertex 2 47.2 2.8
      vertex 57.2 47.2 2.8
    endloop
  endfacet
  facet normal 0 1 0
    outer loop
      vertex 2 47.2 2.8
      vertex 57.2 47.2 3.8147e-07
      vertex 2 47.2 3.8147e-07
    endloop
  endfacet
  facet normal -0.998796 0.0490648 0
    outer loop
      vertex 3.05176e-06 45.2 3.8147e-07
      vertex 0.00963135 45.396 2.8
      vertex 0.00963135 45.396 3.8147e-07
    endloop
  endfacet
  facet normal -0.998796 0.0490648 0
    outer loop
      vertex 0.00963135 45.396 2.8
      vertex 3.05176e-06 45.2 3.8147e-07
      vertex 3.05176e-06 45.2 2.8
    endloop
  endfacet
  facet normal -0.336862 -0.941554 0
    outer loop
      vertex 1.23464 0.152237 3.8147e-07
      vertex 1.41944 0.0861206 2.8
      vertex 1.23464 0.152237 2.8
    endloop
  endfacet
  facet normal -0.336862 -0.941554 -0
    outer loop
      vertex 1.41944 0.0861206 2.8
      vertex 1.23464 0.152237 3.8147e-07
      vertex 1.41944 0.0861206 3.8147e-07
    endloop
  endfacet
  facet normal -0.989175 0.146739 0
    outer loop
      vertex 0.00963135 45.396 3.8147e-07
      vertex 0.0384399 45.5902 2.8
      vertex 0.0384399 45.5902 3.8147e-07
    endloop
  endfacet
  facet normal -0.989175 0.146739 0
    outer loop
      vertex 0.0384399 45.5902 2.8
      vertex 0.00963135 45.396 3.8147e-07
      vertex 0.00963135 45.396 2.8
    endloop
  endfacet
  facet normal 0.146696 0.989182 -0
    outer loop
      vertex 57.5902 47.1616 3.8147e-07
      vertex 57.396 47.1904 2.8
      vertex 57.5902 47.1616 2.8
    endloop
  endfacet
  facet normal 0.146696 0.989182 0
    outer loop
      vertex 57.396 47.1904 2.8
      vertex 57.5902 47.1616 3.8147e-07
      vertex 57.396 47.1904 3.8147e-07
    endloop
  endfacet
  facet normal -0.243039 0.970016 0
    outer loop
      vertex 1.60982 47.1616 3.8147e-07
      vertex 1.41944 47.1139 2.8
      vertex 1.60982 47.1616 2.8
    endloop
  endfacet
  facet normal -0.243039 0.970016 0
    outer loop
      vertex 1.41944 47.1139 2.8
      vertex 1.60982 47.1616 3.8147e-07
      vertex 1.41944 47.1139 3.8147e-07
    endloop
  endfacet
  facet normal -1 0 0
    outer loop
      vertex 3.05176e-06 2 3.8147e-07
      vertex 3.05176e-06 45.2 2.8
      vertex 3.05176e-06 45.2 3.8147e-07
    endloop
  endfacet
  facet normal -1 -0 0
    outer loop
      vertex 3.05176e-06 45.2 2.8
      vertex 3.05176e-06 2 3.8147e-07
      vertex 3.05176e-06 2 2.8
    endloop
  endfacet
  facet normal -0.514105 -0.857727 0
    outer loop
      vertex 0.888858 0.337067 3.8147e-07
      vertex 1.05721 0.23616 2.8
      vertex 0.888858 0.337067 2.8
    endloop
  endfacet
  facet normal -0.514105 -0.857727 -0
    outer loop
      vertex 1.05721 0.23616 2.8
      vertex 0.888858 0.337067 3.8147e-07
      vertex 1.05721 0.23616 3.8147e-07
    endloop
  endfacet
  facet normal -0.427575 -0.90398 0
    outer loop
      vertex 1.05721 0.23616 3.8147e-07
      vertex 1.23464 0.152237 2.8
      vertex 1.05721 0.23616 2.8
    endloop
  endfacet
  facet normal -0.427575 -0.90398 -0
    outer loop
      vertex 1.23464 0.152237 2.8
      vertex 1.05721 0.23616 3.8147e-07
      vertex 1.23464 0.152237 3.8147e-07
    endloop
  endfacet
  facet normal 0.94158 0.336788 0
    outer loop
      vertex 59.1139 45.7806 2.8
      vertex 59.0478 45.9654 3.8147e-07
      vertex 59.0478 45.9654 2.8
    endloop
  endfacet
  facet normal 0.94158 0.336788 0
    outer loop
      vertex 59.0478 45.9654 3.8147e-07
      vertex 59.1139 45.7806 2.8
      vertex 59.1139 45.7806 3.8147e-07
    endloop
  endfacet
  facet normal 0.94158 -0.336788 0
    outer loop
      vertex 59.0478 1.23463 2.8
      vertex 59.1139 1.41943 3.8147e-07
      vertex 59.1139 1.41943 2.8
    endloop
  endfacet
  facet normal 0.94158 -0.336788 0
    outer loop
      vertex 59.1139 1.41943 3.8147e-07
      vertex 59.0478 1.23463 2.8
      vertex 59.0478 1.23463 3.8147e-07
    endloop
  endfacet
  facet normal 0.803239 -0.595656 0
    outer loop
      vertex 58.746 0.731216 2.8
      vertex 58.8629 0.888855 3.8147e-07
      vertex 58.8629 0.888855 2.8
    endloop
  endfacet
  facet normal 0.803239 -0.595656 0
    outer loop
      vertex 58.8629 0.888855 3.8147e-07
      vertex 58.746 0.731216 2.8
      vertex 58.746 0.731216 3.8147e-07
    endloop
  endfacet
  facet normal -0.595656 0.803239 0
    outer loop
      vertex 0.888858 46.8629 3.8147e-07
      vertex 0.731219 46.746 2.8
      vertex 0.888858 46.8629 2.8
    endloop
  endfacet
  facet normal -0.595656 0.803239 0
    outer loop
      vertex 0.731219 46.746 2.8
      vertex 0.888858 46.8629 3.8147e-07
      vertex 0.731219 46.746 3.8147e-07
    endloop
  endfacet
  facet normal 0.242937 -0.970042 0
    outer loop
      vertex 57.5902 0.0384369 3.8147e-07
      vertex 57.7806 0.0861206 2.8
      vertex 57.5902 0.0384369 2.8
    endloop
  endfacet
  facet normal 0.242937 -0.970042 0
    outer loop
      vertex 57.7806 0.0861206 2.8
      vertex 57.5902 0.0384369 3.8147e-07
      vertex 57.7806 0.0861206 3.8147e-07
    endloop
  endfacet
  facet normal -0.903952 0.427634 0
    outer loop
      vertex 0.15224 45.9654 3.8147e-07
      vertex 0.236163 46.1428 2.8
      vertex 0.236163 46.1428 3.8147e-07
    endloop
  endfacet
  facet normal -0.903952 0.427634 0
    outer loop
      vertex 0.236163 46.1428 2.8
      vertex 0.15224 45.9654 3.8147e-07
      vertex 0.15224 45.9654 2.8
    endloop
  endfacet
  facet normal 0.989182 0.146696 0
    outer loop
      vertex 59.1904 45.396 2.8
      vertex 59.1616 45.5902 3.8147e-07
      vertex 59.1616 45.5902 2.8
    endloop
  endfacet
  facet normal 0.989182 0.146696 0
    outer loop
      vertex 59.1616 45.5902 3.8147e-07
      vertex 59.1904 45.396 2.8
      vertex 59.1904 45.396 3.8147e-07
    endloop
  endfacet
  facet normal 0.336862 -0.941554 0
    outer loop
      vertex 57.7806 0.0861206 3.8147e-07
      vertex 57.9654 0.152237 2.8
      vertex 57.7806 0.0861206 2.8
    endloop
  endfacet
  facet normal 0.336862 -0.941554 0
    outer loop
      vertex 57.9654 0.152237 2.8
      vertex 57.7806 0.0861206 3.8147e-07
      vertex 57.9654 0.152237 3.8147e-07
    endloop
  endfacet
  facet normal -0.98917 -0.146776 0
    outer loop
      vertex 0.0384399 1.60982 3.8147e-07
      vertex 0.00963135 1.80397 2.8
      vertex 0.00963135 1.80397 3.8147e-07
    endloop
  endfacet
  facet normal -0.98917 -0.146776 0
    outer loop
      vertex 0.00963135 1.80397 2.8
      vertex 0.0384399 1.60982 3.8147e-07
      vertex 0.0384399 1.60982 2.8
    endloop
  endfacet
  facet normal 0.427955 0.9038 -0
    outer loop
      vertex 58.1428 46.9638 3.8147e-07
      vertex 57.9654 47.0478 2.8
      vertex 58.1428 46.9638 2.8
    endloop
  endfacet
  facet normal 0.427955 0.9038 0
    outer loop
      vertex 57.9654 47.0478 2.8
      vertex 58.1428 46.9638 3.8147e-07
      vertex 57.9654 47.0478 3.8147e-07
    endloop
  endfacet
  facet normal -0.671545 -0.740964 0
    outer loop
      vertex 0.585788 0.585785 3.8147e-07
      vertex 0.731219 0.453979 2.8
      vertex 0.585788 0.585785 2.8
    endloop
  endfacet
  facet normal -0.671545 -0.740964 -0
    outer loop
      vertex 0.731219 0.453979 2.8
      vertex 0.585788 0.585785 3.8147e-07
      vertex 0.731219 0.453979 3.8147e-07
    endloop
  endfacet
  facet normal 0.998803 0.0489209 0
    outer loop
      vertex 59.2 45.2 2.8
      vertex 59.1904 45.396 3.8147e-07
      vertex 59.1904 45.396 2.8
    endloop
  endfacet
  facet normal 0.998803 0.0489209 0
    outer loop
      vertex 59.1904 45.396 3.8147e-07
      vertex 59.2 45.2 2.8
      vertex 59.2 45.2 3.8147e-07
    endloop
  endfacet
  facet normal 0.671607 0.740908 -0
    outer loop
      vertex 58.6142 46.6142 3.8147e-07
      vertex 58.4688 46.746 2.8
      vertex 58.6142 46.6142 2.8
    endloop
  endfacet
  facet normal 0.671607 0.740908 0
    outer loop
      vertex 58.4688 46.746 2.8
      vertex 58.6142 46.6142 3.8147e-07
      vertex 58.4688 46.746 3.8147e-07
    endloop
  endfacet
  facet normal 0.970023 0.243015 0
    outer loop
      vertex 59.1616 45.5902 2.8
      vertex 59.1139 45.7806 3.8147e-07
      vertex 59.1139 45.7806 2.8
    endloop
  endfacet
  facet normal 0.970023 0.243015 0
    outer loop
      vertex 59.1139 45.7806 3.8147e-07
      vertex 59.1616 45.5902 2.8
      vertex 59.1616 45.5902 3.8147e-07
    endloop
  endfacet
  facet normal -0.671528 0.740979 0
    outer loop
      vertex 0.731219 46.746 3.8147e-07
      vertex 0.585788 46.6142 2.8
      vertex 0.731219 46.746 2.8
    endloop
  endfacet
  facet normal -0.671528 0.740979 0
    outer loop
      vertex 0.585788 46.6142 2.8
      vertex 0.731219 46.746 3.8147e-07
      vertex 0.585788 46.6142 3.8147e-07
    endloop
  endfacet
  facet normal -0.970042 0.242937 0
    outer loop
      vertex 0.0384399 45.5902 3.8147e-07
      vertex 0.0861237 45.7806 2.8
      vertex 0.0861237 45.7806 3.8147e-07
    endloop
  endfacet
  facet normal -0.970042 0.242937 0
    outer loop
      vertex 0.0861237 45.7806 2.8
      vertex 0.0384399 45.5902 3.8147e-07
      vertex 0.0384399 45.5902 2.8
    endloop
  endfacet
  facet normal -0.514079 0.857743 0
    outer loop
      vertex 1.05721 46.9638 3.8147e-07
      vertex 0.888858 46.8629 2.8
      vertex 1.05721 46.9638 2.8
    endloop
  endfacet
  facet normal -0.514079 0.857743 0
    outer loop
      vertex 0.888858 46.8629 2.8
      vertex 1.05721 46.9638 3.8147e-07
      vertex 0.888858 46.8629 3.8147e-07
    endloop
  endfacet
  facet normal 0.243015 0.970023 -0
    outer loop
      vertex 57.7806 47.1139 3.8147e-07
      vertex 57.5902 47.1616 2.8
      vertex 57.7806 47.1139 2.8
    endloop
  endfacet
  facet normal 0.243015 0.970023 0
    outer loop
      vertex 57.5902 47.1616 2.8
      vertex 57.7806 47.1139 3.8147e-07
      vertex 57.5902 47.1616 3.8147e-07
    endloop
  endfacet
  facet normal 0.514222 -0.857657 0
    outer loop
      vertex 58.1428 0.23616 3.8147e-07
      vertex 58.3111 0.337067 2.8
      vertex 58.1428 0.23616 2.8
    endloop
  endfacet
  facet normal 0.514222 -0.857657 0
    outer loop
      vertex 58.3111 0.337067 2.8
      vertex 58.1428 0.23616 3.8147e-07
      vertex 58.3111 0.337067 3.8147e-07
    endloop
  endfacet
  facet normal 0.146739 -0.989175 0
    outer loop
      vertex 57.396 0.0096283 3.8147e-07
      vertex 57.5902 0.0384369 2.8
      vertex 57.396 0.0096283 2.8
    endloop
  endfacet
  facet normal 0.146739 -0.989175 0
    outer loop
      vertex 57.5902 0.0384369 2.8
      vertex 57.396 0.0096283 3.8147e-07
      vertex 57.5902 0.0384369 3.8147e-07
    endloop
  endfacet
  facet normal 0.671624 -0.740892 0
    outer loop
      vertex 58.4688 0.453979 3.8147e-07
      vertex 58.6142 0.585785 2.8
      vertex 58.4688 0.453979 2.8
    endloop
  endfacet
  facet normal 0.671624 -0.740892 0
    outer loop
      vertex 58.6142 0.585785 2.8
      vertex 58.4688 0.453979 3.8147e-07
      vertex 58.6142 0.585785 3.8147e-07
    endloop
  endfacet
  facet normal 0.336788 0.94158 -0
    outer loop
      vertex 57.9654 47.0478 3.8147e-07
      vertex 57.7806 47.1139 2.8
      vertex 57.9654 47.0478 2.8
    endloop
  endfacet
  facet normal 0.336788 0.94158 0
    outer loop
      vertex 57.7806 47.1139 2.8
      vertex 57.9654 47.0478 3.8147e-07
      vertex 57.7806 47.1139 3.8147e-07
    endloop
  endfacet
  facet normal 0.427634 -0.903952 0
    outer loop
      vertex 57.9654 0.152237 3.8147e-07
      vertex 58.1428 0.23616 2.8
      vertex 57.9654 0.152237 2.8
    endloop
  endfacet
  facet normal 0.427634 -0.903952 0
    outer loop
      vertex 58.1428 0.23616 2.8
      vertex 57.9654 0.152237 3.8147e-07
      vertex 58.1428 0.23616 3.8147e-07
    endloop
  endfacet
  facet normal -0.970039 -0.242949 0
    outer loop
      vertex 0.0861237 1.41943 3.8147e-07
      vertex 0.0384399 1.60982 2.8
      vertex 0.0384399 1.60982 3.8147e-07
    endloop
  endfacet
  facet normal -0.970039 -0.242949 0
    outer loop
      vertex 0.0384399 1.60982 2.8
      vertex 0.0861237 1.41943 3.8147e-07
      vertex 0.0861237 1.41943 2.8
    endloop
  endfacet
  facet normal -0.336788 0.94158 0
    outer loop
      vertex 1.41944 47.1139 3.8147e-07
      vertex 1.23464 47.0478 2.8
      vertex 1.41944 47.1139 2.8
    endloop
  endfacet
  facet normal -0.336788 0.94158 0
    outer loop
      vertex 1.23464 47.0478 2.8
      vertex 1.41944 47.1139 3.8147e-07
      vertex 1.23464 47.0478 3.8147e-07
    endloop
  endfacet
  facet normal -0.803318 0.59555 0
    outer loop
      vertex 0.33707 46.3111 3.8147e-07
      vertex 0.453983 46.4688 2.8
      vertex 0.453983 46.4688 3.8147e-07
    endloop
  endfacet
  facet normal -0.803318 0.59555 0
    outer loop
      vertex 0.453983 46.4688 2.8
      vertex 0.33707 46.3111 3.8147e-07
      vertex 0.33707 46.3111 2.8
    endloop
  endfacet
  facet normal -0.0489135 0.998803 0
    outer loop
      vertex 2 47.2 3.8147e-07
      vertex 1.80397 47.1904 2.8
      vertex 2 47.2 2.8
    endloop
  endfacet
  facet normal -0.0489135 0.998803 0
    outer loop
      vertex 1.80397 47.1904 2.8
      vertex 2 47.2 3.8147e-07
      vertex 1.80397 47.1904 3.8147e-07
    endloop
  endfacet
  facet normal -0.146776 -0.98917 0
    outer loop
      vertex 1.60982 0.0384369 3.8147e-07
      vertex 1.80397 0.0096283 2.8
      vertex 1.60982 0.0384369 2.8
    endloop
  endfacet
  facet normal -0.146776 -0.98917 -0
    outer loop
      vertex 1.80397 0.0096283 2.8
      vertex 1.60982 0.0384369 3.8147e-07
      vertex 1.80397 0.0096283 3.8147e-07
    endloop
  endfacet
  facet normal 0.989176 -0.146733 0
    outer loop
      vertex 59.1616 1.60982 2.8
      vertex 59.1904 1.80397 3.8147e-07
      vertex 59.1904 1.80397 2.8
    endloop
  endfacet
  facet normal 0.989176 -0.146733 0
    outer loop
      vertex 59.1904 1.80397 3.8147e-07
      vertex 59.1616 1.60982 2.8
      vertex 59.1616 1.60982 3.8147e-07
    endloop
  endfacet
  facet normal 0.740908 0.671607 0
    outer loop
      vertex 58.746 46.4688 2.8
      vertex 58.6142 46.6142 3.8147e-07
      vertex 58.6142 46.6142 2.8
    endloop
  endfacet
  facet normal 0.740908 0.671607 0
    outer loop
      vertex 58.6142 46.6142 3.8147e-07
      vertex 58.746 46.4688 2.8
      vertex 58.746 46.4688 3.8147e-07
    endloop
  endfacet
  facet normal -0.998796 -0.0490573 0
    outer loop
      vertex 0.00963135 1.80397 3.8147e-07
      vertex 3.05176e-06 2 2.8
      vertex 3.05176e-06 2 3.8147e-07
    endloop
  endfacet
  facet normal -0.998796 -0.0490573 0
    outer loop
      vertex 3.05176e-06 2 2.8
      vertex 0.00963135 1.80397 3.8147e-07
      vertex 0.00963135 1.80397 2.8
    endloop
  endfacet
  facet normal 0.857747 -0.514072 0
    outer loop
      vertex 58.8629 0.888855 2.8
      vertex 58.9638 1.05721 3.8147e-07
      vertex 58.9638 1.05721 2.8
    endloop
  endfacet
  facet normal 0.857747 -0.514072 0
    outer loop
      vertex 58.9638 1.05721 3.8147e-07
      vertex 58.8629 0.888855 2.8
      vertex 58.8629 0.888855 3.8147e-07
    endloop
  endfacet
  facet normal 0.970019 -0.243027 0
    outer loop
      vertex 59.1139 1.41943 2.8
      vertex 59.1616 1.60982 3.8147e-07
      vertex 59.1616 1.60982 2.8
    endloop
  endfacet
  facet normal 0.970019 -0.243027 0
    outer loop
      vertex 59.1616 1.60982 3.8147e-07
      vertex 59.1139 1.41943 2.8
      vertex 59.1139 1.41943 3.8147e-07
    endloop
  endfacet
  facet normal -0.740895 0.671621 0
    outer loop
      vertex 0.453983 46.4688 3.8147e-07
      vertex 0.585788 46.6142 2.8
      vertex 0.585788 46.6142 3.8147e-07
    endloop
  endfacet
  facet normal -0.740895 0.671621 0
    outer loop
      vertex 0.585788 46.6142 2.8
      vertex 0.453983 46.4688 3.8147e-07
      vertex 0.453983 46.4688 2.8
    endloop
  endfacet
  facet normal 0.80335 0.595508 0
    outer loop
      vertex 58.8629 46.3111 2.8
      vertex 58.746 46.4688 3.8147e-07
      vertex 58.746 46.4688 2.8
    endloop
  endfacet
  facet normal 0.80335 0.595508 0
    outer loop
      vertex 58.746 46.4688 3.8147e-07
      vertex 58.8629 46.3111 2.8
      vertex 58.8629 46.3111 3.8147e-07
    endloop
  endfacet
  facet normal -0.803208 -0.595699 0
    outer loop
      vertex 0.453983 0.731216 3.8147e-07
      vertex 0.33707 0.888855 2.8
      vertex 0.33707 0.888855 3.8147e-07
    endloop
  endfacet
  facet normal -0.803208 -0.595699 0
    outer loop
      vertex 0.33707 0.888855 2.8
      vertex 0.453983 0.731216 3.8147e-07
      vertex 0.453983 0.731216 2.8
    endloop
  endfacet
  facet normal -0.857731 -0.514099 0
    outer loop
      vertex 0.33707 0.888855 3.8147e-07
      vertex 0.236163 1.05721 2.8
      vertex 0.236163 1.05721 3.8147e-07
    endloop
  endfacet
  facet normal -0.857731 -0.514099 0
    outer loop
      vertex 0.236163 1.05721 2.8
      vertex 0.33707 0.888855 3.8147e-07
      vertex 0.33707 0.888855 2.8
    endloop
  endfacet
  facet normal -0.146733 0.989176 0
    outer loop
      vertex 1.80397 47.1904 3.8147e-07
      vertex 1.60982 47.1616 2.8
      vertex 1.80397 47.1904 2.8
    endloop
  endfacet
  facet normal -0.146733 0.989176 0
    outer loop
      vertex 1.60982 47.1616 2.8
      vertex 1.80397 47.1904 3.8147e-07
      vertex 1.60982 47.1616 3.8147e-07
    endloop
  endfacet
  facet normal -0.595696 -0.80321 0
    outer loop
      vertex 0.731219 0.453979 3.8147e-07
      vertex 0.888858 0.337067 2.8
      vertex 0.731219 0.453979 2.8
    endloop
  endfacet
  facet normal -0.595696 -0.80321 -0
    outer loop
      vertex 0.888858 0.337067 2.8
      vertex 0.731219 0.453979 3.8147e-07
      vertex 0.888858 0.337067 3.8147e-07
    endloop
  endfacet
  facet normal -0.941554 0.336862 0
    outer loop
      vertex 0.0861237 45.7806 3.8147e-07
      vertex 0.15224 45.9654 2.8
      vertex 0.15224 45.9654 3.8147e-07
    endloop
  endfacet
  facet normal -0.941554 0.336862 0
    outer loop
      vertex 0.15224 45.9654 2.8
      vertex 0.0861237 45.7806 3.8147e-07
      vertex 0.0861237 45.7806 2.8
    endloop
  endfacet
  facet normal 0.595508 0.80335 -0
    outer loop
      vertex 58.4688 46.746 3.8147e-07
      vertex 58.3111 46.8629 2.8
      vertex 58.4688 46.746 2.8
    endloop
  endfacet
  facet normal 0.595508 0.80335 0
    outer loop
      vertex 58.3111 46.8629 2.8
      vertex 58.4688 46.746 3.8147e-07
      vertex 58.3111 46.8629 3.8147e-07
    endloop
  endfacet
  facet normal -0.242961 -0.970036 0
    outer loop
      vertex 1.41944 0.0861206 3.8147e-07
      vertex 1.60982 0.0384369 2.8
      vertex 1.41944 0.0861206 2.8
    endloop
  endfacet
  facet normal -0.242961 -0.970036 -0
    outer loop
      vertex 1.60982 0.0384369 2.8
      vertex 1.41944 0.0861206 3.8147e-07
      vertex 1.60982 0.0384369 3.8147e-07
    endloop
  endfacet
  facet normal 0.514196 0.857673 -0
    outer loop
      vertex 58.3111 46.8629 3.8147e-07
      vertex 58.1428 46.9638 2.8
      vertex 58.3111 46.8629 2.8
    endloop
  endfacet
  facet normal 0.514196 0.857673 0
    outer loop
      vertex 58.1428 46.9638 2.8
      vertex 58.3111 46.8629 3.8147e-07
      vertex 58.1428 46.9638 3.8147e-07
    endloop
  endfacet
  facet normal 0.857673 0.514196 0
    outer loop
      vertex 58.9638 46.1428 2.8
      vertex 58.8629 46.3111 3.8147e-07
      vertex 58.8629 46.3111 2.8
    endloop
  endfacet
  facet normal 0.857673 0.514196 0
    outer loop
      vertex 58.8629 46.3111 3.8147e-07
      vertex 58.9638 46.1428 2.8
      vertex 58.9638 46.1428 3.8147e-07
    endloop
  endfacet
  facet normal -0.740966 -0.671542 0
    outer loop
      vertex 0.585788 0.585785 3.8147e-07
      vertex 0.453983 0.731216 2.8
      vertex 0.453983 0.731216 3.8147e-07
    endloop
  endfacet
  facet normal -0.740966 -0.671542 0
    outer loop
      vertex 0.453983 0.731216 2.8
      vertex 0.585788 0.585785 3.8147e-07
      vertex 0.585788 0.585785 2.8
    endloop
  endfacet
  facet normal -0.857657 0.514222 0
    outer loop
      vertex 0.236163 46.1428 3.8147e-07
      vertex 0.33707 46.3111 2.8
      vertex 0.33707 46.3111 3.8147e-07
    endloop
  endfacet
  facet normal -0.857657 0.514222 0
    outer loop
      vertex 0.33707 46.3111 2.8
      vertex 0.236163 46.1428 3.8147e-07
      vertex 0.236163 46.1428 2.8
    endloop
  endfacet
  facet normal -0.941554 -0.336862 0
    outer loop
      vertex 0.15224 1.23463 3.8147e-07
      vertex 0.0861237 1.41943 2.8
      vertex 0.0861237 1.41943 3.8147e-07
    endloop
  endfacet
  facet normal -0.941554 -0.336862 0
    outer loop
      vertex 0.0861237 1.41943 2.8
      vertex 0.15224 1.23463 3.8147e-07
      vertex 0.15224 1.23463 2.8
    endloop
  endfacet
  facet normal 0 0 -1
    outer loop
      vertex 57.2 0 3.8147e-07
      vertex 59.2 2 3.8147e-07
      vertex 59.1904 1.80397 3.8147e-07
    endloop
  endfacet
  facet normal -0 0 -1
    outer loop
      vertex 59.2 2 3.8147e-07
      vertex 57.2 0 3.8147e-07
      vertex 59.2 45.2 3.8147e-07
    endloop
  endfacet
  facet normal 0 0 -1
    outer loop
      vertex 57.2 0 3.8147e-07
      vertex 59.1904 1.80397 3.8147e-07
      vertex 59.1616 1.60982 3.8147e-07
    endloop
  endfacet
  facet normal 0 0 -1
    outer loop
      vertex 57.2 47.2 3.8147e-07
      vertex 59.2 45.2 3.8147e-07
      vertex 57.2 0 3.8147e-07
    endloop
  endfacet
  facet normal 0 0 -1
    outer loop
      vertex 57.2 0 3.8147e-07
      vertex 59.1616 1.60982 3.8147e-07
      vertex 59.1139 1.41943 3.8147e-07
    endloop
  endfacet
  facet normal 0 0 -1
    outer loop
      vertex 59.2 45.2 3.8147e-07
      vertex 57.2 47.2 3.8147e-07
      vertex 59.1904 45.396 3.8147e-07
    endloop
  endfacet
  facet normal 0 0 -1
    outer loop
      vertex 57.2 0 3.8147e-07
      vertex 59.1139 1.41943 3.8147e-07
      vertex 59.0478 1.23463 3.8147e-07
    endloop
  endfacet
  facet normal 0 0 -1
    outer loop
      vertex 59.1904 45.396 3.8147e-07
      vertex 57.2 47.2 3.8147e-07
      vertex 59.1616 45.5902 3.8147e-07
    endloop
  endfacet
  facet normal 0 0 -1
    outer loop
      vertex 57.2 0 3.8147e-07
      vertex 59.0478 1.23463 3.8147e-07
      vertex 58.9638 1.05721 3.8147e-07
    endloop
  endfacet
  facet normal 0 0 -1
    outer loop
      vertex 59.1616 45.5902 3.8147e-07
      vertex 57.2 47.2 3.8147e-07
      vertex 59.1139 45.7806 3.8147e-07
    endloop
  endfacet
  facet normal 0 0 -1
    outer loop
      vertex 57.2 0 3.8147e-07
      vertex 58.9638 1.05721 3.8147e-07
      vertex 58.8629 0.888855 3.8147e-07
    endloop
  endfacet
  facet normal 0 0 -1
    outer loop
      vertex 59.1139 45.7806 3.8147e-07
      vertex 57.2 47.2 3.8147e-07
      vertex 59.0478 45.9654 3.8147e-07
    endloop
  endfacet
  facet normal 0 0 -1
    outer loop
      vertex 57.2 0 3.8147e-07
      vertex 58.8629 0.888855 3.8147e-07
      vertex 58.746 0.731216 3.8147e-07
    endloop
  endfacet
  facet normal 0 0 -1
    outer loop
      vertex 59.0478 45.9654 3.8147e-07
      vertex 57.2 47.2 3.8147e-07
      vertex 58.9638 46.1428 3.8147e-07
    endloop
  endfacet
  facet normal 0 0 -1
    outer loop
      vertex 57.2 0 3.8147e-07
      vertex 58.746 0.731216 3.8147e-07
      vertex 58.6142 0.585785 3.8147e-07
    endloop
  endfacet
  facet normal 0 0 -1
    outer loop
      vertex 58.9638 46.1428 3.8147e-07
      vertex 57.2 47.2 3.8147e-07
      vertex 58.8629 46.3111 3.8147e-07
    endloop
  endfacet
  facet normal 0 0 -1
    outer loop
      vertex 57.2 0 3.8147e-07
      vertex 58.6142 0.585785 3.8147e-07
      vertex 58.4688 0.453979 3.8147e-07
    endloop
  endfacet
  facet normal 0 0 -1
    outer loop
      vertex 58.8629 46.3111 3.8147e-07
      vertex 57.2 47.2 3.8147e-07
      vertex 58.746 46.4688 3.8147e-07
    endloop
  endfacet
  facet normal 0 0 -1
    outer loop
      vertex 57.2 0 3.8147e-07
      vertex 58.4688 0.453979 3.8147e-07
      vertex 58.3111 0.337067 3.8147e-07
    endloop
  endfacet
  facet normal 0 0 -1
    outer loop
      vertex 58.746 46.4688 3.8147e-07
      vertex 57.2 47.2 3.8147e-07
      vertex 58.6142 46.6142 3.8147e-07
    endloop
  endfacet
  facet normal 0 0 -1
    outer loop
      vertex 57.2 0 3.8147e-07
      vertex 58.3111 0.337067 3.8147e-07
      vertex 58.1428 0.23616 3.8147e-07
    endloop
  endfacet
  facet normal 0 0 -1
    outer loop
      vertex 58.6142 46.6142 3.8147e-07
      vertex 57.2 47.2 3.8147e-07
      vertex 58.4688 46.746 3.8147e-07
    endloop
  endfacet
  facet normal 0 0 -1
    outer loop
      vertex 57.2 0 3.8147e-07
      vertex 58.1428 0.23616 3.8147e-07
      vertex 57.9654 0.152237 3.8147e-07
    endloop
  endfacet
  facet normal 0 0 -1
    outer loop
      vertex 58.4688 46.746 3.8147e-07
      vertex 57.2 47.2 3.8147e-07
      vertex 58.3111 46.8629 3.8147e-07
    endloop
  endfacet
  facet normal 0 0 -1
    outer loop
      vertex 57.2 0 3.8147e-07
      vertex 57.9654 0.152237 3.8147e-07
      vertex 57.7806 0.0861206 3.8147e-07
    endloop
  endfacet
  facet normal 0 0 -1
    outer loop
      vertex 58.3111 46.8629 3.8147e-07
      vertex 57.2 47.2 3.8147e-07
      vertex 58.1428 46.9638 3.8147e-07
    endloop
  endfacet
  facet normal 0 0 -1
    outer loop
      vertex 57.2 0 3.8147e-07
      vertex 57.7806 0.0861206 3.8147e-07
      vertex 57.5902 0.0384369 3.8147e-07
    endloop
  endfacet
  facet normal 0 0 -1
    outer loop
      vertex 58.1428 46.9638 3.8147e-07
      vertex 57.2 47.2 3.8147e-07
      vertex 57.9654 47.0478 3.8147e-07
    endloop
  endfacet
  facet normal 0 0 -1
    outer loop
      vertex 57.2 0 3.8147e-07
      vertex 57.5902 0.0384369 3.8147e-07
      vertex 57.396 0.0096283 3.8147e-07
    endloop
  endfacet
  facet normal 0 0 -1
    outer loop
      vertex 57.9654 47.0478 3.8147e-07
      vertex 57.2 47.2 3.8147e-07
      vertex 57.7806 47.1139 3.8147e-07
    endloop
  endfacet
  facet normal 0 0 -1
    outer loop
      vertex 57.7806 47.1139 3.8147e-07
      vertex 57.2 47.2 3.8147e-07
      vertex 57.5902 47.1616 3.8147e-07
    endloop
  endfacet
  facet normal 0 0 -1
    outer loop
      vertex 57.5902 47.1616 3.8147e-07
      vertex 57.2 47.2 3.8147e-07
      vertex 57.396 47.1904 3.8147e-07
    endloop
  endfacet
  facet normal 0 0 -1
    outer loop
      vertex 2 0 3.8147e-07
      vertex 57.2 47.2 3.8147e-07
      vertex 57.2 0 3.8147e-07
    endloop
  endfacet
  facet normal 0 0 -1
    outer loop
      vertex 2 0 3.8147e-07
      vertex 2 47.2 3.8147e-07
      vertex 57.2 47.2 3.8147e-07
    endloop
  endfacet
  facet normal 0 0 -1
    outer loop
      vertex 3.05176e-06 2 3.8147e-07
      vertex 2 0 3.8147e-07
      vertex 1.80397 0.0096283 3.8147e-07
    endloop
  endfacet
  facet normal 0 0 -1
    outer loop
      vertex 2 0 3.8147e-07
      vertex 3.05176e-06 2 3.8147e-07
      vertex 2 47.2 3.8147e-07
    endloop
  endfacet
  facet normal 0 0 -1
    outer loop
      vertex 3.05176e-06 2 3.8147e-07
      vertex 1.80397 0.0096283 3.8147e-07
      vertex 1.60982 0.0384369 3.8147e-07
    endloop
  endfacet
  facet normal 0 0 -1
    outer loop
      vertex 3.05176e-06 45.2 3.8147e-07
      vertex 2 47.2 3.8147e-07
      vertex 3.05176e-06 2 3.8147e-07
    endloop
  endfacet
  facet normal 0 0 -1
    outer loop
      vertex 3.05176e-06 2 3.8147e-07
      vertex 1.60982 0.0384369 3.8147e-07
      vertex 1.41944 0.0861206 3.8147e-07
    endloop
  endfacet
  facet normal 0 0 -1
    outer loop
      vertex 2 47.2 3.8147e-07
      vertex 3.05176e-06 45.2 3.8147e-07
      vertex 1.80397 47.1904 3.8147e-07
    endloop
  endfacet
  facet normal 0 0 -1
    outer loop
      vertex 3.05176e-06 2 3.8147e-07
      vertex 1.41944 0.0861206 3.8147e-07
      vertex 1.23464 0.152237 3.8147e-07
    endloop
  endfacet
  facet normal 0 0 -1
    outer loop
      vertex 1.80397 47.1904 3.8147e-07
      vertex 3.05176e-06 45.2 3.8147e-07
      vertex 1.60982 47.1616 3.8147e-07
    endloop
  endfacet
  facet normal 0 0 -1
    outer loop
      vertex 3.05176e-06 2 3.8147e-07
      vertex 1.23464 0.152237 3.8147e-07
      vertex 1.05721 0.23616 3.8147e-07
    endloop
  endfacet
  facet normal 0 0 -1
    outer loop
      vertex 1.60982 47.1616 3.8147e-07
      vertex 3.05176e-06 45.2 3.8147e-07
      vertex 1.41944 47.1139 3.8147e-07
    endloop
  endfacet
  facet normal 0 0 -1
    outer loop
      vertex 3.05176e-06 2 3.8147e-07
      vertex 1.05721 0.23616 3.8147e-07
      vertex 0.888858 0.337067 3.8147e-07
    endloop
  endfacet
  facet normal 0 0 -1
    outer loop
      vertex 1.41944 47.1139 3.8147e-07
      vertex 3.05176e-06 45.2 3.8147e-07
      vertex 1.23464 47.0478 3.8147e-07
    endloop
  endfacet
  facet normal 0 0 -1
    outer loop
      vertex 3.05176e-06 2 3.8147e-07
      vertex 0.888858 0.337067 3.8147e-07
      vertex 0.731219 0.453979 3.8147e-07
    endloop
  endfacet
  facet normal 0 0 -1
    outer loop
      vertex 1.23464 47.0478 3.8147e-07
      vertex 3.05176e-06 45.2 3.8147e-07
      vertex 1.05721 46.9638 3.8147e-07
    endloop
  endfacet
  facet normal 0 0 -1
    outer loop
      vertex 3.05176e-06 2 3.8147e-07
      vertex 0.731219 0.453979 3.8147e-07
      vertex 0.585788 0.585785 3.8147e-07
    endloop
  endfacet
  facet normal 0 0 -1
    outer loop
      vertex 1.05721 46.9638 3.8147e-07
      vertex 3.05176e-06 45.2 3.8147e-07
      vertex 0.888858 46.8629 3.8147e-07
    endloop
  endfacet
  facet normal 0 0 -1
    outer loop
      vertex 3.05176e-06 2 3.8147e-07
      vertex 0.585788 0.585785 3.8147e-07
      vertex 0.453983 0.731216 3.8147e-07
    endloop
  endfacet
  facet normal 0 0 -1
    outer loop
      vertex 0.888858 46.8629 3.8147e-07
      vertex 3.05176e-06 45.2 3.8147e-07
      vertex 0.731219 46.746 3.8147e-07
    endloop
  endfacet
  facet normal 0 0 -1
    outer loop
      vertex 3.05176e-06 2 3.8147e-07
      vertex 0.453983 0.731216 3.8147e-07
      vertex 0.33707 0.888855 3.8147e-07
    endloop
  endfacet
  facet normal 0 0 -1
    outer loop
      vertex 0.731219 46.746 3.8147e-07
      vertex 3.05176e-06 45.2 3.8147e-07
      vertex 0.585788 46.6142 3.8147e-07
    endloop
  endfacet
  facet normal 0 0 -1
    outer loop
      vertex 3.05176e-06 2 3.8147e-07
      vertex 0.33707 0.888855 3.8147e-07
      vertex 0.236163 1.05721 3.8147e-07
    endloop
  endfacet
  facet normal 0 0 -1
    outer loop
      vertex 0.585788 46.6142 3.8147e-07
      vertex 3.05176e-06 45.2 3.8147e-07
      vertex 0.453983 46.4688 3.8147e-07
    endloop
  endfacet
  facet normal 0 0 -1
    outer loop
      vertex 3.05176e-06 2 3.8147e-07
      vertex 0.236163 1.05721 3.8147e-07
      vertex 0.15224 1.23463 3.8147e-07
    endloop
  endfacet
  facet normal 0 0 -1
    outer loop
      vertex 0.453983 46.4688 3.8147e-07
      vertex 3.05176e-06 45.2 3.8147e-07
      vertex 0.33707 46.3111 3.8147e-07
    endloop
  endfacet
  facet normal 0 0 -1
    outer loop
      vertex 3.05176e-06 2 3.8147e-07
      vertex 0.15224 1.23463 3.8147e-07
      vertex 0.0861237 1.41943 3.8147e-07
    endloop
  endfacet
  facet normal 0 0 -1
    outer loop
      vertex 0.33707 46.3111 3.8147e-07
      vertex 3.05176e-06 45.2 3.8147e-07
      vertex 0.236163 46.1428 3.8147e-07
    endloop
  endfacet
  facet normal 0 0 -1
    outer loop
      vertex 3.05176e-06 2 3.8147e-07
      vertex 0.0861237 1.41943 3.8147e-07
      vertex 0.0384399 1.60982 3.8147e-07
    endloop
  endfacet
  facet normal 0 0 -1
    outer loop
      vertex 0.236163 46.1428 3.8147e-07
      vertex 3.05176e-06 45.2 3.8147e-07
      vertex 0.15224 45.9654 3.8147e-07
    endloop
  endfacet
  facet normal 0 0 -1
    outer loop
      vertex 3.05176e-06 2 3.8147e-07
      vertex 0.0384399 1.60982 3.8147e-07
      vertex 0.00963135 1.80397 3.8147e-07
    endloop
  endfacet
  facet normal 0 0 -1
    outer loop
      vertex 0.15224 45.9654 3.8147e-07
      vertex 3.05176e-06 45.2 3.8147e-07
      vertex 0.0861237 45.7806 3.8147e-07
    endloop
  endfacet
  facet normal 0 0 -1
    outer loop
      vertex 0.0861237 45.7806 3.8147e-07
      vertex 3.05176e-06 45.2 3.8147e-07
      vertex 0.0384399 45.5902 3.8147e-07
    endloop
  endfacet
  facet normal 0 0 -1
    outer loop
      vertex 0.0384399 45.5902 3.8147e-07
      vertex 3.05176e-06 45.2 3.8147e-07
      vertex 0.00963135 45.396 3.8147e-07
    endloop
  endfacet
  facet normal -1 0 0
    outer loop
      vertex 33.6 24.7 2.8
      vertex 33.6 26.3 8.2
      vertex 33.6 26.3 2.8
    endloop
  endfacet
  facet normal -1 -0 0
    outer loop
      vertex 33.6 26.3 8.2
      vertex 33.6 24.7 2.8
      vertex 33.6 24.7 8.2
    endloop
  endfacet
  facet normal 1 -0 0
    outer loop
      vertex 54.6 24.7 8.2
      vertex 54.6 26.3 2.8
      vertex 54.6 26.3 8.2
    endloop
  endfacet
  facet normal 1 0 0
    outer loop
      vertex 54.6 26.3 2.8
      vertex 54.6 24.7 8.2
      vertex 54.6 24.7 2.8
    endloop
  endfacet
  facet normal 0 1 0
    outer loop
      vertex 54.6 26.3 8.2
      vertex 48.6 26.3 5.6
      vertex 48.6 26.3 8.2
    endloop
  endfacet
  facet normal 0 1 0
    outer loop
      vertex 54.6 26.3 2.8
      vertex 45.1 26.3 5.6
      vertex 48.6 26.3 5.6
    endloop
  endfacet
  facet normal 0 1 0
    outer loop
      vertex 45.1 26.3 5.6
      vertex 54.6 26.3 2.8
      vertex 43.1 26.3 5.6
    endloop
  endfacet
  facet normal 0 1 0
    outer loop
      vertex 33.6 26.3 2.8
      vertex 43.1 26.3 5.6
      vertex 54.6 26.3 2.8
    endloop
  endfacet
  facet normal 0 1 -0
    outer loop
      vertex 54.6 26.3 2.8
      vertex 48.6 26.3 5.6
      vertex 54.6 26.3 8.2
    endloop
  endfacet
  facet normal 0 1 -0
    outer loop
      vertex 45.1 26.3 5.6
      vertex 43.1 26.3 8.2
      vertex 45.1 26.3 8.2
    endloop
  endfacet
  facet normal 0 1 0
    outer loop
      vertex 43.1 26.3 8.2
      vertex 45.1 26.3 5.6
      vertex 43.1 26.3 5.6
    endloop
  endfacet
  facet normal 0 1 -0
    outer loop
      vertex 39.6 26.3 5.6
      vertex 33.6 26.3 8.2
      vertex 39.6 26.3 8.2
    endloop
  endfacet
  facet normal 0 1 0
    outer loop
      vertex 39.6 26.3 5.6
      vertex 33.6 26.3 2.8
      vertex 33.6 26.3 8.2
    endloop
  endfacet
  facet normal 0 1 0
    outer loop
      vertex 43.1 26.3 5.6
      vertex 33.6 26.3 2.8
      vertex 39.6 26.3 5.6
    endloop
  endfacet
  facet normal 0 -1 0
    outer loop
      vertex 54.3 24.7 2.8
      vertex 54.6 24.7 8.2
      vertex 54.3 24.7 8.2
    endloop
  endfacet
  facet normal 0 -1 -0
    outer loop
      vertex 54.6 24.7 8.2
      vertex 54.3 24.7 2.8
      vertex 54.6 24.7 2.8
    endloop
  endfacet
  facet normal 0 -1 0
    outer loop
      vertex 33.6 24.7 2.8
      vertex 33.9 24.7 8.2
      vertex 33.6 24.7 8.2
    endloop
  endfacet
  facet normal 0 -1 -0
    outer loop
      vertex 33.9 24.7 8.2
      vertex 33.6 24.7 2.8
      vertex 33.9 24.7 2.8
    endloop
  endfacet
  facet normal 0 -1 0
    outer loop
      vertex 35.1 24.7 8.2
      vertex 39.6 24.7 5.6
      vertex 39.6 24.7 8.2
    endloop
  endfacet
  facet normal 0 -1 0
    outer loop
      vertex 35.1 24.7 2.8
      vertex 43.1 24.7 5.6
      vertex 39.6 24.7 5.6
    endloop
  endfacet
  facet normal 0 -1 -0
    outer loop
      vertex 43.1 24.7 5.6
      vertex 35.1 24.7 2.8
      vertex 45.1 24.7 5.6
    endloop
  endfacet
  facet normal 0 -1 0
    outer loop
      vertex 53.1 24.7 2.8
      vertex 45.1 24.7 5.6
      vertex 35.1 24.7 2.8
    endloop
  endfacet
  facet normal 0 -1 0
    outer loop
      vertex 35.1 24.7 2.8
      vertex 39.6 24.7 5.6
      vertex 35.1 24.7 8.2
    endloop
  endfacet
  facet normal 0 -1 0
    outer loop
      vertex 43.1 24.7 5.6
      vertex 45.1 24.7 8.2
      vertex 43.1 24.7 8.2
    endloop
  endfacet
  facet normal 0 -1 -0
    outer loop
      vertex 45.1 24.7 8.2
      vertex 43.1 24.7 5.6
      vertex 45.1 24.7 5.6
    endloop
  endfacet
  facet normal 0 -1 0
    outer loop
      vertex 48.6 24.7 5.6
      vertex 53.1 24.7 8.2
      vertex 48.6 24.7 8.2
    endloop
  endfacet
  facet normal 0 -1 0
    outer loop
      vertex 48.6 24.7 5.6
      vertex 53.1 24.7 2.8
      vertex 53.1 24.7 8.2
    endloop
  endfacet
  facet normal 0 -1 0
    outer loop
      vertex 45.1 24.7 5.6
      vertex 53.1 24.7 2.8
      vertex 48.6 24.7 5.6
    endloop
  endfacet
  facet normal 0.803168 0.595753 0
    outer loop
      vertex 30.8416 26.1001 9.8
      vertex 30.5785 26.4548 2.8
      vertex 30.5785 26.4548 9.8
    endloop
  endfacet
  facet normal 0.803168 0.595753 0
    outer loop
      vertex 30.5785 26.4548 2.8
      vertex 30.8416 26.1001 9.8
      vertex 30.8416 26.1001 2.8
    endloop
  endfacet
  facet normal -0.989174 0.146746 0
    outer loop
      vertex 22.6217 24.0411 8.3
      vertex 22.6865 24.4779 9.8
      vertex 22.6865 24.4779 8.3
    endloop
  endfacet
  facet normal -0.989174 0.146746 0
    outer loop
      vertex 22.6865 24.4779 9.8
      vertex 22.6217 24.0411 8.3
      vertex 22.6217 24.0411 9.8
    endloop
  endfacet
  facet normal -0.989174 0.146746 0
    outer loop
      vertex 22.6217 24.0411 2.8
      vertex 22.6865 24.4779 5.8
      vertex 22.6865 24.4779 2.8
    endloop
  endfacet
  facet normal -0.989174 0.146746 0
    outer loop
      vertex 22.6865 24.4779 5.8
      vertex 22.6217 24.0411 2.8
      vertex 22.6217 24.0411 5.8
    endloop
  endfacet
  facet normal -0.998792 0.0491358 0
    outer loop
      vertex 22.6 23.6 8.3
      vertex 22.6217 24.0411 9.8
      vertex 22.6217 24.0411 8.3
    endloop
  endfacet
  facet normal -0.998792 0.0491358 0
    outer loop
      vertex 22.6217 24.0411 9.8
      vertex 22.6 23.6 8.3
      vertex 22.6 23.6 9.8
    endloop
  endfacet
  facet normal -0.998792 0.0491358 0
    outer loop
      vertex 22.6 23.6 2.8
      vertex 22.6217 24.0411 5.8
      vertex 22.6217 24.0411 2.8
    endloop
  endfacet
  facet normal -0.998792 0.0491358 0
    outer loop
      vertex 22.6217 24.0411 5.8
      vertex 22.6 23.6 2.8
      vertex 22.6 23.6 5.8
    endloop
  endfacet
  facet normal -0.970036 0.242962 0
    outer loop
      vertex 22.6865 24.4779 8.3
      vertex 22.7938 24.9063 9.8
      vertex 22.7938 24.9063 8.3
    endloop
  endfacet
  facet normal -0.970036 0.242962 0
    outer loop
      vertex 22.7938 24.9063 9.8
      vertex 22.6865 24.4779 8.3
      vertex 22.6865 24.4779 9.8
    endloop
  endfacet
  facet normal -0.970036 0.242962 0
    outer loop
      vertex 22.6865 24.4779 2.8
      vertex 22.7938 24.9063 5.8
      vertex 22.7938 24.9063 2.8
    endloop
  endfacet
  facet normal -0.970036 0.242962 0
    outer loop
      vertex 22.7938 24.9063 5.8
      vertex 22.6865 24.4779 2.8
      vertex 22.6865 24.4779 5.8
    endloop
  endfacet
  facet normal -0.146746 0.989174 0
    outer loop
      vertex 26.6589 28.0783 2.8
      vertex 26.2221 28.0135 9.8
      vertex 26.6589 28.0783 9.8
    endloop
  endfacet
  facet normal -0.146746 0.989174 0
    outer loop
      vertex 26.2221 28.0135 9.8
      vertex 26.6589 28.0783 2.8
      vertex 26.2221 28.0135 2.8
    endloop
  endfacet
  facet normal 0.941598 0.336738 0
    outer loop
      vertex 31.4062 24.9063 9.8
      vertex 31.2575 25.3221 2.8
      vertex 31.2575 25.3221 9.8
    endloop
  endfacet
  facet normal 0.941598 0.336738 0
    outer loop
      vertex 31.2575 25.3221 2.8
      vertex 31.4062 24.9063 9.8
      vertex 31.4062 24.9063 2.8
    endloop
  endfacet
  facet normal 0.242962 0.970036 -0
    outer loop
      vertex 28.4063 27.9062 2.8
      vertex 27.9779 28.0135 9.8
      vertex 28.4063 27.9062 9.8
    endloop
  endfacet
  facet normal 0.242962 0.970036 0
    outer loop
      vertex 27.9779 28.0135 9.8
      vertex 28.4063 27.9062 2.8
      vertex 27.9779 28.0135 2.8
    endloop
  endfacet
  facet normal -0.336738 -0.941598 0
    outer loop
      vertex 25.3779 19.4425 2.8
      vertex 25.7937 19.2938 9.8
      vertex 25.3779 19.4425 9.8
    endloop
  endfacet
  facet normal -0.336738 -0.941598 -0
    outer loop
      vertex 25.7937 19.2938 9.8
      vertex 25.3779 19.4425 2.8
      vertex 25.7937 19.2938 2.8
    endloop
  endfacet
  facet normal 0.336738 -0.941598 0
    outer loop
      vertex 28.4063 19.2938 2.8
      vertex 28.8221 19.4425 9.8
      vertex 28.4063 19.2938 9.8
    endloop
  endfacet
  facet normal 0.336738 -0.941598 0
    outer loop
      vertex 28.8221 19.4425 9.8
      vertex 28.4063 19.2938 2.8
      vertex 28.8221 19.4425 2.8
    endloop
  endfacet
  facet normal 0.146746 0.989174 -0
    outer loop
      vertex 27.9779 28.0135 2.8
      vertex 27.5411 28.0783 9.8
      vertex 27.9779 28.0135 9.8
    endloop
  endfacet
  facet normal 0.146746 0.989174 0
    outer loop
      vertex 27.5411 28.0783 9.8
      vertex 27.9779 28.0135 2.8
      vertex 27.5411 28.0783 2.8
    endloop
  endfacet
  facet normal -0.941598 -0.336738 0
    outer loop
      vertex 22.9425 21.8779 2.8
      vertex 22.7938 22.2937 5.8
      vertex 22.7938 22.2937 2.8
    endloop
  endfacet
  facet normal -0.941598 -0.336738 0
    outer loop
      vertex 22.7938 22.2937 5.8
      vertex 22.9425 21.8779 2.8
      vertex 22.9425 21.8779 5.8
    endloop
  endfacet
  facet normal -0.941598 -0.336738 0
    outer loop
      vertex 22.9425 21.8779 8.3
      vertex 22.7938 22.2937 9.8
      vertex 22.7938 22.2937 8.3
    endloop
  endfacet
  facet normal -0.941598 -0.336738 0
    outer loop
      vertex 22.7938 22.2937 9.8
      vertex 22.9425 21.8779 8.3
      vertex 22.9425 21.8779 9.8
    endloop
  endfacet
  facet normal 0.741015 -0.671488 0
    outer loop
      vertex 30.282 20.418 9.8
      vertex 30.5785 20.7452 2.8
      vertex 30.5785 20.7452 9.8
    endloop
  endfacet
  facet normal 0.741015 -0.671488 0
    outer loop
      vertex 30.5785 20.7452 2.8
      vertex 30.282 20.418 9.8
      vertex 30.282 20.418 2.8
    endloop
  endfacet
  facet normal 0.242962 -0.970036 0
    outer loop
      vertex 27.9779 19.1865 2.8
      vertex 28.4063 19.2938 9.8
      vertex 27.9779 19.1865 9.8
    endloop
  endfacet
  facet normal 0.242962 -0.970036 0
    outer loop
      vertex 28.4063 19.2938 9.8
      vertex 27.9779 19.1865 2.8
      vertex 28.4063 19.2938 2.8
    endloop
  endfacet
  facet normal -0.595753 -0.803168 0
    outer loop
      vertex 24.2452 20.1215 2.8
      vertex 24.5999 19.8584 9.8
      vertex 24.2452 20.1215 9.8
    endloop
  endfacet
  facet normal -0.595753 -0.803168 -0
    outer loop
      vertex 24.5999 19.8584 9.8
      vertex 24.2452 20.1215 2.8
      vertex 24.5999 19.8584 2.8
    endloop
  endfacet
  facet normal -0.595753 0.803168 0
    outer loop
      vertex 24.5999 27.3416 2.8
      vertex 24.2452 27.0785 9.8
      vertex 24.5999 27.3416 9.8
    endloop
  endfacet
  facet normal -0.595753 0.803168 0
    outer loop
      vertex 24.2452 27.0785 9.8
      vertex 24.5999 27.3416 2.8
      vertex 24.2452 27.0785 2.8
    endloop
  endfacet
  facet normal 0.595753 0.803168 -0
    outer loop
      vertex 29.9548 27.0785 2.8
      vertex 29.6001 27.3416 9.8
      vertex 29.9548 27.0785 9.8
    endloop
  endfacet
  facet normal 0.595753 0.803168 0
    outer loop
      vertex 29.6001 27.3416 9.8
      vertex 29.9548 27.0785 2.8
      vertex 29.6001 27.3416 2.8
    endloop
  endfacet
  facet normal 0.989174 -0.146746 0
    outer loop
      vertex 31.5135 22.7221 9.8
      vertex 31.5783 23.1589 2.8
      vertex 31.5783 23.1589 9.8
    endloop
  endfacet
  facet normal 0.989174 -0.146746 0
    outer loop
      vertex 31.5783 23.1589 2.8
      vertex 31.5135 22.7221 9.8
      vertex 31.5135 22.7221 2.8
    endloop
  endfacet
  facet normal 0.857773 0.514029 0
    outer loop
      vertex 31.0686 25.7213 9.8
      vertex 30.8416 26.1001 2.8
      vertex 30.8416 26.1001 9.8
    endloop
  endfacet
  facet normal 0.857773 0.514029 0
    outer loop
      vertex 30.8416 26.1001 2.8
      vertex 31.0686 25.7213 9.8
      vertex 31.0686 25.7213 2.8
    endloop
  endfacet
  facet normal 0.0491358 -0.998792 0
    outer loop
      vertex 27.1 19.1 2.8
      vertex 27.5411 19.1217 9.8
      vertex 27.1 19.1 9.8
    endloop
  endfacet
  facet normal 0.0491358 -0.998792 0
    outer loop
      vertex 27.5411 19.1217 9.8
      vertex 27.1 19.1 2.8
      vertex 27.5411 19.1217 2.8
    endloop
  endfacet
  facet normal -0.514029 0.857773 0
    outer loop
      vertex 24.9787 27.5686 2.8
      vertex 24.5999 27.3416 9.8
      vertex 24.9787 27.5686 9.8
    endloop
  endfacet
  facet normal -0.514029 0.857773 0
    outer loop
      vertex 24.5999 27.3416 9.8
      vertex 24.9787 27.5686 2.8
      vertex 24.5999 27.3416 2.8
    endloop
  endfacet
  facet normal -0.427726 -0.903908 0
    outer loop
      vertex 24.9787 19.6314 2.8
      vertex 25.3779 19.4425 9.8
      vertex 24.9787 19.6314 9.8
    endloop
  endfacet
  facet normal -0.427726 -0.903908 -0
    outer loop
      vertex 25.3779 19.4425 9.8
      vertex 24.9787 19.6314 2.8
      vertex 25.3779 19.4425 2.8
    endloop
  endfacet
  facet normal 0.970036 -0.242962 0
    outer loop
      vertex 31.4062 22.2937 9.8
      vertex 31.5135 22.7221 2.8
      vertex 31.5135 22.7221 9.8
    endloop
  endfacet
  facet normal 0.970036 -0.242962 0
    outer loop
      vertex 31.5135 22.7221 2.8
      vertex 31.4062 22.2937 9.8
      vertex 31.4062 22.2937 2.8
    endloop
  endfacet
  facet normal -0.857773 -0.514029 0
    outer loop
      vertex 23.3584 21.0999 2.8
      vertex 23.1314 21.4787 5.8
      vertex 23.1314 21.4787 2.8
    endloop
  endfacet
  facet normal -0.857773 -0.514029 0
    outer loop
      vertex 23.1314 21.4787 5.8
      vertex 23.3584 21.0999 2.8
      vertex 23.3584 21.0999 5.8
    endloop
  endfacet
  facet normal -0.857773 -0.514029 0
    outer loop
      vertex 23.3584 21.0999 8.3
      vertex 23.1314 21.4787 9.8
      vertex 23.1314 21.4787 8.3
    endloop
  endfacet
  facet normal -0.857773 -0.514029 0
    outer loop
      vertex 23.1314 21.4787 9.8
      vertex 23.3584 21.0999 8.3
      vertex 23.3584 21.0999 9.8
    endloop
  endfacet
  facet normal -0.336738 0.941598 0
    outer loop
      vertex 25.7937 27.9062 2.8
      vertex 25.3779 27.7575 9.8
      vertex 25.7937 27.9062 9.8
    endloop
  endfacet
  facet normal -0.336738 0.941598 0
    outer loop
      vertex 25.3779 27.7575 9.8
      vertex 25.7937 27.9062 2.8
      vertex 25.3779 27.7575 2.8
    endloop
  endfacet
  facet normal -0.671488 -0.741015 0
    outer loop
      vertex 23.918 20.418 2.8
      vertex 24.2452 20.1215 9.8
      vertex 23.918 20.418 9.8
    endloop
  endfacet
  facet normal -0.671488 -0.741015 -0
    outer loop
      vertex 24.2452 20.1215 9.8
      vertex 23.918 20.418 2.8
      vertex 24.2452 20.1215 2.8
    endloop
  endfacet
  facet normal 0.970036 0.242962 0
    outer loop
      vertex 31.5135 24.4779 9.8
      vertex 31.4062 24.9063 2.8
      vertex 31.4062 24.9063 9.8
    endloop
  endfacet
  facet normal 0.970036 0.242962 0
    outer loop
      vertex 31.4062 24.9063 2.8
      vertex 31.5135 24.4779 9.8
      vertex 31.5135 24.4779 2.8
    endloop
  endfacet
  facet normal -0.903908 -0.427726 0
    outer loop
      vertex 23.1314 21.4787 2.8
      vertex 22.9425 21.8779 5.8
      vertex 22.9425 21.8779 2.8
    endloop
  endfacet
  facet normal -0.903908 -0.427726 0
    outer loop
      vertex 22.9425 21.8779 5.8
      vertex 23.1314 21.4787 2.8
      vertex 23.1314 21.4787 5.8
    endloop
  endfacet
  facet normal -0.903908 -0.427726 0
    outer loop
      vertex 23.1314 21.4787 8.3
      vertex 22.9425 21.8779 9.8
      vertex 22.9425 21.8779 8.3
    endloop
  endfacet
  facet normal -0.903908 -0.427726 0
    outer loop
      vertex 22.9425 21.8779 9.8
      vertex 23.1314 21.4787 8.3
      vertex 23.1314 21.4787 9.8
    endloop
  endfacet
  facet normal 0.941598 -0.336738 0
    outer loop
      vertex 31.2575 21.8779 9.8
      vertex 31.4062 22.2937 2.8
      vertex 31.4062 22.2937 9.8
    endloop
  endfacet
  facet normal 0.941598 -0.336738 0
    outer loop
      vertex 31.4062 22.2937 2.8
      vertex 31.2575 21.8779 9.8
      vertex 31.2575 21.8779 2.8
    endloop
  endfacet
  facet normal -0.903908 0.427726 0
    outer loop
      vertex 22.9425 25.3221 8.3
      vertex 23.1314 25.7213 9.8
      vertex 23.1314 25.7213 8.3
    endloop
  endfacet
  facet normal -0.903908 0.427726 0
    outer loop
      vertex 23.1314 25.7213 9.8
      vertex 22.9425 25.3221 8.3
      vertex 22.9425 25.3221 9.8
    endloop
  endfacet
  facet normal -0.903908 0.427726 0
    outer loop
      vertex 22.9425 25.3221 2.8
      vertex 23.1314 25.7213 5.8
      vertex 23.1314 25.7213 2.8
    endloop
  endfacet
  facet normal -0.903908 0.427726 0
    outer loop
      vertex 23.1314 25.7213 5.8
      vertex 22.9425 25.3221 2.8
      vertex 22.9425 25.3221 5.8
    endloop
  endfacet
  facet normal 0.989174 0.146746 0
    outer loop
      vertex 31.5783 24.0411 9.8
      vertex 31.5135 24.4779 2.8
      vertex 31.5135 24.4779 9.8
    endloop
  endfacet
  facet normal 0.989174 0.146746 0
    outer loop
      vertex 31.5135 24.4779 2.8
      vertex 31.5783 24.0411 9.8
      vertex 31.5783 24.0411 2.8
    endloop
  endfacet
  facet normal -0.803168 0.595753 0
    outer loop
      vertex 23.3584 26.1001 8.3
      vertex 23.6215 26.4548 9.8
      vertex 23.6215 26.4548 8.3
    endloop
  endfacet
  facet normal -0.803168 0.595753 0
    outer loop
      vertex 23.6215 26.4548 9.8
      vertex 23.3584 26.1001 8.3
      vertex 23.3584 26.1001 9.8
    endloop
  endfacet
  facet normal -0.803168 0.595753 0
    outer loop
      vertex 23.3584 26.1001 2.8
      vertex 23.6215 26.4548 5.8
      vertex 23.6215 26.4548 2.8
    endloop
  endfacet
  facet normal -0.803168 0.595753 0
    outer loop
      vertex 23.6215 26.4548 5.8
      vertex 23.3584 26.1001 2.8
      vertex 23.3584 26.1001 5.8
    endloop
  endfacet
  facet normal -0.242962 -0.970036 0
    outer loop
      vertex 25.7937 19.2938 2.8
      vertex 26.2221 19.1865 9.8
      vertex 25.7937 19.2938 9.8
    endloop
  endfacet
  facet normal -0.242962 -0.970036 -0
    outer loop
      vertex 26.2221 19.1865 9.8
      vertex 25.7937 19.2938 2.8
      vertex 26.2221 19.1865 2.8
    endloop
  endfacet
  facet normal -0.970036 -0.242962 0
    outer loop
      vertex 22.7938 22.2937 2.8
      vertex 22.6865 22.7221 5.8
      vertex 22.6865 22.7221 2.8
    endloop
  endfacet
  facet normal -0.970036 -0.242962 0
    outer loop
      vertex 22.6865 22.7221 5.8
      vertex 22.7938 22.2937 2.8
      vertex 22.7938 22.2937 5.8
    endloop
  endfacet
  facet normal -0.970036 -0.242962 0
    outer loop
      vertex 22.7938 22.2937 8.3
      vertex 22.6865 22.7221 9.8
      vertex 22.6865 22.7221 8.3
    endloop
  endfacet
  facet normal -0.970036 -0.242962 0
    outer loop
      vertex 22.6865 22.7221 9.8
      vertex 22.7938 22.2937 8.3
      vertex 22.7938 22.2937 9.8
    endloop
  endfacet
  facet normal 0.0491358 0.998792 -0
    outer loop
      vertex 27.5411 28.0783 2.8
      vertex 27.1 28.1 9.8
      vertex 27.5411 28.0783 9.8
    endloop
  endfacet
  facet normal 0.0491358 0.998792 0
    outer loop
      vertex 27.1 28.1 9.8
      vertex 27.5411 28.0783 2.8
      vertex 27.1 28.1 2.8
    endloop
  endfacet
  facet normal -0.427726 0.903908 0
    outer loop
      vertex 25.3779 27.7575 2.8
      vertex 24.9787 27.5686 9.8
      vertex 25.3779 27.7575 9.8
    endloop
  endfacet
  facet normal -0.427726 0.903908 0
    outer loop
      vertex 24.9787 27.5686 9.8
      vertex 25.3779 27.7575 2.8
      vertex 24.9787 27.5686 2.8
    endloop
  endfacet
  facet normal -0.941598 0.336738 0
    outer loop
      vertex 22.7938 24.9063 8.3
      vertex 22.9425 25.3221 9.8
      vertex 22.9425 25.3221 8.3
    endloop
  endfacet
  facet normal -0.941598 0.336738 0
    outer loop
      vertex 22.9425 25.3221 9.8
      vertex 22.7938 24.9063 8.3
      vertex 22.7938 24.9063 9.8
    endloop
  endfacet
  facet normal -0.941598 0.336738 0
    outer loop
      vertex 22.7938 24.9063 2.8
      vertex 22.9425 25.3221 5.8
      vertex 22.9425 25.3221 2.8
    endloop
  endfacet
  facet normal -0.941598 0.336738 0
    outer loop
      vertex 22.9425 25.3221 5.8
      vertex 22.7938 24.9063 2.8
      vertex 22.7938 24.9063 5.8
    endloop
  endfacet
  facet normal -0.989174 -0.146746 0
    outer loop
      vertex 22.6865 22.7221 8.3
      vertex 22.6217 23.1589 9.8
      vertex 22.6217 23.1589 8.3
    endloop
  endfacet
  facet normal -0.989174 -0.146746 0
    outer loop
      vertex 22.6217 23.1589 9.8
      vertex 22.6865 22.7221 8.3
      vertex 22.6865 22.7221 9.8
    endloop
  endfacet
  facet normal -0.989174 -0.146746 0
    outer loop
      vertex 22.6865 22.7221 2.8
      vertex 22.6217 23.1589 5.8
      vertex 22.6217 23.1589 2.8
    endloop
  endfacet
  facet normal -0.989174 -0.146746 0
    outer loop
      vertex 22.6217 23.1589 5.8
      vertex 22.6865 22.7221 2.8
      vertex 22.6865 22.7221 5.8
    endloop
  endfacet
  facet normal -0.998792 -0.0491358 0
    outer loop
      vertex 22.6217 23.1589 2.8
      vertex 22.6 23.6 5.8
      vertex 22.6 23.6 2.8
    endloop
  endfacet
  facet normal -0.998792 -0.0491358 0
    outer loop
      vertex 22.6 23.6 5.8
      vertex 22.6217 23.1589 2.8
      vertex 22.6217 23.1589 5.8
    endloop
  endfacet
  facet normal -0.998792 -0.0491358 0
    outer loop
      vertex 22.6217 23.1589 8.3
      vertex 22.6 23.6 9.8
      vertex 22.6 23.6 8.3
    endloop
  endfacet
  facet normal -0.998792 -0.0491358 0
    outer loop
      vertex 22.6 23.6 9.8
      vertex 22.6217 23.1589 8.3
      vertex 22.6217 23.1589 9.8
    endloop
  endfacet
  facet normal -0.741497 -0.670956 0
    outer loop
      vertex 23.6215 20.7452 2.8
      vertex 23.6624 20.7 5.8
      vertex 23.6215 20.7452 5.8
    endloop
  endfacet
  facet normal -0.740938 -0.671574 -0
    outer loop
      vertex 23.918 20.418 9.8
      vertex 23.6624 20.7 5.8
      vertex 23.918 20.418 2.8
    endloop
  endfacet
  facet normal -0.741015 -0.671488 -1.45848e-05
    outer loop
      vertex 23.918 20.418 2.8
      vertex 23.6624 20.7 5.8
      vertex 23.6215 20.7452 2.8
    endloop
  endfacet
  facet normal -0.741497 -0.670956 0
    outer loop
      vertex 23.6624 20.7 8.3
      vertex 23.6215 20.7452 9.8
      vertex 23.6215 20.7452 8.3
    endloop
  endfacet
  facet normal -0.740938 -0.671574 0
    outer loop
      vertex 23.6624 20.7 5.8
      vertex 23.918 20.418 9.8
      vertex 23.6624 20.7 8.3
    endloop
  endfacet
  facet normal -0.741015 -0.671488 2.91695e-05
    outer loop
      vertex 23.6624 20.7 8.3
      vertex 23.918 20.418 9.8
      vertex 23.6215 20.7452 9.8
    endloop
  endfacet
  facet normal -0.740938 0.671574 0
    outer loop
      vertex 23.918 26.782 2.8
      vertex 23.6624 26.5 5.8
      vertex 23.918 26.782 9.8
    endloop
  endfacet
  facet normal -0.741015 0.671488 -1.45848e-05
    outer loop
      vertex 23.6215 26.4548 2.8
      vertex 23.6624 26.5 5.8
      vertex 23.918 26.782 2.8
    endloop
  endfacet
  facet normal -0.741497 0.670956 0
    outer loop
      vertex 23.6624 26.5 5.8
      vertex 23.6215 26.4548 2.8
      vertex 23.6215 26.4548 5.8
    endloop
  endfacet
  facet normal -0.740938 0.671574 0
    outer loop
      vertex 23.6624 26.5 8.3
      vertex 23.918 26.782 9.8
      vertex 23.6624 26.5 5.8
    endloop
  endfacet
  facet normal -0.741497 0.670956 0
    outer loop
      vertex 23.6215 26.4548 9.8
      vertex 23.6624 26.5 8.3
      vertex 23.6215 26.4548 8.3
    endloop
  endfacet
  facet normal -0.741015 0.671488 2.91695e-05
    outer loop
      vertex 23.6624 26.5 8.3
      vertex 23.6215 26.4548 9.8
      vertex 23.918 26.782 9.8
    endloop
  endfacet
  facet normal 0.903908 0.427726 0
    outer loop
      vertex 31.2575 25.3221 9.8
      vertex 31.0686 25.7213 2.8
      vertex 31.0686 25.7213 9.8
    endloop
  endfacet
  facet normal 0.903908 0.427726 0
    outer loop
      vertex 31.0686 25.7213 2.8
      vertex 31.2575 25.3221 9.8
      vertex 31.2575 25.3221 2.8
    endloop
  endfacet
  facet normal -0.0491358 0.998792 0
    outer loop
      vertex 27.1 28.1 2.8
      vertex 26.6589 28.0783 9.8
      vertex 27.1 28.1 9.8
    endloop
  endfacet
  facet normal -0.0491358 0.998792 0
    outer loop
      vertex 26.6589 28.0783 9.8
      vertex 27.1 28.1 2.8
      vertex 26.6589 28.0783 2.8
    endloop
  endfacet
  facet normal -0.514029 -0.857773 0
    outer loop
      vertex 24.5999 19.8584 2.8
      vertex 24.9787 19.6314 9.8
      vertex 24.5999 19.8584 9.8
    endloop
  endfacet
  facet normal -0.514029 -0.857773 -0
    outer loop
      vertex 24.9787 19.6314 9.8
      vertex 24.5999 19.8584 2.8
      vertex 24.9787 19.6314 2.8
    endloop
  endfacet
  facet normal 0.803168 -0.595753 0
    outer loop
      vertex 30.5785 20.7452 9.8
      vertex 30.8416 21.0999 2.8
      vertex 30.8416 21.0999 9.8
    endloop
  endfacet
  facet normal 0.803168 -0.595753 0
    outer loop
      vertex 30.8416 21.0999 2.8
      vertex 30.5785 20.7452 9.8
      vertex 30.5785 20.7452 2.8
    endloop
  endfacet
  facet normal 0.998792 0.0491358 0
    outer loop
      vertex 31.6 23.6 9.8
      vertex 31.5783 24.0411 2.8
      vertex 31.5783 24.0411 9.8
    endloop
  endfacet
  facet normal 0.998792 0.0491358 0
    outer loop
      vertex 31.5783 24.0411 2.8
      vertex 31.6 23.6 9.8
      vertex 31.6 23.6 2.8
    endloop
  endfacet
  facet normal 0.427726 0.903908 -0
    outer loop
      vertex 29.2213 27.5686 2.8
      vertex 28.8221 27.7575 9.8
      vertex 29.2213 27.5686 9.8
    endloop
  endfacet
  facet normal 0.427726 0.903908 0
    outer loop
      vertex 28.8221 27.7575 9.8
      vertex 29.2213 27.5686 2.8
      vertex 28.8221 27.7575 2.8
    endloop
  endfacet
  facet normal 0.336738 0.941598 -0
    outer loop
      vertex 28.8221 27.7575 2.8
      vertex 28.4063 27.9062 9.8
      vertex 28.8221 27.7575 9.8
    endloop
  endfacet
  facet normal 0.336738 0.941598 0
    outer loop
      vertex 28.4063 27.9062 9.8
      vertex 28.8221 27.7575 2.8
      vertex 28.4063 27.9062 2.8
    endloop
  endfacet
  facet normal -0.242962 0.970036 0
    outer loop
      vertex 26.2221 28.0135 2.8
      vertex 25.7937 27.9062 9.8
      vertex 26.2221 28.0135 9.8
    endloop
  endfacet
  facet normal -0.242962 0.970036 0
    outer loop
      vertex 25.7937 27.9062 9.8
      vertex 26.2221 28.0135 2.8
      vertex 25.7937 27.9062 2.8
    endloop
  endfacet
  facet normal -0.803168 -0.595753 0
    outer loop
      vertex 23.6215 20.7452 8.3
      vertex 23.3584 21.0999 9.8
      vertex 23.3584 21.0999 8.3
    endloop
  endfacet
  facet normal -0.803168 -0.595753 0
    outer loop
      vertex 23.3584 21.0999 9.8
      vertex 23.6215 20.7452 8.3
      vertex 23.6215 20.7452 9.8
    endloop
  endfacet
  facet normal -0.803168 -0.595753 0
    outer loop
      vertex 23.6215 20.7452 2.8
      vertex 23.3584 21.0999 5.8
      vertex 23.3584 21.0999 2.8
    endloop
  endfacet
  facet normal -0.803168 -0.595753 0
    outer loop
      vertex 23.3584 21.0999 5.8
      vertex 23.6215 20.7452 2.8
      vertex 23.6215 20.7452 5.8
    endloop
  endfacet
  facet normal -0.857773 0.514029 0
    outer loop
      vertex 23.1314 25.7213 8.3
      vertex 23.3584 26.1001 9.8
      vertex 23.3584 26.1001 8.3
    endloop
  endfacet
  facet normal -0.857773 0.514029 0
    outer loop
      vertex 23.3584 26.1001 9.8
      vertex 23.1314 25.7213 8.3
      vertex 23.1314 25.7213 9.8
    endloop
  endfacet
  facet normal -0.857773 0.514029 0
    outer loop
      vertex 23.1314 25.7213 2.8
      vertex 23.3584 26.1001 5.8
      vertex 23.3584 26.1001 2.8
    endloop
  endfacet
  facet normal -0.857773 0.514029 0
    outer loop
      vertex 23.3584 26.1001 5.8
      vertex 23.1314 25.7213 2.8
      vertex 23.1314 25.7213 5.8
    endloop
  endfacet
  facet normal -0.671488 0.741015 0
    outer loop
      vertex 24.2452 27.0785 2.8
      vertex 23.918 26.782 9.8
      vertex 24.2452 27.0785 9.8
    endloop
  endfacet
  facet normal -0.671488 0.741015 0
    outer loop
      vertex 23.918 26.782 9.8
      vertex 24.2452 27.0785 2.8
      vertex 23.918 26.782 2.8
    endloop
  endfacet
  facet normal 0.903908 -0.427726 0
    outer loop
      vertex 31.0686 21.4787 9.8
      vertex 31.2575 21.8779 2.8
      vertex 31.2575 21.8779 9.8
    endloop
  endfacet
  facet normal 0.903908 -0.427726 0
    outer loop
      vertex 31.2575 21.8779 2.8
      vertex 31.0686 21.4787 9.8
      vertex 31.0686 21.4787 2.8
    endloop
  endfacet
  facet normal 0.741015 0.671488 0
    outer loop
      vertex 30.5785 26.4548 9.8
      vertex 30.282 26.782 2.8
      vertex 30.282 26.782 9.8
    endloop
  endfacet
  facet normal 0.741015 0.671488 0
    outer loop
      vertex 30.282 26.782 2.8
      vertex 30.5785 26.4548 9.8
      vertex 30.5785 26.4548 2.8
    endloop
  endfacet
  facet normal 0.857773 -0.514029 0
    outer loop
      vertex 30.8416 21.0999 9.8
      vertex 31.0686 21.4787 2.8
      vertex 31.0686 21.4787 9.8
    endloop
  endfacet
  facet normal 0.857773 -0.514029 0
    outer loop
      vertex 31.0686 21.4787 2.8
      vertex 30.8416 21.0999 9.8
      vertex 30.8416 21.0999 2.8
    endloop
  endfacet
  facet normal 0.427726 -0.903908 0
    outer loop
      vertex 28.8221 19.4425 2.8
      vertex 29.2213 19.6314 9.8
      vertex 28.8221 19.4425 9.8
    endloop
  endfacet
  facet normal 0.427726 -0.903908 0
    outer loop
      vertex 29.2213 19.6314 9.8
      vertex 28.8221 19.4425 2.8
      vertex 29.2213 19.6314 2.8
    endloop
  endfacet
  facet normal 0.671488 0.741015 -0
    outer loop
      vertex 30.282 26.782 2.8
      vertex 29.9548 27.0785 9.8
      vertex 30.282 26.782 9.8
    endloop
  endfacet
  facet normal 0.671488 0.741015 0
    outer loop
      vertex 29.9548 27.0785 9.8
      vertex 30.282 26.782 2.8
      vertex 29.9548 27.0785 2.8
    endloop
  endfacet
  facet normal -0.0491358 -0.998792 0
    outer loop
      vertex 26.6589 19.1217 2.8
      vertex 27.1 19.1 9.8
      vertex 26.6589 19.1217 9.8
    endloop
  endfacet
  facet normal -0.0491358 -0.998792 -0
    outer loop
      vertex 27.1 19.1 9.8
      vertex 26.6589 19.1217 2.8
      vertex 27.1 19.1 2.8
    endloop
  endfacet
  facet normal 0.595753 -0.803168 0
    outer loop
      vertex 29.6001 19.8584 2.8
      vertex 29.9548 20.1215 9.8
      vertex 29.6001 19.8584 9.8
    endloop
  endfacet
  facet normal 0.595753 -0.803168 0
    outer loop
      vertex 29.9548 20.1215 9.8
      vertex 29.6001 19.8584 2.8
      vertex 29.9548 20.1215 2.8
    endloop
  endfacet
  facet normal -0.146746 -0.989174 0
    outer loop
      vertex 26.2221 19.1865 2.8
      vertex 26.6589 19.1217 9.8
      vertex 26.2221 19.1865 9.8
    endloop
  endfacet
  facet normal -0.146746 -0.989174 -0
    outer loop
      vertex 26.6589 19.1217 9.8
      vertex 26.2221 19.1865 2.8
      vertex 26.6589 19.1217 2.8
    endloop
  endfacet
  facet normal 0.146746 -0.989174 0
    outer loop
      vertex 27.5411 19.1217 2.8
      vertex 27.9779 19.1865 9.8
      vertex 27.5411 19.1217 9.8
    endloop
  endfacet
  facet normal 0.146746 -0.989174 0
    outer loop
      vertex 27.9779 19.1865 9.8
      vertex 27.5411 19.1217 2.8
      vertex 27.9779 19.1865 2.8
    endloop
  endfacet
  facet normal 0.514029 0.857773 -0
    outer loop
      vertex 29.6001 27.3416 2.8
      vertex 29.2213 27.5686 9.8
      vertex 29.6001 27.3416 9.8
    endloop
  endfacet
  facet normal 0.514029 0.857773 0
    outer loop
      vertex 29.2213 27.5686 9.8
      vertex 29.6001 27.3416 2.8
      vertex 29.2213 27.5686 2.8
    endloop
  endfacet
  facet normal 0.671488 -0.741015 0
    outer loop
      vertex 29.9548 20.1215 2.8
      vertex 30.282 20.418 9.8
      vertex 29.9548 20.1215 9.8
    endloop
  endfacet
  facet normal 0.671488 -0.741015 0
    outer loop
      vertex 30.282 20.418 9.8
      vertex 29.9548 20.1215 2.8
      vertex 30.282 20.418 2.8
    endloop
  endfacet
  facet normal 0.514029 -0.857773 0
    outer loop
      vertex 29.2213 19.6314 2.8
      vertex 29.6001 19.8584 9.8
      vertex 29.2213 19.6314 9.8
    endloop
  endfacet
  facet normal 0.514029 -0.857773 0
    outer loop
      vertex 29.6001 19.8584 9.8
      vertex 29.2213 19.6314 2.8
      vertex 29.6001 19.8584 2.8
    endloop
  endfacet
  facet normal 0.998792 -0.0491358 0
    outer loop
      vertex 31.5783 23.1589 9.8
      vertex 31.6 23.6 2.8
      vertex 31.6 23.6 9.8
    endloop
  endfacet
  facet normal 0.998792 -0.0491358 0
    outer loop
      vertex 31.6 23.6 2.8
      vertex 31.5783 23.1589 9.8
      vertex 31.5783 23.1589 2.8
    endloop
  endfacet
  facet normal 0 0 1
    outer loop
      vertex 29.5947 23.6 9.8
      vertex 31.6 23.6 9.8
      vertex 31.5783 24.0411 9.8
    endloop
  endfacet
  facet normal 0 0 1
    outer loop
      vertex 29.5827 23.8445 9.8
      vertex 31.5783 24.0411 9.8
      vertex 31.5135 24.4779 9.8
    endloop
  endfacet
  facet normal 0 0 1
    outer loop
      vertex 31.6 23.6 9.8
      vertex 29.5947 23.6 9.8
      vertex 31.5783 23.1589 9.8
    endloop
  endfacet
  facet normal 0 0 1
    outer loop
      vertex 29.5465 24.0878 9.8
      vertex 31.5135 24.4779 9.8
      vertex 31.4062 24.9063 9.8
    endloop
  endfacet
  facet normal -0 0 1
    outer loop
      vertex 29.5827 23.3566 9.8
      vertex 31.5783 23.1589 9.8
      vertex 29.5947 23.6 9.8
    endloop
  endfacet
  facet normal 0 0 1
    outer loop
      vertex 29.4872 24.3242 9.8
      vertex 31.4062 24.9063 9.8
      vertex 31.2575 25.3221 9.8
    endloop
  endfacet
  facet normal -0 0 1
    outer loop
      vertex 29.5827 23.3555 9.8
      vertex 31.5783 23.1589 9.8
      vertex 29.5827 23.3566 9.8
    endloop
  endfacet
  facet normal 0 0 1
    outer loop
      vertex 29.4048 24.5547 9.8
      vertex 31.2575 25.3221 9.8
      vertex 31.0686 25.7213 9.8
    endloop
  endfacet
  facet normal -0 0 1
    outer loop
      vertex 29.5825 23.3544 9.8
      vertex 31.5783 23.1589 9.8
      vertex 29.5827 23.3555 9.8
    endloop
  endfacet
  facet normal 0 0 1
    outer loop
      vertex 29.2995 24.7769 9.8
      vertex 31.0686 25.7213 9.8
      vertex 30.8416 26.1001 9.8
    endloop
  endfacet
  facet normal 0 0 1
    outer loop
      vertex 31.5783 23.1589 9.8
      vertex 29.5825 23.3544 9.8
      vertex 31.5135 22.7221 9.8
    endloop
  endfacet
  facet normal 0 0 1
    outer loop
      vertex 29.1736 24.9869 9.8
      vertex 30.8416 26.1001 9.8
      vertex 30.5785 26.4548 9.8
    endloop
  endfacet
  facet normal -0 0 1
    outer loop
      vertex 29.5467 23.1133 9.8
      vertex 31.5135 22.7221 9.8
      vertex 29.5825 23.3544 9.8
    endloop
  endfacet
  facet normal 0 0 1
    outer loop
      vertex 29.0277 25.1834 9.8
      vertex 30.5785 26.4548 9.8
      vertex 30.282 26.782 9.8
    endloop
  endfacet
  facet normal -0 0 1
    outer loop
      vertex 29.5465 23.1122 9.8
      vertex 31.5135 22.7221 9.8
      vertex 29.5467 23.1133 9.8
    endloop
  endfacet
  facet normal 0 0 1
    outer loop
      vertex 28.864 25.364 9.8
      vertex 30.282 26.782 9.8
      vertex 29.9548 27.0785 9.8
    endloop
  endfacet
  facet normal 0 0 1
    outer loop
      vertex 31.5135 22.7221 9.8
      vertex 29.5465 23.1122 9.8
      vertex 31.4062 22.2937 9.8
    endloop
  endfacet
  facet normal 0 0 1
    outer loop
      vertex 28.6817 25.5291 9.8
      vertex 29.9548 27.0785 9.8
      vertex 29.6001 27.3416 9.8
    endloop
  endfacet
  facet normal -0 0 1
    outer loop
      vertex 29.4872 22.8758 9.8
      vertex 31.4062 22.2937 9.8
      vertex 29.5465 23.1122 9.8
    endloop
  endfacet
  facet normal 0 0 1
    outer loop
      vertex 31.4062 22.2937 9.8
      vertex 29.4872 22.8758 9.8
      vertex 31.2575 21.8779 9.8
    endloop
  endfacet
  facet normal 0 0 1
    outer loop
      vertex 31.5783 24.0411 9.8
      vertex 29.5827 23.8434 9.8
      vertex 29.5947 23.6 9.8
    endloop
  endfacet
  facet normal 0 0 1
    outer loop
      vertex 31.5783 24.0411 9.8
      vertex 29.5827 23.8445 9.8
      vertex 29.5827 23.8434 9.8
    endloop
  endfacet
  facet normal 0 0 1
    outer loop
      vertex 31.5135 24.4779 9.8
      vertex 29.5469 24.0856 9.8
      vertex 29.5827 23.8445 9.8
    endloop
  endfacet
  facet normal 0 0 1
    outer loop
      vertex 31.5135 24.4779 9.8
      vertex 29.5467 24.0867 9.8
      vertex 29.5469 24.0856 9.8
    endloop
  endfacet
  facet normal 0 0 1
    outer loop
      vertex 31.5135 24.4779 9.8
      vertex 29.5465 24.0878 9.8
      vertex 29.5467 24.0867 9.8
    endloop
  endfacet
  facet normal 0 0 1
    outer loop
      vertex 31.4062 24.9063 9.8
      vertex 29.4872 24.3242 9.8
      vertex 29.5465 24.0878 9.8
    endloop
  endfacet
  facet normal 0 0 1
    outer loop
      vertex 31.2575 25.3221 9.8
      vertex 29.4051 24.5536 9.8
      vertex 29.4872 24.3242 9.8
    endloop
  endfacet
  facet normal 0 0 1
    outer loop
      vertex 31.2575 25.3221 9.8
      vertex 29.4048 24.5547 9.8
      vertex 29.4051 24.5536 9.8
    endloop
  endfacet
  facet normal 0 0 1
    outer loop
      vertex 31.0686 25.7213 9.8
      vertex 29.3006 24.775 9.8
      vertex 29.4048 24.5547 9.8
    endloop
  endfacet
  facet normal 0 0 1
    outer loop
      vertex 31.0686 25.7213 9.8
      vertex 29.3001 24.776 9.8
      vertex 29.3006 24.775 9.8
    endloop
  endfacet
  facet normal 0 0 1
    outer loop
      vertex 31.0686 25.7213 9.8
      vertex 29.2995 24.7769 9.8
      vertex 29.3001 24.776 9.8
    endloop
  endfacet
  facet normal 0 0 1
    outer loop
      vertex 28.486 25.6742 9.8
      vertex 29.6001 27.3416 9.8
      vertex 29.2213 27.5686 9.8
    endloop
  endfacet
  facet normal 0 0 1
    outer loop
      vertex 30.8416 26.1001 9.8
      vertex 29.1742 24.986 9.8
      vertex 29.2995 24.7769 9.8
    endloop
  endfacet
  facet normal 0 0 1
    outer loop
      vertex 30.8416 26.1001 9.8
      vertex 29.1736 24.9869 9.8
      vertex 29.1742 24.986 9.8
    endloop
  endfacet
  facet normal 0 0 1
    outer loop
      vertex 30.5785 26.4548 9.8
      vertex 29.0284 25.1826 9.8
      vertex 29.1736 24.9869 9.8
    endloop
  endfacet
  facet normal 0 0 1
    outer loop
      vertex 30.5785 26.4548 9.8
      vertex 29.0277 25.1834 9.8
      vertex 29.0284 25.1826 9.8
    endloop
  endfacet
  facet normal 0 0 1
    outer loop
      vertex 30.282 26.782 9.8
      vertex 28.864 25.364 9.8
      vertex 29.0277 25.1834 9.8
    endloop
  endfacet
  facet normal 0 0 1
    outer loop
      vertex 28.276 25.8001 9.8
      vertex 29.2213 27.5686 9.8
      vertex 28.8221 27.7575 9.8
    endloop
  endfacet
  facet normal 0 0 1
    outer loop
      vertex 29.9548 27.0785 9.8
      vertex 28.6834 25.5277 9.8
      vertex 28.864 25.364 9.8
    endloop
  endfacet
  facet normal 0 0 1
    outer loop
      vertex 29.9548 27.0785 9.8
      vertex 28.6826 25.5284 9.8
      vertex 28.6834 25.5277 9.8
    endloop
  endfacet
  facet normal 0 0 1
    outer loop
      vertex 29.9548 27.0785 9.8
      vertex 28.6817 25.5291 9.8
      vertex 28.6826 25.5284 9.8
    endloop
  endfacet
  facet normal 0 0 1
    outer loop
      vertex 29.6001 27.3416 9.8
      vertex 28.486 25.6742 9.8
      vertex 28.6817 25.5291 9.8
    endloop
  endfacet
  facet normal 0 0 1
    outer loop
      vertex 28.0547 25.9048 9.8
      vertex 28.8221 27.7575 9.8
      vertex 28.4063 27.9062 9.8
    endloop
  endfacet
  facet normal 0 0 1
    outer loop
      vertex 29.2213 27.5686 9.8
      vertex 28.2769 25.7995 9.8
      vertex 28.486 25.6742 9.8
    endloop
  endfacet
  facet normal 0 0 1
    outer loop
      vertex 29.2213 27.5686 9.8
      vertex 28.276 25.8001 9.8
      vertex 28.2769 25.7995 9.8
    endloop
  endfacet
  facet normal 0 0 1
    outer loop
      vertex 28.8221 27.7575 9.8
      vertex 28.0557 25.9043 9.8
      vertex 28.276 25.8001 9.8
    endloop
  endfacet
  facet normal 0 0 1
    outer loop
      vertex 28.8221 27.7575 9.8
      vertex 28.0547 25.9048 9.8
      vertex 28.0557 25.9043 9.8
    endloop
  endfacet
  facet normal 0 0 1
    outer loop
      vertex 27.8231 25.9875 9.8
      vertex 28.4063 27.9062 9.8
      vertex 27.9779 28.0135 9.8
    endloop
  endfacet
  facet normal 0 0 1
    outer loop
      vertex 28.4063 27.9062 9.8
      vertex 27.8252 25.9869 9.8
      vertex 28.0547 25.9048 9.8
    endloop
  endfacet
  facet normal 0 0 1
    outer loop
      vertex 28.4063 27.9062 9.8
      vertex 27.8242 25.9872 9.8
      vertex 27.8252 25.9869 9.8
    endloop
  endfacet
  facet normal 0 0 1
    outer loop
      vertex 28.4063 27.9062 9.8
      vertex 27.8231 25.9875 9.8
      vertex 27.8242 25.9872 9.8
    endloop
  endfacet
  facet normal 0 0 1
    outer loop
      vertex 27.9779 28.0135 9.8
      vertex 27.5867 26.0467 9.8
      vertex 27.8231 25.9875 9.8
    endloop
  endfacet
  facet normal 0 0 1
    outer loop
      vertex 27.5411 28.0783 9.8
      vertex 27.5867 26.0467 9.8
      vertex 27.9779 28.0135 9.8
    endloop
  endfacet
  facet normal 0 0 1
    outer loop
      vertex 27.5411 28.0783 9.8
      vertex 27.3456 26.0825 9.8
      vertex 27.5867 26.0467 9.8
    endloop
  endfacet
  facet normal 0 0 1
    outer loop
      vertex 27.5411 28.0783 9.8
      vertex 27.3445 26.0827 9.8
      vertex 27.3456 26.0825 9.8
    endloop
  endfacet
  facet normal 0 0 1
    outer loop
      vertex 27.5411 28.0783 9.8
      vertex 27.1011 26.0946 9.8
      vertex 27.3445 26.0827 9.8
    endloop
  endfacet
  facet normal 0 0 1
    outer loop
      vertex 27.1 28.1 9.8
      vertex 27.1011 26.0946 9.8
      vertex 27.5411 28.0783 9.8
    endloop
  endfacet
  facet normal 0 0 1
    outer loop
      vertex 27.1 28.1 9.8
      vertex 27.1 26.0947 9.8
      vertex 27.1011 26.0946 9.8
    endloop
  endfacet
  facet normal 0 0 1
    outer loop
      vertex 27.1 28.1 9.8
      vertex 27.0989 26.0946 9.8
      vertex 27.1 26.0947 9.8
    endloop
  endfacet
  facet normal 0 0 1
    outer loop
      vertex 27.1 28.1 9.8
      vertex 26.8555 26.0827 9.8
      vertex 27.0989 26.0946 9.8
    endloop
  endfacet
  facet normal -0 0 1
    outer loop
      vertex 26.6589 28.0783 9.8
      vertex 26.8555 26.0827 9.8
      vertex 27.1 28.1 9.8
    endloop
  endfacet
  facet normal 0 0 1
    outer loop
      vertex 26.6589 28.0783 9.8
      vertex 26.6144 26.0469 9.8
      vertex 26.8555 26.0827 9.8
    endloop
  endfacet
  facet normal -0 0 1
    outer loop
      vertex 26.2221 28.0135 9.8
      vertex 26.6144 26.0469 9.8
      vertex 26.6589 28.0783 9.8
    endloop
  endfacet
  facet normal 0 0 1
    outer loop
      vertex 26.6144 26.0469 9.8
      vertex 26.2221 28.0135 9.8
      vertex 26.6133 26.0467 9.8
    endloop
  endfacet
  facet normal 0 0 1
    outer loop
      vertex 26.6133 26.0467 9.8
      vertex 26.2221 28.0135 9.8
      vertex 26.3769 25.9875 9.8
    endloop
  endfacet
  facet normal -0 0 1
    outer loop
      vertex 25.7937 27.9062 9.8
      vertex 26.3769 25.9875 9.8
      vertex 26.2221 28.0135 9.8
    endloop
  endfacet
  facet normal 0 0 1
    outer loop
      vertex 26.3769 25.9875 9.8
      vertex 25.7937 27.9062 9.8
      vertex 26.3758 25.9872 9.8
    endloop
  endfacet
  facet normal 0 0 1
    outer loop
      vertex 26.3758 25.9872 9.8
      vertex 25.7937 27.9062 9.8
      vertex 26.3748 25.9869 9.8
    endloop
  endfacet
  facet normal 0 0 1
    outer loop
      vertex 26.3748 25.9869 9.8
      vertex 25.7937 27.9062 9.8
      vertex 26.1453 25.9048 9.8
    endloop
  endfacet
  facet normal -0 0 1
    outer loop
      vertex 25.3779 27.7575 9.8
      vertex 26.1453 25.9048 9.8
      vertex 25.7937 27.9062 9.8
    endloop
  endfacet
  facet normal 0 0 1
    outer loop
      vertex 26.1453 25.9048 9.8
      vertex 25.3779 27.7575 9.8
      vertex 25.925 25.8006 9.8
    endloop
  endfacet
  facet normal -0 0 1
    outer loop
      vertex 24.9787 27.5686 9.8
      vertex 25.925 25.8006 9.8
      vertex 25.3779 27.7575 9.8
    endloop
  endfacet
  facet normal 0 0 1
    outer loop
      vertex 25.925 25.8006 9.8
      vertex 24.9787 27.5686 9.8
      vertex 25.924 25.8001 9.8
    endloop
  endfacet
  facet normal 0 0 1
    outer loop
      vertex 25.924 25.8001 9.8
      vertex 24.9787 27.5686 9.8
      vertex 25.9231 25.7995 9.8
    endloop
  endfacet
  facet normal 0 0 1
    outer loop
      vertex 25.9231 25.7995 9.8
      vertex 24.9787 27.5686 9.8
      vertex 25.714 25.6742 9.8
    endloop
  endfacet
  facet normal -0 0 1
    outer loop
      vertex 24.5999 27.3416 9.8
      vertex 25.714 25.6742 9.8
      vertex 24.9787 27.5686 9.8
    endloop
  endfacet
  facet normal 0 0 1
    outer loop
      vertex 25.714 25.6742 9.8
      vertex 24.5999 27.3416 9.8
      vertex 25.5183 25.5291 9.8
    endloop
  endfacet
  facet normal -0 0 1
    outer loop
      vertex 24.2452 27.0785 9.8
      vertex 25.5183 25.5291 9.8
      vertex 24.5999 27.3416 9.8
    endloop
  endfacet
  facet normal 0 0 1
    outer loop
      vertex 25.5183 25.5291 9.8
      vertex 24.2452 27.0785 9.8
      vertex 25.5174 25.5284 9.8
    endloop
  endfacet
  facet normal 0 0 1
    outer loop
      vertex 25.5174 25.5284 9.8
      vertex 24.2452 27.0785 9.8
      vertex 25.5166 25.5277 9.8
    endloop
  endfacet
  facet normal 0 0 1
    outer loop
      vertex 25.5166 25.5277 9.8
      vertex 24.2452 27.0785 9.8
      vertex 25.336 25.364 9.8
    endloop
  endfacet
  facet normal -0 0 1
    outer loop
      vertex 23.918 26.782 9.8
      vertex 25.336 25.364 9.8
      vertex 24.2452 27.0785 9.8
    endloop
  endfacet
  facet normal 0 0 1
    outer loop
      vertex 25.336 25.364 9.8
      vertex 23.918 26.782 9.8
      vertex 25.1723 25.1834 9.8
    endloop
  endfacet
  facet normal -0 0 1
    outer loop
      vertex 23.6215 26.4548 9.8
      vertex 25.1723 25.1834 9.8
      vertex 23.918 26.782 9.8
    endloop
  endfacet
  facet normal 0 0 1
    outer loop
      vertex 25.1723 25.1834 9.8
      vertex 23.6215 26.4548 9.8
      vertex 25.1716 25.1826 9.8
    endloop
  endfacet
  facet normal 0 0 1
    outer loop
      vertex 25.1716 25.1826 9.8
      vertex 23.6215 26.4548 9.8
      vertex 25.1709 25.1817 9.8
    endloop
  endfacet
  facet normal 0 0 1
    outer loop
      vertex 25.1709 25.1817 9.8
      vertex 23.6215 26.4548 9.8
      vertex 25.0258 24.986 9.8
    endloop
  endfacet
  facet normal -0 0 1
    outer loop
      vertex 23.3584 26.1001 9.8
      vertex 25.0258 24.986 9.8
      vertex 23.6215 26.4548 9.8
    endloop
  endfacet
  facet normal 0 0 1
    outer loop
      vertex 25.0258 24.986 9.8
      vertex 23.3584 26.1001 9.8
      vertex 24.9005 24.7769 9.8
    endloop
  endfacet
  facet normal -0 0 1
    outer loop
      vertex 23.1314 25.7213 9.8
      vertex 24.9005 24.7769 9.8
      vertex 23.3584 26.1001 9.8
    endloop
  endfacet
  facet normal 0 0 1
    outer loop
      vertex 24.9005 24.7769 9.8
      vertex 23.1314 25.7213 9.8
      vertex 24.8999 24.776 9.8
    endloop
  endfacet
  facet normal 0 0 1
    outer loop
      vertex 24.8999 24.776 9.8
      vertex 23.1314 25.7213 9.8
      vertex 24.8994 24.775 9.8
    endloop
  endfacet
  facet normal 0 0 1
    outer loop
      vertex 24.8994 24.775 9.8
      vertex 23.1314 25.7213 9.8
      vertex 24.7952 24.5547 9.8
    endloop
  endfacet
  facet normal 0 0 1
    outer loop
      vertex 22.6217 24.0411 9.8
      vertex 24.6054 23.6011 9.8
      vertex 24.6173 23.8445 9.8
    endloop
  endfacet
  facet normal 0 0 1
    outer loop
      vertex 24.7952 24.5547 9.8
      vertex 22.9425 25.3221 9.8
      vertex 24.7131 24.3252 9.8
    endloop
  endfacet
  facet normal -0 0 1
    outer loop
      vertex 22.9425 25.3221 9.8
      vertex 24.7952 24.5547 9.8
      vertex 23.1314 25.7213 9.8
    endloop
  endfacet
  facet normal -0 0 1
    outer loop
      vertex 29.4051 22.6464 9.8
      vertex 31.2575 21.8779 9.8
      vertex 29.4872 22.8758 9.8
    endloop
  endfacet
  facet normal -0 0 1
    outer loop
      vertex 29.4048 22.6453 9.8
      vertex 31.2575 21.8779 9.8
      vertex 29.4051 22.6464 9.8
    endloop
  endfacet
  facet normal -0 0 1
    outer loop
      vertex 29.4043 22.6443 9.8
      vertex 31.2575 21.8779 9.8
      vertex 29.4048 22.6453 9.8
    endloop
  endfacet
  facet normal 0 0 1
    outer loop
      vertex 31.2575 21.8779 9.8
      vertex 29.4043 22.6443 9.8
      vertex 31.0686 21.4787 9.8
    endloop
  endfacet
  facet normal -0 0 1
    outer loop
      vertex 29.3001 22.424 9.8
      vertex 31.0686 21.4787 9.8
      vertex 29.4043 22.6443 9.8
    endloop
  endfacet
  facet normal -0 0 1
    outer loop
      vertex 29.2995 22.4231 9.8
      vertex 31.0686 21.4787 9.8
      vertex 29.3001 22.424 9.8
    endloop
  endfacet
  facet normal 0 0 1
    outer loop
      vertex 31.0686 21.4787 9.8
      vertex 29.2995 22.4231 9.8
      vertex 30.8416 21.0999 9.8
    endloop
  endfacet
  facet normal -0 0 1
    outer loop
      vertex 29.1742 22.214 9.8
      vertex 30.8416 21.0999 9.8
      vertex 29.2995 22.4231 9.8
    endloop
  endfacet
  facet normal -0 0 1
    outer loop
      vertex 29.1736 22.2131 9.8
      vertex 30.8416 21.0999 9.8
      vertex 29.1742 22.214 9.8
    endloop
  endfacet
  facet normal 0 0 1
    outer loop
      vertex 30.8416 21.0999 9.8
      vertex 29.1736 22.2131 9.8
      vertex 30.5785 20.7452 9.8
    endloop
  endfacet
  facet normal -0 0 1
    outer loop
      vertex 29.0284 22.0174 9.8
      vertex 30.5785 20.7452 9.8
      vertex 29.1736 22.2131 9.8
    endloop
  endfacet
  facet normal -0 0 1
    outer loop
      vertex 29.0277 22.0166 9.8
      vertex 30.5785 20.7452 9.8
      vertex 29.0284 22.0174 9.8
    endloop
  endfacet
  facet normal 0 0 1
    outer loop
      vertex 30.5785 20.7452 9.8
      vertex 29.0277 22.0166 9.8
      vertex 30.282 20.418 9.8
    endloop
  endfacet
  facet normal -0 0 1
    outer loop
      vertex 28.864 21.836 9.8
      vertex 30.282 20.418 9.8
      vertex 29.0277 22.0166 9.8
    endloop
  endfacet
  facet normal 0 0 1
    outer loop
      vertex 30.282 20.418 9.8
      vertex 28.864 21.836 9.8
      vertex 29.9548 20.1215 9.8
    endloop
  endfacet
  facet normal -0 0 1
    outer loop
      vertex 28.6834 21.6723 9.8
      vertex 29.9548 20.1215 9.8
      vertex 28.864 21.836 9.8
    endloop
  endfacet
  facet normal -0 0 1
    outer loop
      vertex 28.6826 21.6716 9.8
      vertex 29.9548 20.1215 9.8
      vertex 28.6834 21.6723 9.8
    endloop
  endfacet
  facet normal 0 0 1
    outer loop
      vertex 29.9548 20.1215 9.8
      vertex 28.6826 21.6716 9.8
      vertex 29.6001 19.8584 9.8
    endloop
  endfacet
  facet normal -0 0 1
    outer loop
      vertex 28.4869 21.5264 9.8
      vertex 29.6001 19.8584 9.8
      vertex 28.6826 21.6716 9.8
    endloop
  endfacet
  facet normal -0 0 1
    outer loop
      vertex 28.486 21.5258 9.8
      vertex 29.6001 19.8584 9.8
      vertex 28.4869 21.5264 9.8
    endloop
  endfacet
  facet normal 0 0 1
    outer loop
      vertex 29.6001 19.8584 9.8
      vertex 28.486 21.5258 9.8
      vertex 29.2213 19.6314 9.8
    endloop
  endfacet
  facet normal -0 0 1
    outer loop
      vertex 28.2769 21.4005 9.8
      vertex 29.2213 19.6314 9.8
      vertex 28.486 21.5258 9.8
    endloop
  endfacet
  facet normal -0 0 1
    outer loop
      vertex 28.276 21.3999 9.8
      vertex 29.2213 19.6314 9.8
      vertex 28.2769 21.4005 9.8
    endloop
  endfacet
  facet normal 0 0 1
    outer loop
      vertex 29.2213 19.6314 9.8
      vertex 28.276 21.3999 9.8
      vertex 28.8221 19.4425 9.8
    endloop
  endfacet
  facet normal -0 0 1
    outer loop
      vertex 28.0557 21.2957 9.8
      vertex 28.8221 19.4425 9.8
      vertex 28.276 21.3999 9.8
    endloop
  endfacet
  facet normal -0 0 1
    outer loop
      vertex 28.0547 21.2952 9.8
      vertex 28.8221 19.4425 9.8
      vertex 28.0557 21.2957 9.8
    endloop
  endfacet
  facet normal -0 0 1
    outer loop
      vertex 28.0536 21.2949 9.8
      vertex 28.8221 19.4425 9.8
      vertex 28.0547 21.2952 9.8
    endloop
  endfacet
  facet normal 0 0 1
    outer loop
      vertex 28.8221 19.4425 9.8
      vertex 28.0536 21.2949 9.8
      vertex 28.4063 19.2938 9.8
    endloop
  endfacet
  facet normal -0 0 1
    outer loop
      vertex 27.8242 21.2128 9.8
      vertex 28.4063 19.2938 9.8
      vertex 28.0536 21.2949 9.8
    endloop
  endfacet
  facet normal 0 0 1
    outer loop
      vertex 28.4063 19.2938 9.8
      vertex 27.8242 21.2128 9.8
      vertex 27.9779 19.1865 9.8
    endloop
  endfacet
  facet normal -0 0 1
    outer loop
      vertex 27.5878 21.1535 9.8
      vertex 27.9779 19.1865 9.8
      vertex 27.8242 21.2128 9.8
    endloop
  endfacet
  facet normal -0 0 1
    outer loop
      vertex 27.5867 21.1533 9.8
      vertex 27.9779 19.1865 9.8
      vertex 27.5878 21.1535 9.8
    endloop
  endfacet
  facet normal 0 0 1
    outer loop
      vertex 27.5867 21.1533 9.8
      vertex 27.5411 19.1217 9.8
      vertex 27.9779 19.1865 9.8
    endloop
  endfacet
  facet normal -0 0 1
    outer loop
      vertex 27.3456 21.1175 9.8
      vertex 27.5411 19.1217 9.8
      vertex 27.5867 21.1533 9.8
    endloop
  endfacet
  facet normal -0 0 1
    outer loop
      vertex 27.3445 21.1173 9.8
      vertex 27.5411 19.1217 9.8
      vertex 27.3456 21.1175 9.8
    endloop
  endfacet
  facet normal -0 0 1
    outer loop
      vertex 27.3434 21.1173 9.8
      vertex 27.5411 19.1217 9.8
      vertex 27.3445 21.1173 9.8
    endloop
  endfacet
  facet normal -0 0 1
    outer loop
      vertex 27.1 21.1053 9.8
      vertex 27.5411 19.1217 9.8
      vertex 27.3434 21.1173 9.8
    endloop
  endfacet
  facet normal 0 0 1
    outer loop
      vertex 27.1 21.1053 9.8
      vertex 27.1 19.1 9.8
      vertex 27.5411 19.1217 9.8
    endloop
  endfacet
  facet normal 0 0 1
    outer loop
      vertex 26.8566 21.1173 9.8
      vertex 27.1 19.1 9.8
      vertex 27.1 21.1053 9.8
    endloop
  endfacet
  facet normal 0 0 1
    outer loop
      vertex 26.6589 19.1217 9.8
      vertex 26.8566 21.1173 9.8
      vertex 26.8555 21.1173 9.8
    endloop
  endfacet
  facet normal 0 0 1
    outer loop
      vertex 26.8566 21.1173 9.8
      vertex 26.6589 19.1217 9.8
      vertex 27.1 19.1 9.8
    endloop
  endfacet
  facet normal 0 0 1
    outer loop
      vertex 26.6144 21.1531 9.8
      vertex 26.6589 19.1217 9.8
      vertex 26.8555 21.1173 9.8
    endloop
  endfacet
  facet normal 0 0 1
    outer loop
      vertex 26.2221 19.1865 9.8
      vertex 26.6144 21.1531 9.8
      vertex 26.6133 21.1533 9.8
    endloop
  endfacet
  facet normal 0 0 1
    outer loop
      vertex 26.2221 19.1865 9.8
      vertex 26.6133 21.1533 9.8
      vertex 26.6122 21.1535 9.8
    endloop
  endfacet
  facet normal 0 0 1
    outer loop
      vertex 26.2221 19.1865 9.8
      vertex 26.6122 21.1535 9.8
      vertex 26.3758 21.2128 9.8
    endloop
  endfacet
  facet normal 0 0 1
    outer loop
      vertex 26.6144 21.1531 9.8
      vertex 26.2221 19.1865 9.8
      vertex 26.6589 19.1217 9.8
    endloop
  endfacet
  facet normal 0 0 1
    outer loop
      vertex 25.7937 19.2938 9.8
      vertex 26.3758 21.2128 9.8
      vertex 26.1464 21.2949 9.8
    endloop
  endfacet
  facet normal 0 0 1
    outer loop
      vertex 25.3779 19.4425 9.8
      vertex 26.1464 21.2949 9.8
      vertex 26.1453 21.2952 9.8
    endloop
  endfacet
  facet normal 0 0 1
    outer loop
      vertex 25.3779 19.4425 9.8
      vertex 26.1453 21.2952 9.8
      vertex 25.925 21.3994 9.8
    endloop
  endfacet
  facet normal 0 0 1
    outer loop
      vertex 24.9787 19.6314 9.8
      vertex 25.925 21.3994 9.8
      vertex 25.924 21.3999 9.8
    endloop
  endfacet
  facet normal 0 0 1
    outer loop
      vertex 24.9787 19.6314 9.8
      vertex 25.924 21.3999 9.8
      vertex 25.9231 21.4005 9.8
    endloop
  endfacet
  facet normal 0 0 1
    outer loop
      vertex 26.3758 21.2128 9.8
      vertex 25.7937 19.2938 9.8
      vertex 26.2221 19.1865 9.8
    endloop
  endfacet
  facet normal 0 0 1
    outer loop
      vertex 24.9787 19.6314 9.8
      vertex 25.9231 21.4005 9.8
      vertex 25.714 21.5258 9.8
    endloop
  endfacet
  facet normal 0 0 1
    outer loop
      vertex 24.5999 19.8584 9.8
      vertex 25.714 21.5258 9.8
      vertex 25.7131 21.5264 9.8
    endloop
  endfacet
  facet normal 0 0 1
    outer loop
      vertex 24.5999 19.8584 9.8
      vertex 25.7131 21.5264 9.8
      vertex 25.5174 21.6716 9.8
    endloop
  endfacet
  facet normal 0 0 1
    outer loop
      vertex 24.2452 20.1215 9.8
      vertex 25.5174 21.6716 9.8
      vertex 25.5166 21.6723 9.8
    endloop
  endfacet
  facet normal 0 0 1
    outer loop
      vertex 26.1464 21.2949 9.8
      vertex 25.3779 19.4425 9.8
      vertex 25.7937 19.2938 9.8
    endloop
  endfacet
  facet normal 0 0 1
    outer loop
      vertex 24.2452 20.1215 9.8
      vertex 25.5166 21.6723 9.8
      vertex 25.336 21.836 9.8
    endloop
  endfacet
  facet normal 0 0 1
    outer loop
      vertex 23.918 20.418 9.8
      vertex 25.336 21.836 9.8
      vertex 25.1723 22.0166 9.8
    endloop
  endfacet
  facet normal 0 0 1
    outer loop
      vertex 23.6215 20.7452 9.8
      vertex 25.1723 22.0166 9.8
      vertex 25.1716 22.0174 9.8
    endloop
  endfacet
  facet normal 0 0 1
    outer loop
      vertex 23.6215 20.7452 9.8
      vertex 25.1716 22.0174 9.8
      vertex 25.1709 22.0183 9.8
    endloop
  endfacet
  facet normal 0 0 1
    outer loop
      vertex 23.6215 20.7452 9.8
      vertex 25.1709 22.0183 9.8
      vertex 25.0258 22.214 9.8
    endloop
  endfacet
  facet normal 0 0 1
    outer loop
      vertex 25.925 21.3994 9.8
      vertex 24.9787 19.6314 9.8
      vertex 25.3779 19.4425 9.8
    endloop
  endfacet
  facet normal 0 0 1
    outer loop
      vertex 23.3584 21.0999 9.8
      vertex 25.0258 22.214 9.8
      vertex 24.9005 22.4231 9.8
    endloop
  endfacet
  facet normal 0 0 1
    outer loop
      vertex 23.1314 21.4787 9.8
      vertex 24.9005 22.4231 9.8
      vertex 24.8999 22.424 9.8
    endloop
  endfacet
  facet normal 0 0 1
    outer loop
      vertex 23.1314 21.4787 9.8
      vertex 24.8999 22.424 9.8
      vertex 24.7957 22.6443 9.8
    endloop
  endfacet
  facet normal 0 0 1
    outer loop
      vertex 22.9425 21.8779 9.8
      vertex 24.7957 22.6443 9.8
      vertex 24.7952 22.6453 9.8
    endloop
  endfacet
  facet normal 0 0 1
    outer loop
      vertex 22.9425 21.8779 9.8
      vertex 24.7952 22.6453 9.8
      vertex 24.7131 22.8748 9.8
    endloop
  endfacet
  facet normal 0 0 1
    outer loop
      vertex 22.7938 22.2937 9.8
      vertex 24.7131 22.8748 9.8
      vertex 24.7128 22.8758 9.8
    endloop
  endfacet
  facet normal 0 0 1
    outer loop
      vertex 22.7938 22.2937 9.8
      vertex 24.7128 22.8758 9.8
      vertex 24.7125 22.8769 9.8
    endloop
  endfacet
  facet normal 0 0 1
    outer loop
      vertex 22.7938 22.2937 9.8
      vertex 24.7125 22.8769 9.8
      vertex 24.6533 23.1133 9.8
    endloop
  endfacet
  facet normal 0 0 1
    outer loop
      vertex 22.6865 22.7221 9.8
      vertex 24.6533 23.1133 9.8
      vertex 24.6175 23.3544 9.8
    endloop
  endfacet
  facet normal 0 0 1
    outer loop
      vertex 22.6217 23.1589 9.8
      vertex 24.6175 23.3544 9.8
      vertex 24.6173 23.3555 9.8
    endloop
  endfacet
  facet normal -0 0 1
    outer loop
      vertex 22.6 23.6 9.8
      vertex 24.6054 23.5989 9.8
      vertex 24.6053 23.6 9.8
    endloop
  endfacet
  facet normal 0 0 1
    outer loop
      vertex 25.714 21.5258 9.8
      vertex 24.5999 19.8584 9.8
      vertex 24.9787 19.6314 9.8
    endloop
  endfacet
  facet normal 0 0 1
    outer loop
      vertex 24.6054 23.5989 9.8
      vertex 22.6217 23.1589 9.8
      vertex 24.6173 23.3555 9.8
    endloop
  endfacet
  facet normal -0 0 1
    outer loop
      vertex 22.7938 24.9063 9.8
      vertex 24.7131 24.3252 9.8
      vertex 22.9425 25.3221 9.8
    endloop
  endfacet
  facet normal 0 0 1
    outer loop
      vertex 24.7131 24.3252 9.8
      vertex 22.7938 24.9063 9.8
      vertex 24.7128 24.3242 9.8
    endloop
  endfacet
  facet normal 0 0 1
    outer loop
      vertex 25.5174 21.6716 9.8
      vertex 24.2452 20.1215 9.8
      vertex 24.5999 19.8584 9.8
    endloop
  endfacet
  facet normal 0 0 1
    outer loop
      vertex 24.7128 24.3242 9.8
      vertex 22.7938 24.9063 9.8
      vertex 24.7125 24.3231 9.8
    endloop
  endfacet
  facet normal 0 0 1
    outer loop
      vertex 25.336 21.836 9.8
      vertex 23.918 20.418 9.8
      vertex 24.2452 20.1215 9.8
    endloop
  endfacet
  facet normal 0 0 1
    outer loop
      vertex 24.7125 24.3231 9.8
      vertex 22.7938 24.9063 9.8
      vertex 24.6533 24.0867 9.8
    endloop
  endfacet
  facet normal 0 0 1
    outer loop
      vertex 25.1723 22.0166 9.8
      vertex 23.6215 20.7452 9.8
      vertex 23.918 20.418 9.8
    endloop
  endfacet
  facet normal -0 0 1
    outer loop
      vertex 22.6865 24.4779 9.8
      vertex 24.6533 24.0867 9.8
      vertex 22.7938 24.9063 9.8
    endloop
  endfacet
  facet normal 0 0 1
    outer loop
      vertex 25.0258 22.214 9.8
      vertex 23.3584 21.0999 9.8
      vertex 23.6215 20.7452 9.8
    endloop
  endfacet
  facet normal 0 0 1
    outer loop
      vertex 24.6533 24.0867 9.8
      vertex 22.6865 24.4779 9.8
      vertex 24.6531 24.0856 9.8
    endloop
  endfacet
  facet normal 0 0 1
    outer loop
      vertex 24.9005 22.4231 9.8
      vertex 23.1314 21.4787 9.8
      vertex 23.3584 21.0999 9.8
    endloop
  endfacet
  facet normal 0 0 1
    outer loop
      vertex 24.6531 24.0856 9.8
      vertex 22.6865 24.4779 9.8
      vertex 24.6173 23.8445 9.8
    endloop
  endfacet
  facet normal 0 0 1
    outer loop
      vertex 24.7957 22.6443 9.8
      vertex 22.9425 21.8779 9.8
      vertex 23.1314 21.4787 9.8
    endloop
  endfacet
  facet normal -0 0 1
    outer loop
      vertex 22.6217 24.0411 9.8
      vertex 24.6173 23.8445 9.8
      vertex 22.6865 24.4779 9.8
    endloop
  endfacet
  facet normal 0 0 1
    outer loop
      vertex 24.7131 22.8748 9.8
      vertex 22.7938 22.2937 9.8
      vertex 22.9425 21.8779 9.8
    endloop
  endfacet
  facet normal 0 0 1
    outer loop
      vertex 22.6 23.6 9.8
      vertex 24.6054 23.6011 9.8
      vertex 22.6217 24.0411 9.8
    endloop
  endfacet
  facet normal 0 0 1
    outer loop
      vertex 24.6533 23.1133 9.8
      vertex 22.6865 22.7221 9.8
      vertex 22.7938 22.2937 9.8
    endloop
  endfacet
  facet normal 0 0 1
    outer loop
      vertex 24.6054 23.6011 9.8
      vertex 22.6 23.6 9.8
      vertex 24.6053 23.6 9.8
    endloop
  endfacet
  facet normal 0 0 1
    outer loop
      vertex 24.6175 23.3544 9.8
      vertex 22.6217 23.1589 9.8
      vertex 22.6865 22.7221 9.8
    endloop
  endfacet
  facet normal 0 0 1
    outer loop
      vertex 24.6054 23.5989 9.8
      vertex 22.6 23.6 9.8
      vertex 22.6217 23.1589 9.8
    endloop
  endfacet
  facet normal 0 1 0
    outer loop
      vertex 53.15 37.6 5.3
      vertex 53.3 37.6 6.80001
      vertex 53.3 37.6 5.3
    endloop
  endfacet
  facet normal 0 1 0
    outer loop
      vertex 53.3 37.6 6.80001
      vertex 53.15 37.6 5.3
      vertex 52.3 37.6 6.80001
    endloop
  endfacet
  facet normal 0 1 -0
    outer loop
      vertex 52.65 37.6 4.69
      vertex 52.3 37.6 6.80001
      vertex 53.15 37.6 5.3
    endloop
  endfacet
  facet normal 0 1 0
    outer loop
      vertex 52.65 37.6 4.69
      vertex 51.2 37.6 4.60001
      vertex 52.3 37.6 6.80001
    endloop
  endfacet
  facet normal 0 1 0
    outer loop
      vertex 52.65 37.6 4.69
      vertex 52.3 37.6 3.4
      vertex 51.2 37.6 4.60001
    endloop
  endfacet
  facet normal 0 1 -0
    outer loop
      vertex 52.65 37.6 2.80001
      vertex 52.3 37.6 3.4
      vertex 52.65 37.6 4.69
    endloop
  endfacet
  facet normal 0 1 0
    outer loop
      vertex 52.3 37.6 3.4
      vertex 52.65 37.6 2.80001
      vertex 52.3 37.6 2.80001
    endloop
  endfacet
  facet normal 0 -1 0
    outer loop
      vertex 52.3 32.6 6.80001
      vertex 53.15 32.6 5.3
      vertex 53.3 32.6 6.80001
    endloop
  endfacet
  facet normal 0 -1 0
    outer loop
      vertex 52.3 32.6 6.80001
      vertex 52.65 32.6 4.69
      vertex 53.15 32.6 5.3
    endloop
  endfacet
  facet normal 0 -1 0
    outer loop
      vertex 51.2 32.6 4.60001
      vertex 52.65 32.6 4.69
      vertex 52.3 32.6 6.80001
    endloop
  endfacet
  facet normal 0 -1 0
    outer loop
      vertex 52.3 32.6 3.4
      vertex 52.65 32.6 4.69
      vertex 51.2 32.6 4.60001
    endloop
  endfacet
  facet normal 0 -1 0
    outer loop
      vertex 52.65 32.6 2.80001
      vertex 52.3 32.6 3.4
      vertex 52.3 32.6 2.80001
    endloop
  endfacet
  facet normal 0 -1 0
    outer loop
      vertex 52.3 32.6 3.4
      vertex 52.65 32.6 2.80001
      vertex 52.65 32.6 4.69
    endloop
  endfacet
  facet normal 0 -1 -0
    outer loop
      vertex 53.3 32.6 6.80001
      vertex 53.15 32.6 5.3
      vertex 53.3 32.6 5.3
    endloop
  endfacet
  facet normal -0.737157 0 -0.675722
    outer loop
      vertex 52.3 32.6 3.4
      vertex 51.2 37.6 4.60001
      vertex 52.3 37.6 3.4
    endloop
  endfacet
  facet normal -0.737157 -0 -0.675722
    outer loop
      vertex 51.2 37.6 4.60001
      vertex 52.3 32.6 3.4
      vertex 51.2 32.6 4.60001
    endloop
  endfacet
  facet normal -1 0 0
    outer loop
      vertex 52.3 32.6 2.80001
      vertex 52.3 37.6 3.4
      vertex 52.3 37.6 2.80001
    endloop
  endfacet
  facet normal -1 -0 0
    outer loop
      vertex 52.3 37.6 3.4
      vertex 52.3 32.6 2.80001
      vertex 52.3 32.6 3.4
    endloop
  endfacet
  facet normal 0 0 -1
    outer loop
      vertex 52.3 32.6 2.80001
      vertex 52.65 37.6 2.80001
      vertex 52.65 32.6 2.80001
    endloop
  endfacet
  facet normal -0 0 -1
    outer loop
      vertex 52.65 37.6 2.80001
      vertex 52.3 32.6 2.80001
      vertex 52.3 37.6 2.80001
    endloop
  endfacet
  facet normal 1 -0 0
    outer loop
      vertex 53.3 32.6 6.80001
      vertex 53.3 37.6 5.3
      vertex 53.3 37.6 6.80001
    endloop
  endfacet
  facet normal 1 0 0
    outer loop
      vertex 53.3 37.6 5.3
      vertex 53.3 32.6 6.80001
      vertex 53.3 32.6 5.3
    endloop
  endfacet
  facet normal -0 0 1
    outer loop
      vertex 52.3 37.6 6.80001
      vertex 53.3 32.6 6.80001
      vertex 53.3 37.6 6.80001
    endloop
  endfacet
  facet normal 0 0 1
    outer loop
      vertex 53.3 32.6 6.80001
      vertex 52.3 37.6 6.80001
      vertex 52.3 32.6 6.80001
    endloop
  endfacet
  facet normal -0.894427 0 0.447214
    outer loop
      vertex 51.2 32.6 4.60001
      vertex 52.3 37.6 6.80001
      vertex 51.2 37.6 4.60001
    endloop
  endfacet
  facet normal -0.894427 0 0.447214
    outer loop
      vertex 52.3 37.6 6.80001
      vertex 51.2 32.6 4.60001
      vertex 52.3 32.6 6.80001
    endloop
  endfacet
  facet normal 0 1 0
    outer loop
      vertex 34.2 37.6 6.80001
      vertex 33.35 37.6 5.3
      vertex 33.2 37.6 6.80001
    endloop
  endfacet
  facet normal 0 1 0
    outer loop
      vertex 34.2 37.6 6.80001
      vertex 33.85 37.6 4.69
      vertex 33.35 37.6 5.3
    endloop
  endfacet
  facet normal 0 1 0
    outer loop
      vertex 35.3 37.6 4.60001
      vertex 33.85 37.6 4.69
      vertex 34.2 37.6 6.80001
    endloop
  endfacet
  facet normal 0 1 -0
    outer loop
      vertex 34.2 37.6 3.4
      vertex 33.85 37.6 4.69
      vertex 35.3 37.6 4.60001
    endloop
  endfacet
  facet normal 0 1 0
    outer loop
      vertex 33.85 37.6 2.80001
      vertex 34.2 37.6 3.4
      vertex 34.2 37.6 2.80001
    endloop
  endfacet
  facet normal 0 1 0
    outer loop
      vertex 34.2 37.6 3.4
      vertex 33.85 37.6 2.80001
      vertex 33.85 37.6 4.69
    endloop
  endfacet
  facet normal 0 1 0
    outer loop
      vertex 33.2 37.6 6.80001
      vertex 33.35 37.6 5.3
      vertex 33.2 37.6 5.3
    endloop
  endfacet
  facet normal 0 -1 0
    outer loop
      vertex 33.35 32.6 5.3
      vertex 33.2 32.6 6.80001
      vertex 33.2 32.6 5.3
    endloop
  endfacet
  facet normal 0 -1 0
    outer loop
      vertex 33.2 32.6 6.80001
      vertex 33.35 32.6 5.3
      vertex 34.2 32.6 6.80001
    endloop
  endfacet
  facet normal 0 -1 0
    outer loop
      vertex 33.85 32.6 4.69
      vertex 34.2 32.6 6.80001
      vertex 33.35 32.6 5.3
    endloop
  endfacet
  facet normal 0 -1 0
    outer loop
      vertex 33.85 32.6 4.69
      vertex 35.3 32.6 4.60001
      vertex 34.2 32.6 6.80001
    endloop
  endfacet
  facet normal 0 -1 0
    outer loop
      vertex 33.85 32.6 4.69
      vertex 34.2 32.6 3.4
      vertex 35.3 32.6 4.60001
    endloop
  endfacet
  facet normal 0 -1 0
    outer loop
      vertex 33.85 32.6 2.80001
      vertex 34.2 32.6 3.4
      vertex 33.85 32.6 4.69
    endloop
  endfacet
  facet normal 0 -1 -0
    outer loop
      vertex 34.2 32.6 3.4
      vertex 33.85 32.6 2.80001
      vertex 34.2 32.6 2.80001
    endloop
  endfacet
  facet normal 0.737157 0 -0.675722
    outer loop
      vertex 35.3 32.6 4.60001
      vertex 34.2 37.6 3.4
      vertex 35.3 37.6 4.60001
    endloop
  endfacet
  facet normal 0.737157 0 -0.675722
    outer loop
      vertex 34.2 37.6 3.4
      vertex 35.3 32.6 4.60001
      vertex 34.2 32.6 3.4
    endloop
  endfacet
  facet normal 1 -0 0
    outer loop
      vertex 34.2 32.6 3.4
      vertex 34.2 37.6 2.80001
      vertex 34.2 37.6 3.4
    endloop
  endfacet
  facet normal 1 0 0
    outer loop
      vertex 34.2 37.6 2.80001
      vertex 34.2 32.6 3.4
      vertex 34.2 32.6 2.80001
    endloop
  endfacet
  facet normal 0 0 -1
    outer loop
      vertex 33.85 32.6 2.80001
      vertex 34.2 37.6 2.80001
      vertex 34.2 32.6 2.80001
    endloop
  endfacet
  facet normal -0 0 -1
    outer loop
      vertex 34.2 37.6 2.80001
      vertex 33.85 32.6 2.80001
      vertex 33.85 37.6 2.80001
    endloop
  endfacet
  facet normal -1 0 0
    outer loop
      vertex 33.2 32.6 5.3
      vertex 33.2 37.6 6.80001
      vertex 33.2 37.6 5.3
    endloop
  endfacet
  facet normal -1 -0 0
    outer loop
      vertex 33.2 37.6 6.80001
      vertex 33.2 32.6 5.3
      vertex 33.2 32.6 6.80001
    endloop
  endfacet
  facet normal -0 0 1
    outer loop
      vertex 33.2 37.6 6.80001
      vertex 34.2 32.6 6.80001
      vertex 34.2 37.6 6.80001
    endloop
  endfacet
  facet normal 0 0 1
    outer loop
      vertex 34.2 32.6 6.80001
      vertex 33.2 37.6 6.80001
      vertex 33.2 32.6 6.80001
    endloop
  endfacet
  facet normal 0.894427 -0 0.447214
    outer loop
      vertex 34.2 32.6 6.80001
      vertex 35.3 37.6 4.60001
      vertex 34.2 37.6 6.80001
    endloop
  endfacet
  facet normal 0.894427 0 0.447214
    outer loop
      vertex 35.3 37.6 4.60001
      vertex 34.2 32.6 6.80001
      vertex 35.3 32.6 4.60001
    endloop
  endfacet
  facet normal 1 -0 0
    outer loop
      vertex 45.1 24.7 8.2
      vertex 45.1 26.3 5.6
      vertex 45.1 26.3 8.2
    endloop
  endfacet
  facet normal 1 0 0
    outer loop
      vertex 45.1 26.3 5.6
      vertex 45.1 24.7 8.2
      vertex 45.1 24.7 5.6
    endloop
  endfacet
  facet normal -0 0 1
    outer loop
      vertex 45.1 26.3 5.6
      vertex 48.6 24.7 5.6
      vertex 48.6 26.3 5.6
    endloop
  endfacet
  facet normal 0 0 1
    outer loop
      vertex 48.6 24.7 5.6
      vertex 45.1 26.3 5.6
      vertex 45.1 24.7 5.6
    endloop
  endfacet
  facet normal -1 0 0
    outer loop
      vertex 48.6 24.7 5.6
      vertex 48.6 26.3 8.2
      vertex 48.6 26.3 5.6
    endloop
  endfacet
  facet normal -1 -0 0
    outer loop
      vertex 48.6 26.3 8.2
      vertex 48.6 24.7 5.6
      vertex 48.6 24.7 8.2
    endloop
  endfacet
  facet normal 1 -0 0
    outer loop
      vertex 39.6 24.7 8.2
      vertex 39.6 26.3 5.6
      vertex 39.6 26.3 8.2
    endloop
  endfacet
  facet normal 1 0 0
    outer loop
      vertex 39.6 26.3 5.6
      vertex 39.6 24.7 8.2
      vertex 39.6 24.7 5.6
    endloop
  endfacet
  facet normal -0 0 1
    outer loop
      vertex 39.6 26.3 5.6
      vertex 43.1 24.7 5.6
      vertex 43.1 26.3 5.6
    endloop
  endfacet
  facet normal 0 0 1
    outer loop
      vertex 43.1 24.7 5.6
      vertex 39.6 26.3 5.6
      vertex 39.6 24.7 5.6
    endloop
  endfacet
  facet normal -1 0 0
    outer loop
      vertex 43.1 24.7 5.6
      vertex 43.1 26.3 8.2
      vertex 43.1 26.3 5.6
    endloop
  endfacet
  facet normal -1 -0 0
    outer loop
      vertex 43.1 26.3 8.2
      vertex 43.1 24.7 5.6
      vertex 43.1 24.7 8.2
    endloop
  endfacet
  facet normal 1 -0 0
    outer loop
      vertex 35.4 23.5 2.8
      vertex 35.4 24.4 1.6
      vertex 35.4 24.4 2.8
    endloop
  endfacet
  facet normal 1 -0 0
    outer loop
      vertex 35.4 20.9 2.8
      vertex 35.4 24.4 1.6
      vertex 35.4 23.5 2.8
    endloop
  endfacet
  facet normal 1 0 0
    outer loop
      vertex 35.4 15.6 1.6
      vertex 35.4 20.9 2.8
      vertex 35.4 15.6 2.8
    endloop
  endfacet
  facet normal 1 0 0
    outer loop
      vertex 35.4 20.9 2.8
      vertex 35.4 15.6 1.6
      vertex 35.4 24.4 1.6
    endloop
  endfacet
  facet normal 1 -0 0
    outer loop
      vertex 35.4 3.6 2.8
      vertex 35.4 12.6 1.6
      vertex 35.4 12.6 2.8
    endloop
  endfacet
  facet normal 1 0 0
    outer loop
      vertex 35.4 12.6 1.6
      vertex 35.4 3.6 2.8
      vertex 35.4 3.6 1.6
    endloop
  endfacet
  facet normal -0 0 1
    outer loop
      vertex 33.2 15.6 1.6
      vertex 35.4 12.6 1.6
      vertex 35.4 15.6 1.6
    endloop
  endfacet
  facet normal 0 0 1
    outer loop
      vertex 35.4 12.6 1.6
      vertex 33.2 15.6 1.6
      vertex 33.2 12.6 1.6
    endloop
  endfacet
  facet normal 0 0 1
    outer loop
      vertex 35.4 15.6 1.6
      vertex 52.8 15.6 1.6
      vertex 52.8 24.4 1.6
    endloop
  endfacet
  facet normal 0 0 1
    outer loop
      vertex 52.8 15.6 1.6
      vertex 35.4 15.6 1.6
      vertex 52.8 12.6 1.6
    endloop
  endfacet
  facet normal 0 0 1
    outer loop
      vertex 35.4 15.6 1.6
      vertex 52.8 24.4 1.6
      vertex 35.4 24.4 1.6
    endloop
  endfacet
  facet normal 0 0 1
    outer loop
      vertex 35.4 12.6 1.6
      vertex 52.8 12.6 1.6
      vertex 35.4 15.6 1.6
    endloop
  endfacet
  facet normal 0 0 1
    outer loop
      vertex 52.8 12.6 1.6
      vertex 35.4 12.6 1.6
      vertex 52.8 3.6 1.6
    endloop
  endfacet
  facet normal 0 0 1
    outer loop
      vertex 52.8 3.6 1.6
      vertex 35.4 12.6 1.6
      vertex 35.4 3.6 1.6
    endloop
  endfacet
  facet normal -0 0 1
    outer loop
      vertex 52.8 15.6 1.6
      vertex 55.7 12.6 1.6
      vertex 55.7 15.6 1.6
    endloop
  endfacet
  facet normal 0 0 1
    outer loop
      vertex 55.7 12.6 1.6
      vertex 52.8 15.6 1.6
      vertex 52.8 12.6 1.6
    endloop
  endfacet
  facet normal -1 0 0
    outer loop
      vertex 52.8 24.4 1.6
      vertex 52.8 23.5 2.8
      vertex 52.8 24.4 2.8
    endloop
  endfacet
  facet normal -1 0 0
    outer loop
      vertex 52.8 24.4 1.6
      vertex 52.8 20.9 2.8
      vertex 52.8 23.5 2.8
    endloop
  endfacet
  facet normal -1 0 0
    outer loop
      vertex 52.8 15.6 1.6
      vertex 52.8 20.9 2.8
      vertex 52.8 24.4 1.6
    endloop
  endfacet
  facet normal -1 -0 0
    outer loop
      vertex 52.8 20.9 2.8
      vertex 52.8 15.6 1.6
      vertex 52.8 15.6 2.8
    endloop
  endfacet
  facet normal -1 0 0
    outer loop
      vertex 52.8 3.6 1.6
      vertex 52.8 12.6 2.8
      vertex 52.8 12.6 1.6
    endloop
  endfacet
  facet normal -1 -0 0
    outer loop
      vertex 52.8 12.6 2.8
      vertex 52.8 3.6 1.6
      vertex 52.8 3.6 2.8
    endloop
  endfacet
  facet normal 0 -1 0
    outer loop
      vertex 35.4 24.4 1.6
      vertex 52.8 24.4 2.8
      vertex 35.4 24.4 2.8
    endloop
  endfacet
  facet normal 0 -1 -0
    outer loop
      vertex 52.8 24.4 2.8
      vertex 35.4 24.4 1.6
      vertex 52.8 24.4 1.6
    endloop
  endfacet
  facet normal 0 1 -0
    outer loop
      vertex 52.8 3.6 1.6
      vertex 35.4 3.6 2.8
      vertex 52.8 3.6 2.8
    endloop
  endfacet
  facet normal 0 1 0
    outer loop
      vertex 35.4 3.6 2.8
      vertex 52.8 3.6 1.6
      vertex 35.4 3.6 1.6
    endloop
  endfacet
  facet normal 1 -0 0
    outer loop
      vertex 33.2 12.6 2.8
      vertex 33.2 15.6 1.6
      vertex 33.2 15.6 2.8
    endloop
  endfacet
  facet normal 1 0 0
    outer loop
      vertex 33.2 15.6 1.6
      vertex 33.2 12.6 2.8
      vertex 33.2 12.6 1.6
    endloop
  endfacet
  facet normal -1 0 0
    outer loop
      vertex 55.7 12.6 1.6
      vertex 55.7 15.6 2.8
      vertex 55.7 15.6 1.6
    endloop
  endfacet
  facet normal -1 -0 0
    outer loop
      vertex 55.7 15.6 2.8
      vertex 55.7 12.6 1.6
      vertex 55.7 12.6 2.8
    endloop
  endfacet
  facet normal 0 -1 0
    outer loop
      vertex 52.8 15.6 1.6
      vertex 55.7 15.6 2.8
      vertex 52.8 15.6 2.8
    endloop
  endfacet
  facet normal 0 -1 -0
    outer loop
      vertex 55.7 15.6 2.8
      vertex 52.8 15.6 1.6
      vertex 55.7 15.6 1.6
    endloop
  endfacet
  facet normal 0 -1 0
    outer loop
      vertex 33.2 15.6 1.6
      vertex 35.4 15.6 2.8
      vertex 33.2 15.6 2.8
    endloop
  endfacet
  facet normal 0 -1 -0
    outer loop
      vertex 35.4 15.6 2.8
      vertex 33.2 15.6 1.6
      vertex 35.4 15.6 1.6
    endloop
  endfacet
  facet normal 0 1 -0
    outer loop
      vertex 55.7 12.6 1.6
      vertex 52.8 12.6 2.8
      vertex 55.7 12.6 2.8
    endloop
  endfacet
  facet normal 0 1 0
    outer loop
      vertex 52.8 12.6 2.8
      vertex 55.7 12.6 1.6
      vertex 52.8 12.6 1.6
    endloop
  endfacet
  facet normal 0 1 -0
    outer loop
      vertex 35.4 12.6 1.6
      vertex 33.2 12.6 2.8
      vertex 35.4 12.6 2.8
    endloop
  endfacet
  facet normal 0 1 0
    outer loop
      vertex 33.2 12.6 2.8
      vertex 35.4 12.6 1.6
      vertex 33.2 12.6 1.6
    endloop
  endfacet
  facet normal 0 -1 0
    outer loop
      vertex 53.1 23.5 2.8
      vertex 54.3 23.5 8.2
      vertex 53.1 23.5 8.2
    endloop
  endfacet
  facet normal 0 -1 -0
    outer loop
      vertex 54.3 23.5 8.2
      vertex 53.1 23.5 2.8
      vertex 54.3 23.5 2.8
    endloop
  endfacet
  facet normal 0 -1 0
    outer loop
      vertex 33.9 23.5 2.8
      vertex 35.1 23.5 8.2
      vertex 33.9 23.5 8.2
    endloop
  endfacet
  facet normal 0 -1 -0
    outer loop
      vertex 35.1 23.5 8.2
      vertex 33.9 23.5 2.8
      vertex 35.1 23.5 2.8
    endloop
  endfacet
  facet normal 1 -0 0
    outer loop
      vertex 3.75 4.9 2.8
      vertex 3.75 42.3 2.4
      vertex 3.75 42.3 2.8
    endloop
  endfacet
  facet normal 1 0 0
    outer loop
      vertex 3.75 42.3 2.4
      vertex 3.75 4.9 2.8
      vertex 3.75 4.9 2.4
    endloop
  endfacet
  facet normal -0 0 1
    outer loop
      vertex 3.75 42.3 2.4
      vertex 22.15 4.9 2.4
      vertex 22.15 42.3 2.4
    endloop
  endfacet
  facet normal 0 0 1
    outer loop
      vertex 22.15 4.9 2.4
      vertex 3.75 42.3 2.4
      vertex 3.75 4.9 2.4
    endloop
  endfacet
  facet normal -1 0 0
    outer loop
      vertex 22.15 4.9 2.4
      vertex 22.15 42.3 2.8
      vertex 22.15 42.3 2.4
    endloop
  endfacet
  facet normal -1 -0 0
    outer loop
      vertex 22.15 42.3 2.8
      vertex 22.15 4.9 2.4
      vertex 22.15 4.9 2.8
    endloop
  endfacet
  facet normal 0 -1 0
    outer loop
      vertex 3.75 42.3 2.4
      vertex 22.15 42.3 2.8
      vertex 3.75 42.3 2.8
    endloop
  endfacet
  facet normal 0 -1 -0
    outer loop
      vertex 22.15 42.3 2.8
      vertex 3.75 42.3 2.4
      vertex 22.15 42.3 2.4
    endloop
  endfacet
  facet normal 0 1 -0
    outer loop
      vertex 22.15 4.9 2.4
      vertex 3.75 4.9 2.8
      vertex 22.15 4.9 2.8
    endloop
  endfacet
  facet normal 0 1 0
    outer loop
      vertex 3.75 4.9 2.8
      vertex 22.15 4.9 2.4
      vertex 3.75 4.9 2.4
    endloop
  endfacet
  facet normal 1 -0 0
    outer loop
      vertex 39.3 2.05 10.3
      vertex 39.3 3.3 9.69
      vertex 39.3 3.3 10.3
    endloop
  endfacet
  facet normal 1 -0 0
    outer loop
      vertex 39.3 2.05 9.7
      vertex 39.3 3.3 9.69
      vertex 39.3 2.05 10.3
    endloop
  endfacet
  facet normal 1 0 0
    outer loop
      vertex 39.3 3.3 9.69
      vertex 39.3 2.05 9.7
      vertex 39.3 3.3 5.3
    endloop
  endfacet
  facet normal 1 0 0
    outer loop
      vertex 39.3 1.7 5.3
      vertex 39.3 2.05 9.7
      vertex 39.3 1.7 9.7
    endloop
  endfacet
  facet normal 1 0 0
    outer loop
      vertex 39.3 2.05 9.7
      vertex 39.3 1.7 5.3
      vertex 39.3 3.3 5.3
    endloop
  endfacet
  facet normal -0 0 1
    outer loop
      vertex 39.3 3.3 5.3
      vertex 48.9 1.7 5.3
      vertex 48.9 3.3 5.3
    endloop
  endfacet
  facet normal 0 0 1
    outer loop
      vertex 48.9 1.7 5.3
      vertex 39.3 3.3 5.3
      vertex 39.3 1.7 5.3
    endloop
  endfacet
  facet normal -1 0 0
    outer loop
      vertex 48.9 3.3 5.3
      vertex 48.9 2.05 9.7
      vertex 48.9 3.3 9.69
    endloop
  endfacet
  facet normal -1 0 0
    outer loop
      vertex 48.9 1.7 5.3
      vertex 48.9 2.05 9.7
      vertex 48.9 3.3 5.3
    endloop
  endfacet
  facet normal -1 -0 0
    outer loop
      vertex 48.9 2.05 9.7
      vertex 48.9 1.7 5.3
      vertex 48.9 1.7 9.7
    endloop
  endfacet
  facet normal -1 0 0
    outer loop
      vertex 48.9 2.05 9.7
      vertex 48.9 3.3 10.3
      vertex 48.9 3.3 9.69
    endloop
  endfacet
  facet normal -1 -0 0
    outer loop
      vertex 48.9 3.3 10.3
      vertex 48.9 2.05 9.7
      vertex 48.9 2.05 10.3
    endloop
  endfacet
  facet normal 0 -1 0
    outer loop
      vertex 27.1 26.4 5.8
      vertex 28.7166 26.4 8.3
      vertex 27.1 26.4 8.3
    endloop
  endfacet
  facet normal 0 -1 -0
    outer loop
      vertex 28.7166 26.4 8.3
      vertex 27.1 26.4 5.8
      vertex 28.7166 26.4 5.8
    endloop
  endfacet
  facet normal -0.866023 -0.500004 0
    outer loop
      vertex 30.3332 23.6 5.8
      vertex 28.7166 26.4 8.3
      vertex 28.7166 26.4 5.8
    endloop
  endfacet
  facet normal -0.866023 -0.500004 0
    outer loop
      vertex 28.7166 26.4 8.3
      vertex 30.3332 23.6 5.8
      vertex 30.3332 23.6 8.3
    endloop
  endfacet
  facet normal 0 0 -1
    outer loop
      vertex 26.2986 22.1007 8.3
      vertex 27.1 20.8 8.3
      vertex 27.1 20.7 8.3
    endloop
  endfacet
  facet normal 0 0 -1
    outer loop
      vertex 27.1 20.8 8.3
      vertex 26.9334 21.9082 8.3
      vertex 27.1 21.9 8.3
    endloop
  endfacet
  facet normal 0 0 -1
    outer loop
      vertex 27.1 20.8 8.3
      vertex 26.7683 21.9327 8.3
      vertex 26.9334 21.9082 8.3
    endloop
  endfacet
  facet normal 0 0 -1
    outer loop
      vertex 27.1 20.8 8.3
      vertex 26.6065 21.9732 8.3
      vertex 26.7683 21.9327 8.3
    endloop
  endfacet
  facet normal 0 0 -1
    outer loop
      vertex 27.1 20.8 8.3
      vertex 26.4494 22.0294 8.3
      vertex 26.6065 21.9732 8.3
    endloop
  endfacet
  facet normal 0 0 -1
    outer loop
      vertex 27.1 20.8 8.3
      vertex 26.2986 22.1007 8.3
      vertex 26.4494 22.0294 8.3
    endloop
  endfacet
  facet normal 0 0 -1
    outer loop
      vertex 23.6624 20.7 8.3
      vertex 26.2986 22.1007 8.3
      vertex 27.1 20.7 8.3
    endloop
  endfacet
  facet normal -0 0 -1
    outer loop
      vertex 26.2986 22.1007 8.3
      vertex 23.6624 20.7 8.3
      vertex 26.1555 22.1865 8.3
    endloop
  endfacet
  facet normal -0 0 -1
    outer loop
      vertex 26.1555 22.1865 8.3
      vertex 23.6624 20.7 8.3
      vertex 26.0215 22.2859 8.3
    endloop
  endfacet
  facet normal -0 0 -1
    outer loop
      vertex 26.0215 22.2859 8.3
      vertex 23.6624 20.7 8.3
      vertex 25.8979 22.3979 8.3
    endloop
  endfacet
  facet normal -0 0 -1
    outer loop
      vertex 25.8979 22.3979 8.3
      vertex 23.6624 20.7 8.3
      vertex 25.7859 22.5215 8.3
    endloop
  endfacet
  facet normal 0 0 -1
    outer loop
      vertex 22.6 23.6 8.3
      vertex 25.4 23.6 8.3
      vertex 25.4082 23.4334 8.3
    endloop
  endfacet
  facet normal 0 0 -1
    outer loop
      vertex 22.6217 23.1589 8.3
      vertex 25.4082 23.4334 8.3
      vertex 25.4327 23.2683 8.3
    endloop
  endfacet
  facet normal 0 0 -1
    outer loop
      vertex 22.6865 22.7221 8.3
      vertex 25.4327 23.2683 8.3
      vertex 25.4732 23.1065 8.3
    endloop
  endfacet
  facet normal 0 0 -1
    outer loop
      vertex 22.7938 22.2937 8.3
      vertex 25.4732 23.1065 8.3
      vertex 25.5294 22.9494 8.3
    endloop
  endfacet
  facet normal 0 0 -1
    outer loop
      vertex 22.9425 21.8779 8.3
      vertex 25.5294 22.9494 8.3
      vertex 25.6007 22.7986 8.3
    endloop
  endfacet
  facet normal 0 0 -1
    outer loop
      vertex 23.6215 20.7452 8.3
      vertex 25.7859 22.5215 8.3
      vertex 23.6624 20.7 8.3
    endloop
  endfacet
  facet normal -0 0 -1
    outer loop
      vertex 25.7859 22.5215 8.3
      vertex 23.6215 20.7452 8.3
      vertex 25.6865 22.6555 8.3
    endloop
  endfacet
  facet normal 0 0 -1
    outer loop
      vertex 23.3584 21.0999 8.3
      vertex 25.6865 22.6555 8.3
      vertex 23.6215 20.7452 8.3
    endloop
  endfacet
  facet normal -0 0 -1
    outer loop
      vertex 25.6865 22.6555 8.3
      vertex 23.3584 21.0999 8.3
      vertex 25.6007 22.7986 8.3
    endloop
  endfacet
  facet normal 0 0 -1
    outer loop
      vertex 23.1314 21.4787 8.3
      vertex 25.6007 22.7986 8.3
      vertex 23.3584 21.0999 8.3
    endloop
  endfacet
  facet normal 0 0 -1
    outer loop
      vertex 25.4 23.6 8.3
      vertex 23.3584 26.1001 8.3
      vertex 23.6215 26.4548 8.3
    endloop
  endfacet
  facet normal 0 0 -1
    outer loop
      vertex 25.4 23.6 8.3
      vertex 23.6215 26.4548 8.3
      vertex 23.6624 26.5 8.3
    endloop
  endfacet
  facet normal 0 0 -1
    outer loop
      vertex 22.9425 21.8779 8.3
      vertex 25.6007 22.7986 8.3
      vertex 23.1314 21.4787 8.3
    endloop
  endfacet
  facet normal 0 0 -1
    outer loop
      vertex 25.4 23.6 8.3
      vertex 23.1314 25.7213 8.3
      vertex 23.3584 26.1001 8.3
    endloop
  endfacet
  facet normal 0 0 -1
    outer loop
      vertex 25.5294 22.9494 8.3
      vertex 22.9425 21.8779 8.3
      vertex 22.7938 22.2937 8.3
    endloop
  endfacet
  facet normal 0 0 -1
    outer loop
      vertex 25.4 23.6 8.3
      vertex 22.9425 25.3221 8.3
      vertex 23.1314 25.7213 8.3
    endloop
  endfacet
  facet normal 0 0 -1
    outer loop
      vertex 25.4732 23.1065 8.3
      vertex 22.7938 22.2937 8.3
      vertex 22.6865 22.7221 8.3
    endloop
  endfacet
  facet normal 0 0 -1
    outer loop
      vertex 25.4 23.6 8.3
      vertex 22.7938 24.9063 8.3
      vertex 22.9425 25.3221 8.3
    endloop
  endfacet
  facet normal 0 0 -1
    outer loop
      vertex 25.4327 23.2683 8.3
      vertex 22.6865 22.7221 8.3
      vertex 22.6217 23.1589 8.3
    endloop
  endfacet
  facet normal 0 0 -1
    outer loop
      vertex 25.4 23.6 8.3
      vertex 22.6865 24.4779 8.3
      vertex 22.7938 24.9063 8.3
    endloop
  endfacet
  facet normal -0 0 -1
    outer loop
      vertex 25.4082 23.4334 8.3
      vertex 22.6217 23.1589 8.3
      vertex 22.6 23.6 8.3
    endloop
  endfacet
  facet normal 0 0 -1
    outer loop
      vertex 25.4 23.6 8.3
      vertex 22.6217 24.0411 8.3
      vertex 22.6865 24.4779 8.3
    endloop
  endfacet
  facet normal 0 0 -1
    outer loop
      vertex 25.4 23.6 8.3
      vertex 22.6 23.6 8.3
      vertex 22.6217 24.0411 8.3
    endloop
  endfacet
  facet normal -0 0 -1
    outer loop
      vertex 30.3332 23.6 8.3
      vertex 28.7918 23.4334 8.3
      vertex 28.8 23.6 8.3
    endloop
  endfacet
  facet normal 0 0 -1
    outer loop
      vertex 30.3332 23.6 8.3
      vertex 28.7673 23.2683 8.3
      vertex 28.7918 23.4334 8.3
    endloop
  endfacet
  facet normal 0 0 -1
    outer loop
      vertex 30.3332 23.6 8.3
      vertex 28.7268 23.1065 8.3
      vertex 28.7673 23.2683 8.3
    endloop
  endfacet
  facet normal 0 0 -1
    outer loop
      vertex 28.5993 22.7986 8.3
      vertex 30.3332 23.6 8.3
      vertex 28.7166 20.8 8.3
    endloop
  endfacet
  facet normal 0 0 -1
    outer loop
      vertex 30.3332 23.6 8.3
      vertex 28.6706 22.9494 8.3
      vertex 28.7268 23.1065 8.3
    endloop
  endfacet
  facet normal 0 0 -1
    outer loop
      vertex 30.3332 23.6 8.3
      vertex 28.5993 22.7986 8.3
      vertex 28.6706 22.9494 8.3
    endloop
  endfacet
  facet normal 0 0 -1
    outer loop
      vertex 28.7166 20.8 8.3
      vertex 28.5135 22.6555 8.3
      vertex 28.5993 22.7986 8.3
    endloop
  endfacet
  facet normal 0 0 -1
    outer loop
      vertex 28.7166 20.8 8.3
      vertex 28.4141 22.5215 8.3
      vertex 28.5135 22.6555 8.3
    endloop
  endfacet
  facet normal 0 0 -1
    outer loop
      vertex 28.7166 20.8 8.3
      vertex 28.3021 22.3979 8.3
      vertex 28.4141 22.5215 8.3
    endloop
  endfacet
  facet normal 0 0 -1
    outer loop
      vertex 28.7166 20.8 8.3
      vertex 28.1785 22.2859 8.3
      vertex 28.3021 22.3979 8.3
    endloop
  endfacet
  facet normal 0 0 -1
    outer loop
      vertex 28.7166 20.8 8.3
      vertex 28.0445 22.1865 8.3
      vertex 28.1785 22.2859 8.3
    endloop
  endfacet
  facet normal 0 0 -1
    outer loop
      vertex 28.7166 20.8 8.3
      vertex 27.9014 22.1007 8.3
      vertex 28.0445 22.1865 8.3
    endloop
  endfacet
  facet normal 0 0 -1
    outer loop
      vertex 28.7166 20.8 8.3
      vertex 27.7506 22.0294 8.3
      vertex 27.9014 22.1007 8.3
    endloop
  endfacet
  facet normal 0 0 -1
    outer loop
      vertex 28.7166 20.8 8.3
      vertex 27.5935 21.9732 8.3
      vertex 27.7506 22.0294 8.3
    endloop
  endfacet
  facet normal 0 0 -1
    outer loop
      vertex 27.1 20.8 8.3
      vertex 27.5935 21.9732 8.3
      vertex 28.7166 20.8 8.3
    endloop
  endfacet
  facet normal 0 0 -1
    outer loop
      vertex 27.5935 21.9732 8.3
      vertex 27.1 20.8 8.3
      vertex 27.4317 21.9327 8.3
    endloop
  endfacet
  facet normal 0 0 -1
    outer loop
      vertex 27.4317 21.9327 8.3
      vertex 27.1 20.8 8.3
      vertex 27.2666 21.9082 8.3
    endloop
  endfacet
  facet normal 0 0 -1
    outer loop
      vertex 27.2666 21.9082 8.3
      vertex 27.1 20.8 8.3
      vertex 27.1 21.9 8.3
    endloop
  endfacet
  facet normal 0 0 -1
    outer loop
      vertex 28.7918 23.7666 8.3
      vertex 30.3332 23.6 8.3
      vertex 28.8 23.6 8.3
    endloop
  endfacet
  facet normal 0 0 -1
    outer loop
      vertex 28.7673 23.9317 8.3
      vertex 30.3332 23.6 8.3
      vertex 28.7918 23.7666 8.3
    endloop
  endfacet
  facet normal 0 0 -1
    outer loop
      vertex 28.7268 24.0935 8.3
      vertex 30.3332 23.6 8.3
      vertex 28.7673 23.9317 8.3
    endloop
  endfacet
  facet normal 0 0 -1
    outer loop
      vertex 28.6706 24.2506 8.3
      vertex 30.3332 23.6 8.3
      vertex 28.7268 24.0935 8.3
    endloop
  endfacet
  facet normal 0 0 -1
    outer loop
      vertex 28.5993 24.4014 8.3
      vertex 30.3332 23.6 8.3
      vertex 28.6706 24.2506 8.3
    endloop
  endfacet
  facet normal 0 0 -1
    outer loop
      vertex 30.3332 23.6 8.3
      vertex 28.5993 24.4014 8.3
      vertex 28.7166 26.4 8.3
    endloop
  endfacet
  facet normal 0 0 -1
    outer loop
      vertex 28.5135 24.5445 8.3
      vertex 28.7166 26.4 8.3
      vertex 28.5993 24.4014 8.3
    endloop
  endfacet
  facet normal 0 0 -1
    outer loop
      vertex 28.4141 24.6785 8.3
      vertex 28.7166 26.4 8.3
      vertex 28.5135 24.5445 8.3
    endloop
  endfacet
  facet normal 0 0 -1
    outer loop
      vertex 28.3021 24.8021 8.3
      vertex 28.7166 26.4 8.3
      vertex 28.4141 24.6785 8.3
    endloop
  endfacet
  facet normal 0 0 -1
    outer loop
      vertex 28.1785 24.9141 8.3
      vertex 28.7166 26.4 8.3
      vertex 28.3021 24.8021 8.3
    endloop
  endfacet
  facet normal 0 0 -1
    outer loop
      vertex 28.0445 25.0135 8.3
      vertex 28.7166 26.4 8.3
      vertex 28.1785 24.9141 8.3
    endloop
  endfacet
  facet normal 0 0 -1
    outer loop
      vertex 27.9014 25.0993 8.3
      vertex 28.7166 26.4 8.3
      vertex 28.0445 25.0135 8.3
    endloop
  endfacet
  facet normal 0 0 -1
    outer loop
      vertex 27.7506 25.1706 8.3
      vertex 28.7166 26.4 8.3
      vertex 27.9014 25.0993 8.3
    endloop
  endfacet
  facet normal 0 0 -1
    outer loop
      vertex 27.5935 25.2268 8.3
      vertex 28.7166 26.4 8.3
      vertex 27.7506 25.1706 8.3
    endloop
  endfacet
  facet normal 0 0 -1
    outer loop
      vertex 27.1 26.4 8.3
      vertex 27.5935 25.2268 8.3
      vertex 27.4317 25.2673 8.3
    endloop
  endfacet
  facet normal 0 0 -1
    outer loop
      vertex 27.1 26.4 8.3
      vertex 27.4317 25.2673 8.3
      vertex 27.2666 25.2918 8.3
    endloop
  endfacet
  facet normal 0 0 -1
    outer loop
      vertex 27.1 26.4 8.3
      vertex 27.2666 25.2918 8.3
      vertex 27.1 25.3 8.3
    endloop
  endfacet
  facet normal 0 0 -1
    outer loop
      vertex 27.5935 25.2268 8.3
      vertex 27.1 26.4 8.3
      vertex 28.7166 26.4 8.3
    endloop
  endfacet
  facet normal 0 0 -1
    outer loop
      vertex 26.9334 25.2918 8.3
      vertex 27.1 26.4 8.3
      vertex 27.1 25.3 8.3
    endloop
  endfacet
  facet normal 0 0 -1
    outer loop
      vertex 26.7683 25.2673 8.3
      vertex 27.1 26.4 8.3
      vertex 26.9334 25.2918 8.3
    endloop
  endfacet
  facet normal 0 0 -1
    outer loop
      vertex 26.6065 25.2268 8.3
      vertex 27.1 26.4 8.3
      vertex 26.7683 25.2673 8.3
    endloop
  endfacet
  facet normal 0 0 -1
    outer loop
      vertex 26.4494 25.1706 8.3
      vertex 27.1 26.4 8.3
      vertex 26.6065 25.2268 8.3
    endloop
  endfacet
  facet normal 0 0 -1
    outer loop
      vertex 26.2986 25.0993 8.3
      vertex 27.1 26.4 8.3
      vertex 26.4494 25.1706 8.3
    endloop
  endfacet
  facet normal -0 0 -1
    outer loop
      vertex 27.1 26.4 8.3
      vertex 26.2986 25.0993 8.3
      vertex 27.1 26.5 8.3
    endloop
  endfacet
  facet normal 0 0 -1
    outer loop
      vertex 23.6624 26.5 8.3
      vertex 26.2986 25.0993 8.3
      vertex 26.1555 25.0135 8.3
    endloop
  endfacet
  facet normal 0 0 -1
    outer loop
      vertex 23.6624 26.5 8.3
      vertex 26.1555 25.0135 8.3
      vertex 26.0215 24.9141 8.3
    endloop
  endfacet
  facet normal 0 0 -1
    outer loop
      vertex 23.6624 26.5 8.3
      vertex 26.0215 24.9141 8.3
      vertex 25.8979 24.8021 8.3
    endloop
  endfacet
  facet normal 0 0 -1
    outer loop
      vertex 23.6624 26.5 8.3
      vertex 25.8979 24.8021 8.3
      vertex 25.7859 24.6785 8.3
    endloop
  endfacet
  facet normal 0 0 -1
    outer loop
      vertex 23.6624 26.5 8.3
      vertex 25.7859 24.6785 8.3
      vertex 25.6865 24.5445 8.3
    endloop
  endfacet
  facet normal 0 0 -1
    outer loop
      vertex 26.2986 25.0993 8.3
      vertex 23.6624 26.5 8.3
      vertex 27.1 26.5 8.3
    endloop
  endfacet
  facet normal 0 0 -1
    outer loop
      vertex 25.6007 24.4014 8.3
      vertex 23.6624 26.5 8.3
      vertex 25.6865 24.5445 8.3
    endloop
  endfacet
  facet normal 0 0 -1
    outer loop
      vertex 25.5294 24.2506 8.3
      vertex 23.6624 26.5 8.3
      vertex 25.6007 24.4014 8.3
    endloop
  endfacet
  facet normal 0 0 -1
    outer loop
      vertex 25.4732 24.0935 8.3
      vertex 23.6624 26.5 8.3
      vertex 25.5294 24.2506 8.3
    endloop
  endfacet
  facet normal 0 0 -1
    outer loop
      vertex 25.4327 23.9317 8.3
      vertex 23.6624 26.5 8.3
      vertex 25.4732 24.0935 8.3
    endloop
  endfacet
  facet normal 0 0 -1
    outer loop
      vertex 25.4082 23.7666 8.3
      vertex 23.6624 26.5 8.3
      vertex 25.4327 23.9317 8.3
    endloop
  endfacet
  facet normal 0 0 -1
    outer loop
      vertex 23.6624 26.5 8.3
      vertex 25.4082 23.7666 8.3
      vertex 25.4 23.6 8.3
    endloop
  endfacet
  facet normal 0 0 1
    outer loop
      vertex 26.2986 25.0993 5.8
      vertex 27.1 26.4 5.8
      vertex 27.1 26.5 5.8
    endloop
  endfacet
  facet normal 0 0 1
    outer loop
      vertex 27.1 26.4 5.8
      vertex 26.9334 25.2918 5.8
      vertex 27.1 25.3 5.8
    endloop
  endfacet
  facet normal 0 0 1
    outer loop
      vertex 27.1 26.4 5.8
      vertex 26.7683 25.2673 5.8
      vertex 26.9334 25.2918 5.8
    endloop
  endfacet
  facet normal 0 0 1
    outer loop
      vertex 27.1 26.4 5.8
      vertex 26.6065 25.2268 5.8
      vertex 26.7683 25.2673 5.8
    endloop
  endfacet
  facet normal 0 0 1
    outer loop
      vertex 27.1 26.4 5.8
      vertex 26.4494 25.1706 5.8
      vertex 26.6065 25.2268 5.8
    endloop
  endfacet
  facet normal 0 0 1
    outer loop
      vertex 27.1 26.4 5.8
      vertex 26.2986 25.0993 5.8
      vertex 26.4494 25.1706 5.8
    endloop
  endfacet
  facet normal -0 0 1
    outer loop
      vertex 23.6624 26.5 5.8
      vertex 26.2986 25.0993 5.8
      vertex 27.1 26.5 5.8
    endloop
  endfacet
  facet normal 0 0 1
    outer loop
      vertex 26.2986 25.0993 5.8
      vertex 23.6624 26.5 5.8
      vertex 26.1555 25.0135 5.8
    endloop
  endfacet
  facet normal 0 0 1
    outer loop
      vertex 26.1555 25.0135 5.8
      vertex 23.6624 26.5 5.8
      vertex 26.0215 24.9141 5.8
    endloop
  endfacet
  facet normal 0 0 1
    outer loop
      vertex 26.0215 24.9141 5.8
      vertex 23.6624 26.5 5.8
      vertex 25.8979 24.8021 5.8
    endloop
  endfacet
  facet normal 0 0 1
    outer loop
      vertex 25.8979 24.8021 5.8
      vertex 23.6624 26.5 5.8
      vertex 25.7859 24.6785 5.8
    endloop
  endfacet
  facet normal -0 0 1
    outer loop
      vertex 22.9425 25.3221 5.8
      vertex 25.5294 24.2506 5.8
      vertex 23.1314 25.7213 5.8
    endloop
  endfacet
  facet normal 0 0 1
    outer loop
      vertex 25.6007 24.4014 5.8
      vertex 23.1314 25.7213 5.8
      vertex 25.5294 24.2506 5.8
    endloop
  endfacet
  facet normal -0 0 1
    outer loop
      vertex 23.1314 25.7213 5.8
      vertex 25.6007 24.4014 5.8
      vertex 23.3584 26.1001 5.8
    endloop
  endfacet
  facet normal 0 0 1
    outer loop
      vertex 25.6865 24.5445 5.8
      vertex 23.3584 26.1001 5.8
      vertex 25.6007 24.4014 5.8
    endloop
  endfacet
  facet normal -0 0 1
    outer loop
      vertex 23.3584 26.1001 5.8
      vertex 25.6865 24.5445 5.8
      vertex 23.6215 26.4548 5.8
    endloop
  endfacet
  facet normal 0 0 1
    outer loop
      vertex 25.7859 24.6785 5.8
      vertex 23.6215 26.4548 5.8
      vertex 25.6865 24.5445 5.8
    endloop
  endfacet
  facet normal -0 0 1
    outer loop
      vertex 23.6215 26.4548 5.8
      vertex 25.7859 24.6785 5.8
      vertex 23.6624 26.5 5.8
    endloop
  endfacet
  facet normal 0 0 1
    outer loop
      vertex 30.3332 23.6 5.8
      vertex 28.7918 23.7666 5.8
      vertex 28.8 23.6 5.8
    endloop
  endfacet
  facet normal 0 0 1
    outer loop
      vertex 30.3332 23.6 5.8
      vertex 28.7673 23.9317 5.8
      vertex 28.7918 23.7666 5.8
    endloop
  endfacet
  facet normal 0 0 1
    outer loop
      vertex 30.3332 23.6 5.8
      vertex 28.7268 24.0935 5.8
      vertex 28.7673 23.9317 5.8
    endloop
  endfacet
  facet normal -0 0 1
    outer loop
      vertex 28.5993 24.4014 5.8
      vertex 30.3332 23.6 5.8
      vertex 28.7166 26.4 5.8
    endloop
  endfacet
  facet normal 0 0 1
    outer loop
      vertex 30.3332 23.6 5.8
      vertex 28.6706 24.2506 5.8
      vertex 28.7268 24.0935 5.8
    endloop
  endfacet
  facet normal 0 0 1
    outer loop
      vertex 30.3332 23.6 5.8
      vertex 28.5993 24.4014 5.8
      vertex 28.6706 24.2506 5.8
    endloop
  endfacet
  facet normal 0 0 1
    outer loop
      vertex 28.7166 26.4 5.8
      vertex 28.5135 24.5445 5.8
      vertex 28.5993 24.4014 5.8
    endloop
  endfacet
  facet normal 0 0 1
    outer loop
      vertex 28.7166 26.4 5.8
      vertex 28.4141 24.6785 5.8
      vertex 28.5135 24.5445 5.8
    endloop
  endfacet
  facet normal 0 0 1
    outer loop
      vertex 28.7166 26.4 5.8
      vertex 28.3021 24.8021 5.8
      vertex 28.4141 24.6785 5.8
    endloop
  endfacet
  facet normal 0 0 1
    outer loop
      vertex 28.7166 26.4 5.8
      vertex 28.1785 24.9141 5.8
      vertex 28.3021 24.8021 5.8
    endloop
  endfacet
  facet normal 0 0 1
    outer loop
      vertex 28.7166 26.4 5.8
      vertex 28.0445 25.0135 5.8
      vertex 28.1785 24.9141 5.8
    endloop
  endfacet
  facet normal 0 0 1
    outer loop
      vertex 28.7166 26.4 5.8
      vertex 27.9014 25.0993 5.8
      vertex 28.0445 25.0135 5.8
    endloop
  endfacet
  facet normal 0 0 1
    outer loop
      vertex 28.7166 26.4 5.8
      vertex 27.7506 25.1706 5.8
      vertex 27.9014 25.0993 5.8
    endloop
  endfacet
  facet normal 0 0 1
    outer loop
      vertex 28.7166 26.4 5.8
      vertex 27.5935 25.2268 5.8
      vertex 27.7506 25.1706 5.8
    endloop
  endfacet
  facet normal -0 0 1
    outer loop
      vertex 27.1 26.4 5.8
      vertex 27.5935 25.2268 5.8
      vertex 28.7166 26.4 5.8
    endloop
  endfacet
  facet normal 0 0 1
    outer loop
      vertex 27.5935 25.2268 5.8
      vertex 27.1 26.4 5.8
      vertex 27.4317 25.2673 5.8
    endloop
  endfacet
  facet normal 0 0 1
    outer loop
      vertex 27.4317 25.2673 5.8
      vertex 27.1 26.4 5.8
      vertex 27.2666 25.2918 5.8
    endloop
  endfacet
  facet normal 0 0 1
    outer loop
      vertex 27.2666 25.2918 5.8
      vertex 27.1 26.4 5.8
      vertex 27.1 25.3 5.8
    endloop
  endfacet
  facet normal 0 0 1
    outer loop
      vertex 28.7918 23.4334 5.8
      vertex 30.3332 23.6 5.8
      vertex 28.8 23.6 5.8
    endloop
  endfacet
  facet normal 0 0 1
    outer loop
      vertex 28.7673 23.2683 5.8
      vertex 30.3332 23.6 5.8
      vertex 28.7918 23.4334 5.8
    endloop
  endfacet
  facet normal 0 0 1
    outer loop
      vertex 28.7268 23.1065 5.8
      vertex 30.3332 23.6 5.8
      vertex 28.7673 23.2683 5.8
    endloop
  endfacet
  facet normal 0 0 1
    outer loop
      vertex 28.6706 22.9494 5.8
      vertex 30.3332 23.6 5.8
      vertex 28.7268 23.1065 5.8
    endloop
  endfacet
  facet normal 0 0 1
    outer loop
      vertex 28.5993 22.7986 5.8
      vertex 30.3332 23.6 5.8
      vertex 28.6706 22.9494 5.8
    endloop
  endfacet
  facet normal 0 0 1
    outer loop
      vertex 30.3332 23.6 5.8
      vertex 28.5993 22.7986 5.8
      vertex 28.7166 20.8 5.8
    endloop
  endfacet
  facet normal -0 0 1
    outer loop
      vertex 28.5135 22.6555 5.8
      vertex 28.7166 20.8 5.8
      vertex 28.5993 22.7986 5.8
    endloop
  endfacet
  facet normal -0 0 1
    outer loop
      vertex 28.4141 22.5215 5.8
      vertex 28.7166 20.8 5.8
      vertex 28.5135 22.6555 5.8
    endloop
  endfacet
  facet normal -0 0 1
    outer loop
      vertex 28.3021 22.3979 5.8
      vertex 28.7166 20.8 5.8
      vertex 28.4141 22.5215 5.8
    endloop
  endfacet
  facet normal -0 0 1
    outer loop
      vertex 28.1785 22.2859 5.8
      vertex 28.7166 20.8 5.8
      vertex 28.3021 22.3979 5.8
    endloop
  endfacet
  facet normal -0 0 1
    outer loop
      vertex 28.0445 22.1865 5.8
      vertex 28.7166 20.8 5.8
      vertex 28.1785 22.2859 5.8
    endloop
  endfacet
  facet normal -0 0 1
    outer loop
      vertex 27.9014 22.1007 5.8
      vertex 28.7166 20.8 5.8
      vertex 28.0445 22.1865 5.8
    endloop
  endfacet
  facet normal -0 0 1
    outer loop
      vertex 27.7506 22.0294 5.8
      vertex 28.7166 20.8 5.8
      vertex 27.9014 22.1007 5.8
    endloop
  endfacet
  facet normal -0 0 1
    outer loop
      vertex 27.5935 21.9732 5.8
      vertex 28.7166 20.8 5.8
      vertex 27.7506 22.0294 5.8
    endloop
  endfacet
  facet normal 0 0 1
    outer loop
      vertex 27.1 20.8 5.8
      vertex 27.5935 21.9732 5.8
      vertex 27.4317 21.9327 5.8
    endloop
  endfacet
  facet normal 0 0 1
    outer loop
      vertex 27.1 20.8 5.8
      vertex 27.4317 21.9327 5.8
      vertex 27.2666 21.9082 5.8
    endloop
  endfacet
  facet normal 0 0 1
    outer loop
      vertex 27.1 20.8 5.8
      vertex 27.2666 21.9082 5.8
      vertex 27.1 21.9 5.8
    endloop
  endfacet
  facet normal 0 0 1
    outer loop
      vertex 27.5935 21.9732 5.8
      vertex 27.1 20.8 5.8
      vertex 28.7166 20.8 5.8
    endloop
  endfacet
  facet normal 0 0 1
    outer loop
      vertex 26.9334 21.9082 5.8
      vertex 27.1 20.8 5.8
      vertex 27.1 21.9 5.8
    endloop
  endfacet
  facet normal 0 0 1
    outer loop
      vertex 26.7683 21.9327 5.8
      vertex 27.1 20.8 5.8
      vertex 26.9334 21.9082 5.8
    endloop
  endfacet
  facet normal 0 0 1
    outer loop
      vertex 26.6065 21.9732 5.8
      vertex 27.1 20.8 5.8
      vertex 26.7683 21.9327 5.8
    endloop
  endfacet
  facet normal 0 0 1
    outer loop
      vertex 26.4494 22.0294 5.8
      vertex 27.1 20.8 5.8
      vertex 26.6065 21.9732 5.8
    endloop
  endfacet
  facet normal 0 0 1
    outer loop
      vertex 26.2986 22.1007 5.8
      vertex 27.1 20.8 5.8
      vertex 26.4494 22.0294 5.8
    endloop
  endfacet
  facet normal 0 0 1
    outer loop
      vertex 27.1 20.8 5.8
      vertex 26.2986 22.1007 5.8
      vertex 27.1 20.7 5.8
    endloop
  endfacet
  facet normal 0 0 1
    outer loop
      vertex 23.6624 20.7 5.8
      vertex 26.2986 22.1007 5.8
      vertex 26.1555 22.1865 5.8
    endloop
  endfacet
  facet normal 0 0 1
    outer loop
      vertex 23.6624 20.7 5.8
      vertex 26.1555 22.1865 5.8
      vertex 26.0215 22.2859 5.8
    endloop
  endfacet
  facet normal 0 0 1
    outer loop
      vertex 23.6624 20.7 5.8
      vertex 26.0215 22.2859 5.8
      vertex 25.8979 22.3979 5.8
    endloop
  endfacet
  facet normal 0 0 1
    outer loop
      vertex 23.6624 20.7 5.8
      vertex 25.8979 22.3979 5.8
      vertex 25.7859 22.5215 5.8
    endloop
  endfacet
  facet normal 0 0 1
    outer loop
      vertex 23.6215 20.7452 5.8
      vertex 25.7859 22.5215 5.8
      vertex 25.6865 22.6555 5.8
    endloop
  endfacet
  facet normal 0 0 1
    outer loop
      vertex 25.5294 24.2506 5.8
      vertex 22.9425 25.3221 5.8
      vertex 25.4732 24.0935 5.8
    endloop
  endfacet
  facet normal -0 0 1
    outer loop
      vertex 22.7938 24.9063 5.8
      vertex 25.4732 24.0935 5.8
      vertex 22.9425 25.3221 5.8
    endloop
  endfacet
  facet normal 0 0 1
    outer loop
      vertex 25.4732 24.0935 5.8
      vertex 22.7938 24.9063 5.8
      vertex 25.4327 23.9317 5.8
    endloop
  endfacet
  facet normal -0 0 1
    outer loop
      vertex 22.6865 24.4779 5.8
      vertex 25.4327 23.9317 5.8
      vertex 22.7938 24.9063 5.8
    endloop
  endfacet
  facet normal 0 0 1
    outer loop
      vertex 25.4327 23.9317 5.8
      vertex 22.6865 24.4779 5.8
      vertex 25.4082 23.7666 5.8
    endloop
  endfacet
  facet normal 0 0 1
    outer loop
      vertex 26.2986 22.1007 5.8
      vertex 23.6624 20.7 5.8
      vertex 27.1 20.7 5.8
    endloop
  endfacet
  facet normal 0 0 1
    outer loop
      vertex 23.3584 21.0999 5.8
      vertex 25.6865 22.6555 5.8
      vertex 25.6007 22.7986 5.8
    endloop
  endfacet
  facet normal -0 0 1
    outer loop
      vertex 22.6217 24.0411 5.8
      vertex 25.4082 23.7666 5.8
      vertex 22.6865 24.4779 5.8
    endloop
  endfacet
  facet normal 0 0 1
    outer loop
      vertex 25.4082 23.7666 5.8
      vertex 22.6217 24.0411 5.8
      vertex 25.4 23.6 5.8
    endloop
  endfacet
  facet normal 0 0 1
    outer loop
      vertex 22.6 23.6 5.8
      vertex 25.4 23.6 5.8
      vertex 22.6217 24.0411 5.8
    endloop
  endfacet
  facet normal 0 0 1
    outer loop
      vertex 25.6865 22.6555 5.8
      vertex 23.3584 21.0999 5.8
      vertex 23.6215 20.7452 5.8
    endloop
  endfacet
  facet normal 0 0 1
    outer loop
      vertex 25.7859 22.5215 5.8
      vertex 23.6215 20.7452 5.8
      vertex 23.6624 20.7 5.8
    endloop
  endfacet
  facet normal 0 0 1
    outer loop
      vertex 25.4 23.6 5.8
      vertex 22.6 23.6 5.8
      vertex 25.4082 23.4334 5.8
    endloop
  endfacet
  facet normal 0 0 1
    outer loop
      vertex 25.6007 22.7986 5.8
      vertex 23.1314 21.4787 5.8
      vertex 23.3584 21.0999 5.8
    endloop
  endfacet
  facet normal 0 -0 1
    outer loop
      vertex 22.6217 23.1589 5.8
      vertex 25.4082 23.4334 5.8
      vertex 22.6 23.6 5.8
    endloop
  endfacet
  facet normal 0 0 1
    outer loop
      vertex 25.6007 22.7986 5.8
      vertex 22.9425 21.8779 5.8
      vertex 23.1314 21.4787 5.8
    endloop
  endfacet
  facet normal 0 0 1
    outer loop
      vertex 25.4082 23.4334 5.8
      vertex 22.6217 23.1589 5.8
      vertex 25.4327 23.2683 5.8
    endloop
  endfacet
  facet normal 0 0 1
    outer loop
      vertex 25.5294 22.9494 5.8
      vertex 22.9425 21.8779 5.8
      vertex 25.6007 22.7986 5.8
    endloop
  endfacet
  facet normal 0 -0 1
    outer loop
      vertex 22.6865 22.7221 5.8
      vertex 25.4327 23.2683 5.8
      vertex 22.6217 23.1589 5.8
    endloop
  endfacet
  facet normal 0 -0 1
    outer loop
      vertex 22.9425 21.8779 5.8
      vertex 25.5294 22.9494 5.8
      vertex 22.7938 22.2937 5.8
    endloop
  endfacet
  facet normal 0 0 1
    outer loop
      vertex 25.4327 23.2683 5.8
      vertex 22.6865 22.7221 5.8
      vertex 25.4732 23.1065 5.8
    endloop
  endfacet
  facet normal 0 0 1
    outer loop
      vertex 25.4732 23.1065 5.8
      vertex 22.7938 22.2937 5.8
      vertex 25.5294 22.9494 5.8
    endloop
  endfacet
  facet normal 0 -0 1
    outer loop
      vertex 22.7938 22.2937 5.8
      vertex 25.4732 23.1065 5.8
      vertex 22.6865 22.7221 5.8
    endloop
  endfacet
  facet normal -0.866023 0.500004 0
    outer loop
      vertex 28.7166 20.8 5.8
      vertex 30.3332 23.6 8.3
      vertex 30.3332 23.6 5.8
    endloop
  endfacet
  facet normal -0.866023 0.500004 0
    outer loop
      vertex 30.3332 23.6 8.3
      vertex 28.7166 20.8 5.8
      vertex 28.7166 20.8 8.3
    endloop
  endfacet
  facet normal 0 1 -0
    outer loop
      vertex 28.7166 20.8 5.8
      vertex 27.1 20.8 8.3
      vertex 28.7166 20.8 8.3
    endloop
  endfacet
  facet normal 0 1 0
    outer loop
      vertex 27.1 20.8 8.3
      vertex 28.7166 20.8 5.8
      vertex 27.1 20.8 5.8
    endloop
  endfacet
  facet normal -1 0 0
    outer loop
      vertex 27.1 26.4 5.8
      vertex 27.1 26.5 8.3
      vertex 27.1 26.5 5.8
    endloop
  endfacet
  facet normal -1 -0 0
    outer loop
      vertex 27.1 26.5 8.3
      vertex 27.1 26.4 5.8
      vertex 27.1 26.4 8.3
    endloop
  endfacet
  facet normal -1 0 0
    outer loop
      vertex 27.1 20.7 5.8
      vertex 27.1 20.8 8.3
      vertex 27.1 20.8 5.8
    endloop
  endfacet
  facet normal -1 -0 0
    outer loop
      vertex 27.1 20.8 8.3
      vertex 27.1 20.7 5.8
      vertex 27.1 20.7 8.3
    endloop
  endfacet
  facet normal 0 -1 0
    outer loop
      vertex 23.6624 26.5 5.8
      vertex 27.1 26.5 8.3
      vertex 23.6624 26.5 8.3
    endloop
  endfacet
  facet normal 0 -1 -0
    outer loop
      vertex 27.1 26.5 8.3
      vertex 23.6624 26.5 5.8
      vertex 27.1 26.5 5.8
    endloop
  endfacet
  facet normal 0 1 -0
    outer loop
      vertex 27.1 20.7 5.8
      vertex 23.6624 20.7 8.3
      vertex 27.1 20.7 8.3
    endloop
  endfacet
  facet normal 0 1 0
    outer loop
      vertex 23.6624 20.7 8.3
      vertex 27.1 20.7 5.8
      vertex 23.6624 20.7 5.8
    endloop
  endfacet
  facet normal 0.857652 -0.514231 0
    outer loop
      vertex 25.6007 24.4014 5.8
      vertex 25.6865 24.5445 2.81
      vertex 25.6865 24.5445 5.8
    endloop
  endfacet
  facet normal 0.857652 -0.514231 0
    outer loop
      vertex 25.6865 24.5445 2.81
      vertex 25.6007 24.4014 5.8
      vertex 25.6007 24.4014 2.81
    endloop
  endfacet
  facet normal 0.242818 -0.970072 0
    outer loop
      vertex 26.6065 25.2268 2.81
      vertex 26.7683 25.2673 5.8
      vertex 26.6065 25.2268 5.8
    endloop
  endfacet
  facet normal 0.242818 -0.970072 0
    outer loop
      vertex 26.7683 25.2673 5.8
      vertex 26.6065 25.2268 2.81
      vertex 26.7683 25.2673 2.81
    endloop
  endfacet
  facet normal 0.33683 0.941566 -0
    outer loop
      vertex 26.6065 21.9732 2.81
      vertex 26.4494 22.0294 5.8
      vertex 26.6065 21.9732 5.8
    endloop
  endfacet
  facet normal 0.33683 0.941566 0
    outer loop
      vertex 26.4494 22.0294 5.8
      vertex 26.6065 21.9732 2.81
      vertex 26.4494 22.0294 2.81
    endloop
  endfacet
  facet normal 0.989168 -0.146788 0
    outer loop
      vertex 25.4082 23.7666 5.8
      vertex 25.4327 23.9317 2.81
      vertex 25.4327 23.9317 5.8
    endloop
  endfacet
  facet normal 0.989168 -0.146788 0
    outer loop
      vertex 25.4327 23.9317 2.81
      vertex 25.4082 23.7666 5.8
      vertex 25.4082 23.7666 2.81
    endloop
  endfacet
  facet normal -0.671478 0.741024 0
    outer loop
      vertex 28.3021 22.3979 2.81
      vertex 28.1785 22.2859 5.8
      vertex 28.3021 22.3979 5.8
    endloop
  endfacet
  facet normal -0.671478 0.741024 0
    outer loop
      vertex 28.1785 22.2859 5.8
      vertex 28.3021 22.3979 2.81
      vertex 28.1785 22.2859 2.81
    endloop
  endfacet
  facet normal 0.514231 0.857652 -0
    outer loop
      vertex 26.2986 22.1007 2.81
      vertex 26.1555 22.1865 5.8
      vertex 26.2986 22.1007 5.8
    endloop
  endfacet
  facet normal 0.514231 0.857652 0
    outer loop
      vertex 26.1555 22.1865 5.8
      vertex 26.2986 22.1007 2.81
      vertex 26.1555 22.1865 2.81
    endloop
  endfacet
  facet normal 0.970072 0.242818 0
    outer loop
      vertex 25.4732 23.1065 5.8
      vertex 25.4327 23.2683 2.81
      vertex 25.4327 23.2683 5.8
    endloop
  endfacet
  facet normal 0.970072 0.242818 0
    outer loop
      vertex 25.4327 23.2683 2.81
      vertex 25.4732 23.1065 5.8
      vertex 25.4732 23.1065 2.81
    endloop
  endfacet
  facet normal -0.242818 -0.970072 0
    outer loop
      vertex 27.4317 25.2673 2.81
      vertex 27.5935 25.2268 5.8
      vertex 27.4317 25.2673 5.8
    endloop
  endfacet
  facet normal -0.242818 -0.970072 -0
    outer loop
      vertex 27.5935 25.2268 5.8
      vertex 27.4317 25.2673 2.81
      vertex 27.5935 25.2268 2.81
    endloop
  endfacet
  facet normal 0.941566 -0.33683 0
    outer loop
      vertex 25.4732 24.0935 5.8
      vertex 25.5294 24.2506 2.81
      vertex 25.5294 24.2506 5.8
    endloop
  endfacet
  facet normal 0.941566 -0.33683 0
    outer loop
      vertex 25.5294 24.2506 2.81
      vertex 25.4732 24.0935 5.8
      vertex 25.4732 24.0935 2.81
    endloop
  endfacet
  facet normal -0.941566 0.33683 0
    outer loop
      vertex 28.6706 22.9494 2.81
      vertex 28.7268 23.1065 5.8
      vertex 28.7268 23.1065 2.81
    endloop
  endfacet
  facet normal -0.941566 0.33683 0
    outer loop
      vertex 28.7268 23.1065 5.8
      vertex 28.6706 22.9494 2.81
      vertex 28.6706 22.9494 5.8
    endloop
  endfacet
  facet normal 0.803154 -0.595772 0
    outer loop
      vertex 25.6865 24.5445 5.8
      vertex 25.7859 24.6785 2.81
      vertex 25.7859 24.6785 5.8
    endloop
  endfacet
  facet normal 0.803154 -0.595772 0
    outer loop
      vertex 25.7859 24.6785 2.81
      vertex 25.6865 24.5445 5.8
      vertex 25.6865 24.5445 2.81
    endloop
  endfacet
  facet normal 0 0 1
    outer loop
      vertex 28.7918 23.7666 2.81
      vertex 28.7918 23.4334 2.81
      vertex 28.8 23.6 2.81
    endloop
  endfacet
  facet normal 0 0 1
    outer loop
      vertex 28.7673 23.9317 2.81
      vertex 28.7918 23.4334 2.81
      vertex 28.7918 23.7666 2.81
    endloop
  endfacet
  facet normal 0 0 1
    outer loop
      vertex 28.7673 23.9317 2.81
      vertex 28.7673 23.2683 2.81
      vertex 28.7918 23.4334 2.81
    endloop
  endfacet
  facet normal 0 0 1
    outer loop
      vertex 28.7268 24.0935 2.81
      vertex 28.7673 23.2683 2.81
      vertex 28.7673 23.9317 2.81
    endloop
  endfacet
  facet normal 0 0 1
    outer loop
      vertex 28.7268 24.0935 2.81
      vertex 28.7268 23.1065 2.81
      vertex 28.7673 23.2683 2.81
    endloop
  endfacet
  facet normal 0 0 1
    outer loop
      vertex 28.6706 24.2506 2.81
      vertex 28.7268 23.1065 2.81
      vertex 28.7268 24.0935 2.81
    endloop
  endfacet
  facet normal 0 0 1
    outer loop
      vertex 28.6706 24.2506 2.81
      vertex 28.6706 22.9494 2.81
      vertex 28.7268 23.1065 2.81
    endloop
  endfacet
  facet normal 0 0 1
    outer loop
      vertex 28.5993 24.4014 2.81
      vertex 28.6706 22.9494 2.81
      vertex 28.6706 24.2506 2.81
    endloop
  endfacet
  facet normal 0 0 1
    outer loop
      vertex 28.5993 24.4014 2.81
      vertex 28.5993 22.7986 2.81
      vertex 28.6706 22.9494 2.81
    endloop
  endfacet
  facet normal 0 0 1
    outer loop
      vertex 28.5135 24.5445 2.81
      vertex 28.5993 22.7986 2.81
      vertex 28.5993 24.4014 2.81
    endloop
  endfacet
  facet normal 0 0 1
    outer loop
      vertex 28.5135 24.5445 2.81
      vertex 28.5135 22.6555 2.81
      vertex 28.5993 22.7986 2.81
    endloop
  endfacet
  facet normal 0 0 1
    outer loop
      vertex 28.4141 24.6785 2.81
      vertex 28.5135 22.6555 2.81
      vertex 28.5135 24.5445 2.81
    endloop
  endfacet
  facet normal 0 0 1
    outer loop
      vertex 28.4141 24.6785 2.81
      vertex 28.4141 22.5215 2.81
      vertex 28.5135 22.6555 2.81
    endloop
  endfacet
  facet normal 0 0 1
    outer loop
      vertex 28.3021 24.8021 2.81
      vertex 28.4141 22.5215 2.81
      vertex 28.4141 24.6785 2.81
    endloop
  endfacet
  facet normal 0 0 1
    outer loop
      vertex 28.3021 24.8021 2.81
      vertex 28.3021 22.3979 2.81
      vertex 28.4141 22.5215 2.81
    endloop
  endfacet
  facet normal 0 0 1
    outer loop
      vertex 28.1785 24.9141 2.81
      vertex 28.3021 22.3979 2.81
      vertex 28.3021 24.8021 2.81
    endloop
  endfacet
  facet normal 0 0 1
    outer loop
      vertex 28.1785 24.9141 2.81
      vertex 28.1785 22.2859 2.81
      vertex 28.3021 22.3979 2.81
    endloop
  endfacet
  facet normal 0 0 1
    outer loop
      vertex 28.0445 25.0135 2.81
      vertex 28.1785 22.2859 2.81
      vertex 28.1785 24.9141 2.81
    endloop
  endfacet
  facet normal 0 0 1
    outer loop
      vertex 28.0445 25.0135 2.81
      vertex 28.0445 22.1865 2.81
      vertex 28.1785 22.2859 2.81
    endloop
  endfacet
  facet normal 0 0 1
    outer loop
      vertex 27.9014 25.0993 2.81
      vertex 28.0445 22.1865 2.81
      vertex 28.0445 25.0135 2.81
    endloop
  endfacet
  facet normal 0 0 1
    outer loop
      vertex 27.9014 25.0993 2.81
      vertex 27.9014 22.1007 2.81
      vertex 28.0445 22.1865 2.81
    endloop
  endfacet
  facet normal 0 0 1
    outer loop
      vertex 27.7506 25.1706 2.81
      vertex 27.9014 22.1007 2.81
      vertex 27.9014 25.0993 2.81
    endloop
  endfacet
  facet normal 0 0 1
    outer loop
      vertex 27.7506 25.1706 2.81
      vertex 27.7506 22.0294 2.81
      vertex 27.9014 22.1007 2.81
    endloop
  endfacet
  facet normal 0 0 1
    outer loop
      vertex 27.5935 25.2268 2.81
      vertex 27.7506 22.0294 2.81
      vertex 27.7506 25.1706 2.81
    endloop
  endfacet
  facet normal 0 0 1
    outer loop
      vertex 27.5935 25.2268 2.81
      vertex 27.5935 21.9732 2.81
      vertex 27.7506 22.0294 2.81
    endloop
  endfacet
  facet normal 0 0 1
    outer loop
      vertex 27.4317 25.2673 2.81
      vertex 27.5935 21.9732 2.81
      vertex 27.5935 25.2268 2.81
    endloop
  endfacet
  facet normal 0 0 1
    outer loop
      vertex 27.4317 25.2673 2.81
      vertex 27.4317 21.9327 2.81
      vertex 27.5935 21.9732 2.81
    endloop
  endfacet
  facet normal 0 0 1
    outer loop
      vertex 27.2666 25.2918 2.81
      vertex 27.4317 21.9327 2.81
      vertex 27.4317 25.2673 2.81
    endloop
  endfacet
  facet normal 0 0 1
    outer loop
      vertex 27.2666 25.2918 2.81
      vertex 27.2666 21.9082 2.81
      vertex 27.4317 21.9327 2.81
    endloop
  endfacet
  facet normal 0 0 1
    outer loop
      vertex 27.1 25.3 2.81
      vertex 27.2666 21.9082 2.81
      vertex 27.2666 25.2918 2.81
    endloop
  endfacet
  facet normal 0 0 1
    outer loop
      vertex 27.1 25.3 2.81
      vertex 27.1 21.9 2.81
      vertex 27.2666 21.9082 2.81
    endloop
  endfacet
  facet normal -0 0 1
    outer loop
      vertex 26.9334 25.2918 2.81
      vertex 27.1 21.9 2.81
      vertex 27.1 25.3 2.81
    endloop
  endfacet
  facet normal 0 0 1
    outer loop
      vertex 26.9334 25.2918 2.81
      vertex 26.9334 21.9082 2.81
      vertex 27.1 21.9 2.81
    endloop
  endfacet
  facet normal -0 0 1
    outer loop
      vertex 26.7683 25.2673 2.81
      vertex 26.9334 21.9082 2.81
      vertex 26.9334 25.2918 2.81
    endloop
  endfacet
  facet normal 0 0 1
    outer loop
      vertex 26.7683 25.2673 2.81
      vertex 26.7683 21.9327 2.81
      vertex 26.9334 21.9082 2.81
    endloop
  endfacet
  facet normal -0 0 1
    outer loop
      vertex 26.6065 25.2268 2.81
      vertex 26.7683 21.9327 2.81
      vertex 26.7683 25.2673 2.81
    endloop
  endfacet
  facet normal 0 0 1
    outer loop
      vertex 26.6065 25.2268 2.81
      vertex 26.6065 21.9732 2.81
      vertex 26.7683 21.9327 2.81
    endloop
  endfacet
  facet normal -0 0 1
    outer loop
      vertex 26.4494 25.1706 2.81
      vertex 26.6065 21.9732 2.81
      vertex 26.6065 25.2268 2.81
    endloop
  endfacet
  facet normal 0 0 1
    outer loop
      vertex 26.4494 25.1706 2.81
      vertex 26.4494 22.0294 2.81
      vertex 26.6065 21.9732 2.81
    endloop
  endfacet
  facet normal -0 0 1
    outer loop
      vertex 26.2986 25.0993 2.81
      vertex 26.4494 22.0294 2.81
      vertex 26.4494 25.1706 2.81
    endloop
  endfacet
  facet normal 0 0 1
    outer loop
      vertex 26.2986 25.0993 2.81
      vertex 26.2986 22.1007 2.81
      vertex 26.4494 22.0294 2.81
    endloop
  endfacet
  facet normal -0 0 1
    outer loop
      vertex 26.1555 25.0135 2.81
      vertex 26.2986 22.1007 2.81
      vertex 26.2986 25.0993 2.81
    endloop
  endfacet
  facet normal 0 0 1
    outer loop
      vertex 26.1555 25.0135 2.81
      vertex 26.1555 22.1865 2.81
      vertex 26.2986 22.1007 2.81
    endloop
  endfacet
  facet normal -0 0 1
    outer loop
      vertex 26.0215 24.9141 2.81
      vertex 26.1555 22.1865 2.81
      vertex 26.1555 25.0135 2.81
    endloop
  endfacet
  facet normal 0 0 1
    outer loop
      vertex 26.0215 24.9141 2.81
      vertex 26.0215 22.2859 2.81
      vertex 26.1555 22.1865 2.81
    endloop
  endfacet
  facet normal -0 0 1
    outer loop
      vertex 25.8979 24.8021 2.81
      vertex 26.0215 22.2859 2.81
      vertex 26.0215 24.9141 2.81
    endloop
  endfacet
  facet normal 0 0 1
    outer loop
      vertex 25.8979 24.8021 2.81
      vertex 25.8979 22.3979 2.81
      vertex 26.0215 22.2859 2.81
    endloop
  endfacet
  facet normal -0 0 1
    outer loop
      vertex 25.7859 24.6785 2.81
      vertex 25.8979 22.3979 2.81
      vertex 25.8979 24.8021 2.81
    endloop
  endfacet
  facet normal 0 0 1
    outer loop
      vertex 25.7859 24.6785 2.81
      vertex 25.7859 22.5215 2.81
      vertex 25.8979 22.3979 2.81
    endloop
  endfacet
  facet normal -0 0 1
    outer loop
      vertex 25.6865 24.5445 2.81
      vertex 25.7859 22.5215 2.81
      vertex 25.7859 24.6785 2.81
    endloop
  endfacet
  facet normal 0 0 1
    outer loop
      vertex 25.6865 24.5445 2.81
      vertex 25.6865 22.6555 2.81
      vertex 25.7859 22.5215 2.81
    endloop
  endfacet
  facet normal -0 0 1
    outer loop
      vertex 25.6007 24.4014 2.81
      vertex 25.6865 22.6555 2.81
      vertex 25.6865 24.5445 2.81
    endloop
  endfacet
  facet normal 0 0 1
    outer loop
      vertex 25.6007 24.4014 2.81
      vertex 25.6007 22.7986 2.81
      vertex 25.6865 22.6555 2.81
    endloop
  endfacet
  facet normal -0 0 1
    outer loop
      vertex 25.5294 24.2506 2.81
      vertex 25.6007 22.7986 2.81
      vertex 25.6007 24.4014 2.81
    endloop
  endfacet
  facet normal 0 0 1
    outer loop
      vertex 25.5294 24.2506 2.81
      vertex 25.5294 22.9494 2.81
      vertex 25.6007 22.7986 2.81
    endloop
  endfacet
  facet normal -0 0 1
    outer loop
      vertex 25.4732 24.0935 2.81
      vertex 25.5294 22.9494 2.81
      vertex 25.5294 24.2506 2.81
    endloop
  endfacet
  facet normal 0 0 1
    outer loop
      vertex 25.4732 24.0935 2.81
      vertex 25.4732 23.1065 2.81
      vertex 25.5294 22.9494 2.81
    endloop
  endfacet
  facet normal -0 0 1
    outer loop
      vertex 25.4327 23.9317 2.81
      vertex 25.4732 23.1065 2.81
      vertex 25.4732 24.0935 2.81
    endloop
  endfacet
  facet normal 0 0 1
    outer loop
      vertex 25.4327 23.9317 2.81
      vertex 25.4327 23.2683 2.81
      vertex 25.4732 23.1065 2.81
    endloop
  endfacet
  facet normal -0 0 1
    outer loop
      vertex 25.4082 23.7666 2.81
      vertex 25.4327 23.2683 2.81
      vertex 25.4327 23.9317 2.81
    endloop
  endfacet
  facet normal 0 0 1
    outer loop
      vertex 25.4082 23.7666 2.81
      vertex 25.4082 23.4334 2.81
      vertex 25.4327 23.2683 2.81
    endloop
  endfacet
  facet normal 0 -0 1
    outer loop
      vertex 25.4082 23.4334 2.81
      vertex 25.4082 23.7666 2.81
      vertex 25.4 23.6 2.81
    endloop
  endfacet
  facet normal 0.671478 -0.741024 0
    outer loop
      vertex 25.8979 24.8021 2.81
      vertex 26.0215 24.9141 5.8
      vertex 25.8979 24.8021 5.8
    endloop
  endfacet
  facet normal 0.671478 -0.741024 0
    outer loop
      vertex 26.0215 24.9141 5.8
      vertex 25.8979 24.8021 2.81
      vertex 26.0215 24.9141 2.81
    endloop
  endfacet
  facet normal 0.998791 -0.0491602 0
    outer loop
      vertex 25.4 23.6 5.8
      vertex 25.4082 23.7666 2.81
      vertex 25.4082 23.7666 5.8
    endloop
  endfacet
  facet normal 0.998791 -0.0491602 0
    outer loop
      vertex 25.4082 23.7666 2.81
      vertex 25.4 23.6 5.8
      vertex 25.4 23.6 2.81
    endloop
  endfacet
  facet normal 0.970072 -0.242818 0
    outer loop
      vertex 25.4327 23.9317 5.8
      vertex 25.4732 24.0935 2.81
      vertex 25.4732 24.0935 5.8
    endloop
  endfacet
  facet normal 0.970072 -0.242818 0
    outer loop
      vertex 25.4732 24.0935 2.81
      vertex 25.4327 23.9317 5.8
      vertex 25.4327 23.9317 2.81
    endloop
  endfacet
  facet normal -0.904043 0.427442 0
    outer loop
      vertex 28.5993 22.7986 2.81
      vertex 28.6706 22.9494 5.8
      vertex 28.6706 22.9494 2.81
    endloop
  endfacet
  facet normal -0.904043 0.427442 0
    outer loop
      vertex 28.6706 22.9494 5.8
      vertex 28.5993 22.7986 2.81
      vertex 28.5993 22.7986 5.8
    endloop
  endfacet
  facet normal -0.0491602 -0.998791 0
    outer loop
      vertex 27.1 25.3 2.81
      vertex 27.2666 25.2918 5.8
      vertex 27.1 25.3 5.8
    endloop
  endfacet
  facet normal -0.0491602 -0.998791 -0
    outer loop
      vertex 27.2666 25.2918 5.8
      vertex 27.1 25.3 2.81
      vertex 27.2666 25.2918 2.81
    endloop
  endfacet
  facet normal 0.904043 -0.427442 0
    outer loop
      vertex 25.5294 24.2506 5.8
      vertex 25.6007 24.4014 2.81
      vertex 25.6007 24.4014 5.8
    endloop
  endfacet
  facet normal 0.904043 -0.427442 0
    outer loop
      vertex 25.6007 24.4014 2.81
      vertex 25.5294 24.2506 5.8
      vertex 25.5294 24.2506 2.81
    endloop
  endfacet
  facet normal 0.514231 -0.857652 0
    outer loop
      vertex 26.1555 25.0135 2.81
      vertex 26.2986 25.0993 5.8
      vertex 26.1555 25.0135 5.8
    endloop
  endfacet
  facet normal 0.514231 -0.857652 0
    outer loop
      vertex 26.2986 25.0993 5.8
      vertex 26.1555 25.0135 2.81
      vertex 26.2986 25.0993 2.81
    endloop
  endfacet
  facet normal 0.941566 0.33683 0
    outer loop
      vertex 25.5294 22.9494 5.8
      vertex 25.4732 23.1065 2.81
      vertex 25.4732 23.1065 5.8
    endloop
  endfacet
  facet normal 0.941566 0.33683 0
    outer loop
      vertex 25.4732 23.1065 2.81
      vertex 25.5294 22.9494 5.8
      vertex 25.5294 22.9494 2.81
    endloop
  endfacet
  facet normal -0.998791 -0.0491602 0
    outer loop
      vertex 28.8 23.6 2.81
      vertex 28.7918 23.7666 5.8
      vertex 28.7918 23.7666 2.81
    endloop
  endfacet
  facet normal -0.998791 -0.0491602 0
    outer loop
      vertex 28.7918 23.7666 5.8
      vertex 28.8 23.6 2.81
      vertex 28.8 23.6 5.8
    endloop
  endfacet
  facet normal -0.427442 0.904043 0
    outer loop
      vertex 27.9014 22.1007 2.81
      vertex 27.7506 22.0294 5.8
      vertex 27.9014 22.1007 5.8
    endloop
  endfacet
  facet normal -0.427442 0.904043 0
    outer loop
      vertex 27.7506 22.0294 5.8
      vertex 27.9014 22.1007 2.81
      vertex 27.7506 22.0294 2.81
    endloop
  endfacet
  facet normal 0.427442 -0.904043 0
    outer loop
      vertex 26.2986 25.0993 2.81
      vertex 26.4494 25.1706 5.8
      vertex 26.2986 25.0993 5.8
    endloop
  endfacet
  facet normal 0.427442 -0.904043 0
    outer loop
      vertex 26.4494 25.1706 5.8
      vertex 26.2986 25.0993 2.81
      vertex 26.4494 25.1706 2.81
    endloop
  endfacet
  facet normal -0.803154 0.595772 0
    outer loop
      vertex 28.4141 22.5215 2.81
      vertex 28.5135 22.6555 5.8
      vertex 28.5135 22.6555 2.81
    endloop
  endfacet
  facet normal -0.803154 0.595772 0
    outer loop
      vertex 28.5135 22.6555 5.8
      vertex 28.4141 22.5215 2.81
      vertex 28.4141 22.5215 5.8
    endloop
  endfacet
  facet normal 0.595772 0.803154 -0
    outer loop
      vertex 26.1555 22.1865 2.81
      vertex 26.0215 22.2859 5.8
      vertex 26.1555 22.1865 5.8
    endloop
  endfacet
  facet normal 0.595772 0.803154 0
    outer loop
      vertex 26.0215 22.2859 5.8
      vertex 26.1555 22.1865 2.81
      vertex 26.0215 22.2859 2.81
    endloop
  endfacet
  facet normal -0.514231 -0.857652 0
    outer loop
      vertex 27.9014 25.0993 2.81
      vertex 28.0445 25.0135 5.8
      vertex 27.9014 25.0993 5.8
    endloop
  endfacet
  facet normal -0.514231 -0.857652 -0
    outer loop
      vertex 28.0445 25.0135 5.8
      vertex 27.9014 25.0993 2.81
      vertex 28.0445 25.0135 2.81
    endloop
  endfacet
  facet normal -0.741024 0.671478 0
    outer loop
      vertex 28.3021 22.3979 2.81
      vertex 28.4141 22.5215 5.8
      vertex 28.4141 22.5215 2.81
    endloop
  endfacet
  facet normal -0.741024 0.671478 0
    outer loop
      vertex 28.4141 22.5215 5.8
      vertex 28.3021 22.3979 2.81
      vertex 28.3021 22.3979 5.8
    endloop
  endfacet
  facet normal 0.146788 0.989168 -0
    outer loop
      vertex 26.9334 21.9082 2.81
      vertex 26.7683 21.9327 5.8
      vertex 26.9334 21.9082 5.8
    endloop
  endfacet
  facet normal 0.146788 0.989168 0
    outer loop
      vertex 26.7683 21.9327 5.8
      vertex 26.9334 21.9082 2.81
      vertex 26.7683 21.9327 2.81
    endloop
  endfacet
  facet normal -0.595772 -0.803154 0
    outer loop
      vertex 28.0445 25.0135 2.81
      vertex 28.1785 24.9141 5.8
      vertex 28.0445 25.0135 5.8
    endloop
  endfacet
  facet normal -0.595772 -0.803154 -0
    outer loop
      vertex 28.1785 24.9141 5.8
      vertex 28.0445 25.0135 2.81
      vertex 28.1785 24.9141 2.81
    endloop
  endfacet
  facet normal 0.803154 0.595772 0
    outer loop
      vertex 25.7859 22.5215 5.8
      vertex 25.6865 22.6555 2.81
      vertex 25.6865 22.6555 5.8
    endloop
  endfacet
  facet normal 0.803154 0.595772 0
    outer loop
      vertex 25.6865 22.6555 2.81
      vertex 25.7859 22.5215 5.8
      vertex 25.7859 22.5215 2.81
    endloop
  endfacet
  facet normal 0.33683 -0.941566 0
    outer loop
      vertex 26.4494 25.1706 2.81
      vertex 26.6065 25.2268 5.8
      vertex 26.4494 25.1706 5.8
    endloop
  endfacet
  facet normal 0.33683 -0.941566 0
    outer loop
      vertex 26.6065 25.2268 5.8
      vertex 26.4494 25.1706 2.81
      vertex 26.6065 25.2268 2.81
    endloop
  endfacet
  facet normal 0.671478 0.741024 -0
    outer loop
      vertex 26.0215 22.2859 2.81
      vertex 25.8979 22.3979 5.8
      vertex 26.0215 22.2859 5.8
    endloop
  endfacet
  facet normal 0.671478 0.741024 0
    outer loop
      vertex 25.8979 22.3979 5.8
      vertex 26.0215 22.2859 2.81
      vertex 25.8979 22.3979 2.81
    endloop
  endfacet
  facet normal -0.857652 -0.514231 0
    outer loop
      vertex 28.5993 24.4014 2.81
      vertex 28.5135 24.5445 5.8
      vertex 28.5135 24.5445 2.81
    endloop
  endfacet
  facet normal -0.857652 -0.514231 0
    outer loop
      vertex 28.5135 24.5445 5.8
      vertex 28.5993 24.4014 2.81
      vertex 28.5993 24.4014 5.8
    endloop
  endfacet
  facet normal -0.970072 0.242818 0
    outer loop
      vertex 28.7268 23.1065 2.81
      vertex 28.7673 23.2683 5.8
      vertex 28.7673 23.2683 2.81
    endloop
  endfacet
  facet normal -0.970072 0.242818 0
    outer loop
      vertex 28.7673 23.2683 5.8
      vertex 28.7268 23.1065 2.81
      vertex 28.7268 23.1065 5.8
    endloop
  endfacet
  facet normal 0.741024 0.671478 0
    outer loop
      vertex 25.8979 22.3979 5.8
      vertex 25.7859 22.5215 2.81
      vertex 25.7859 22.5215 5.8
    endloop
  endfacet
  facet normal 0.741024 0.671478 0
    outer loop
      vertex 25.7859 22.5215 2.81
      vertex 25.8979 22.3979 5.8
      vertex 25.8979 22.3979 2.81
    endloop
  endfacet
  facet normal 0.0491602 -0.998791 0
    outer loop
      vertex 26.9334 25.2918 2.81
      vertex 27.1 25.3 5.8
      vertex 26.9334 25.2918 5.8
    endloop
  endfacet
  facet normal 0.0491602 -0.998791 0
    outer loop
      vertex 27.1 25.3 5.8
      vertex 26.9334 25.2918 2.81
      vertex 27.1 25.3 2.81
    endloop
  endfacet
  facet normal -0.989168 0.146788 0
    outer loop
      vertex 28.7673 23.2683 2.81
      vertex 28.7918 23.4334 5.8
      vertex 28.7918 23.4334 2.81
    endloop
  endfacet
  facet normal -0.989168 0.146788 0
    outer loop
      vertex 28.7918 23.4334 5.8
      vertex 28.7673 23.2683 2.81
      vertex 28.7673 23.2683 5.8
    endloop
  endfacet
  facet normal -0.741024 -0.671478 0
    outer loop
      vertex 28.4141 24.6785 2.81
      vertex 28.3021 24.8021 5.8
      vertex 28.3021 24.8021 2.81
    endloop
  endfacet
  facet normal -0.741024 -0.671478 0
    outer loop
      vertex 28.3021 24.8021 5.8
      vertex 28.4141 24.6785 2.81
      vertex 28.4141 24.6785 5.8
    endloop
  endfacet
  facet normal -0.595772 0.803154 0
    outer loop
      vertex 28.1785 22.2859 2.81
      vertex 28.0445 22.1865 5.8
      vertex 28.1785 22.2859 5.8
    endloop
  endfacet
  facet normal -0.595772 0.803154 0
    outer loop
      vertex 28.0445 22.1865 5.8
      vertex 28.1785 22.2859 2.81
      vertex 28.0445 22.1865 2.81
    endloop
  endfacet
  facet normal 0.989168 0.146788 0
    outer loop
      vertex 25.4327 23.2683 5.8
      vertex 25.4082 23.4334 2.81
      vertex 25.4082 23.4334 5.8
    endloop
  endfacet
  facet normal 0.989168 0.146788 0
    outer loop
      vertex 25.4082 23.4334 2.81
      vertex 25.4327 23.2683 5.8
      vertex 25.4327 23.2683 2.81
    endloop
  endfacet
  facet normal 0.998791 0.0491602 0
    outer loop
      vertex 25.4082 23.4334 5.8
      vertex 25.4 23.6 2.81
      vertex 25.4 23.6 5.8
    endloop
  endfacet
  facet normal 0.998791 0.0491602 0
    outer loop
      vertex 25.4 23.6 2.81
      vertex 25.4082 23.4334 5.8
      vertex 25.4082 23.4334 2.81
    endloop
  endfacet
  facet normal 0.146788 -0.989168 0
    outer loop
      vertex 26.7683 25.2673 2.81
      vertex 26.9334 25.2918 5.8
      vertex 26.7683 25.2673 5.8
    endloop
  endfacet
  facet normal 0.146788 -0.989168 0
    outer loop
      vertex 26.9334 25.2918 5.8
      vertex 26.7683 25.2673 2.81
      vertex 26.9334 25.2918 2.81
    endloop
  endfacet
  facet normal -0.0491602 0.998791 0
    outer loop
      vertex 27.2666 21.9082 2.81
      vertex 27.1 21.9 5.8
      vertex 27.2666 21.9082 5.8
    endloop
  endfacet
  facet normal -0.0491602 0.998791 0
    outer loop
      vertex 27.1 21.9 5.8
      vertex 27.2666 21.9082 2.81
      vertex 27.1 21.9 2.81
    endloop
  endfacet
  facet normal -0.989168 -0.146788 0
    outer loop
      vertex 28.7918 23.7666 2.81
      vertex 28.7673 23.9317 5.8
      vertex 28.7673 23.9317 2.81
    endloop
  endfacet
  facet normal -0.989168 -0.146788 0
    outer loop
      vertex 28.7673 23.9317 5.8
      vertex 28.7918 23.7666 2.81
      vertex 28.7918 23.7666 5.8
    endloop
  endfacet
  facet normal 0.0491602 0.998791 -0
    outer loop
      vertex 27.1 21.9 2.81
      vertex 26.9334 21.9082 5.8
      vertex 27.1 21.9 5.8
    endloop
  endfacet
  facet normal 0.0491602 0.998791 0
    outer loop
      vertex 26.9334 21.9082 5.8
      vertex 27.1 21.9 2.81
      vertex 26.9334 21.9082 2.81
    endloop
  endfacet
  facet normal -0.146788 0.989168 0
    outer loop
      vertex 27.4317 21.9327 2.81
      vertex 27.2666 21.9082 5.8
      vertex 27.4317 21.9327 5.8
    endloop
  endfacet
  facet normal -0.146788 0.989168 0
    outer loop
      vertex 27.2666 21.9082 5.8
      vertex 27.4317 21.9327 2.81
      vertex 27.2666 21.9082 2.81
    endloop
  endfacet
  facet normal -0.514231 0.857652 0
    outer loop
      vertex 28.0445 22.1865 2.81
      vertex 27.9014 22.1007 5.8
      vertex 28.0445 22.1865 5.8
    endloop
  endfacet
  facet normal -0.514231 0.857652 0
    outer loop
      vertex 27.9014 22.1007 5.8
      vertex 28.0445 22.1865 2.81
      vertex 27.9014 22.1007 2.81
    endloop
  endfacet
  facet normal 0.427442 0.904043 -0
    outer loop
      vertex 26.4494 22.0294 2.81
      vertex 26.2986 22.1007 5.8
      vertex 26.4494 22.0294 5.8
    endloop
  endfacet
  facet normal 0.427442 0.904043 0
    outer loop
      vertex 26.2986 22.1007 5.8
      vertex 26.4494 22.0294 2.81
      vertex 26.2986 22.1007 2.81
    endloop
  endfacet
  facet normal -0.671478 -0.741024 0
    outer loop
      vertex 28.1785 24.9141 2.81
      vertex 28.3021 24.8021 5.8
      vertex 28.1785 24.9141 5.8
    endloop
  endfacet
  facet normal -0.671478 -0.741024 -0
    outer loop
      vertex 28.3021 24.8021 5.8
      vertex 28.1785 24.9141 2.81
      vertex 28.3021 24.8021 2.81
    endloop
  endfacet
  facet normal -0.427442 -0.904043 0
    outer loop
      vertex 27.7506 25.1706 2.81
      vertex 27.9014 25.0993 5.8
      vertex 27.7506 25.1706 5.8
    endloop
  endfacet
  facet normal -0.427442 -0.904043 -0
    outer loop
      vertex 27.9014 25.0993 5.8
      vertex 27.7506 25.1706 2.81
      vertex 27.9014 25.0993 2.81
    endloop
  endfacet
  facet normal 0.595772 -0.803154 0
    outer loop
      vertex 26.0215 24.9141 2.81
      vertex 26.1555 25.0135 5.8
      vertex 26.0215 24.9141 5.8
    endloop
  endfacet
  facet normal 0.595772 -0.803154 0
    outer loop
      vertex 26.1555 25.0135 5.8
      vertex 26.0215 24.9141 2.81
      vertex 26.1555 25.0135 2.81
    endloop
  endfacet
  facet normal -0.146788 -0.989168 0
    outer loop
      vertex 27.2666 25.2918 2.81
      vertex 27.4317 25.2673 5.8
      vertex 27.2666 25.2918 5.8
    endloop
  endfacet
  facet normal -0.146788 -0.989168 -0
    outer loop
      vertex 27.4317 25.2673 5.8
      vertex 27.2666 25.2918 2.81
      vertex 27.4317 25.2673 2.81
    endloop
  endfacet
  facet normal -0.33683 -0.941566 0
    outer loop
      vertex 27.5935 25.2268 2.81
      vertex 27.7506 25.1706 5.8
      vertex 27.5935 25.2268 5.8
    endloop
  endfacet
  facet normal -0.33683 -0.941566 -0
    outer loop
      vertex 27.7506 25.1706 5.8
      vertex 27.5935 25.2268 2.81
      vertex 27.7506 25.1706 2.81
    endloop
  endfacet
  facet normal 0.741024 -0.671478 0
    outer loop
      vertex 25.7859 24.6785 5.8
      vertex 25.8979 24.8021 2.81
      vertex 25.8979 24.8021 5.8
    endloop
  endfacet
  facet normal 0.741024 -0.671478 0
    outer loop
      vertex 25.8979 24.8021 2.81
      vertex 25.7859 24.6785 5.8
      vertex 25.7859 24.6785 2.81
    endloop
  endfacet
  facet normal -0.998791 0.0491602 0
    outer loop
      vertex 28.7918 23.4334 2.81
      vertex 28.8 23.6 5.8
      vertex 28.8 23.6 2.81
    endloop
  endfacet
  facet normal -0.998791 0.0491602 0
    outer loop
      vertex 28.8 23.6 5.8
      vertex 28.7918 23.4334 2.81
      vertex 28.7918 23.4334 5.8
    endloop
  endfacet
  facet normal -0.857652 0.514231 0
    outer loop
      vertex 28.5135 22.6555 2.81
      vertex 28.5993 22.7986 5.8
      vertex 28.5993 22.7986 2.81
    endloop
  endfacet
  facet normal -0.857652 0.514231 0
    outer loop
      vertex 28.5993 22.7986 5.8
      vertex 28.5135 22.6555 2.81
      vertex 28.5135 22.6555 5.8
    endloop
  endfacet
  facet normal -0.941566 -0.33683 0
    outer loop
      vertex 28.7268 24.0935 2.81
      vertex 28.6706 24.2506 5.8
      vertex 28.6706 24.2506 2.81
    endloop
  endfacet
  facet normal -0.941566 -0.33683 0
    outer loop
      vertex 28.6706 24.2506 5.8
      vertex 28.7268 24.0935 2.81
      vertex 28.7268 24.0935 5.8
    endloop
  endfacet
  facet normal 0.242818 0.970072 -0
    outer loop
      vertex 26.7683 21.9327 2.81
      vertex 26.6065 21.9732 5.8
      vertex 26.7683 21.9327 5.8
    endloop
  endfacet
  facet normal 0.242818 0.970072 0
    outer loop
      vertex 26.6065 21.9732 5.8
      vertex 26.7683 21.9327 2.81
      vertex 26.6065 21.9732 2.81
    endloop
  endfacet
  facet normal 0.857652 0.514231 0
    outer loop
      vertex 25.6865 22.6555 5.8
      vertex 25.6007 22.7986 2.81
      vertex 25.6007 22.7986 5.8
    endloop
  endfacet
  facet normal 0.857652 0.514231 0
    outer loop
      vertex 25.6007 22.7986 2.81
      vertex 25.6865 22.6555 5.8
      vertex 25.6865 22.6555 2.81
    endloop
  endfacet
  facet normal 0.904043 0.427442 0
    outer loop
      vertex 25.6007 22.7986 5.8
      vertex 25.5294 22.9494 2.81
      vertex 25.5294 22.9494 5.8
    endloop
  endfacet
  facet normal 0.904043 0.427442 0
    outer loop
      vertex 25.5294 22.9494 2.81
      vertex 25.6007 22.7986 5.8
      vertex 25.6007 22.7986 2.81
    endloop
  endfacet
  facet normal -0.33683 0.941566 0
    outer loop
      vertex 27.7506 22.0294 2.81
      vertex 27.5935 21.9732 5.8
      vertex 27.7506 22.0294 5.8
    endloop
  endfacet
  facet normal -0.33683 0.941566 0
    outer loop
      vertex 27.5935 21.9732 5.8
      vertex 27.7506 22.0294 2.81
      vertex 27.5935 21.9732 2.81
    endloop
  endfacet
  facet normal -0.970072 -0.242818 0
    outer loop
      vertex 28.7673 23.9317 2.81
      vertex 28.7268 24.0935 5.8
      vertex 28.7268 24.0935 2.81
    endloop
  endfacet
  facet normal -0.970072 -0.242818 0
    outer loop
      vertex 28.7268 24.0935 5.8
      vertex 28.7673 23.9317 2.81
      vertex 28.7673 23.9317 5.8
    endloop
  endfacet
  facet normal -0.242818 0.970072 0
    outer loop
      vertex 27.5935 21.9732 2.81
      vertex 27.4317 21.9327 5.8
      vertex 27.5935 21.9732 5.8
    endloop
  endfacet
  facet normal -0.242818 0.970072 0
    outer loop
      vertex 27.4317 21.9327 5.8
      vertex 27.5935 21.9732 2.81
      vertex 27.4317 21.9327 2.81
    endloop
  endfacet
  facet normal -0.803154 -0.595772 0
    outer loop
      vertex 28.5135 24.5445 2.81
      vertex 28.4141 24.6785 5.8
      vertex 28.4141 24.6785 2.81
    endloop
  endfacet
  facet normal -0.803154 -0.595772 0
    outer loop
      vertex 28.4141 24.6785 5.8
      vertex 28.5135 24.5445 2.81
      vertex 28.5135 24.5445 5.8
    endloop
  endfacet
  facet normal -0.904043 -0.427442 0
    outer loop
      vertex 28.6706 24.2506 2.81
      vertex 28.5993 24.4014 5.8
      vertex 28.5993 24.4014 2.81
    endloop
  endfacet
  facet normal -0.904043 -0.427442 0
    outer loop
      vertex 28.5993 24.4014 5.8
      vertex 28.6706 24.2506 2.81
      vertex 28.6706 24.2506 5.8
    endloop
  endfacet
  facet normal 0.696542 -0.541755 0.470459
    outer loop
      vertex 25.1709 25.1817 9.8
      vertex 25.7859 24.6785 8.31
      vertex 25.1716 25.1826 9.8
    endloop
  endfacet
  facet normal 0.708849 -0.525818 0.470157
    outer loop
      vertex 25.7859 24.6785 8.31
      vertex 25.1709 25.1817 9.8
      vertex 25.6865 24.5445 8.31
    endloop
  endfacet
  facet normal -0.377376 -0.797849 0.470133
    outer loop
      vertex 28.0557 25.9043 9.8
      vertex 27.9014 25.0993 8.31
      vertex 28.276 25.8001 9.8
    endloop
  endfacet
  facet normal 0.87952 -0.0799563 0.469097
    outer loop
      vertex 25.4 23.6 8.31
      vertex 24.6054 23.6011 9.8
      vertex 24.6053 23.6 9.8
    endloop
  endfacet
  facet normal 0.881525 -0.0433884 0.470139
    outer loop
      vertex 24.6054 23.6011 9.8
      vertex 25.4 23.6 8.31
      vertex 25.4082 23.7666 8.31
    endloop
  endfacet
  facet normal 0.881523 -0.0430983 0.47017
    outer loop
      vertex 24.6173 23.8445 9.8
      vertex 24.6054 23.6011 9.8
      vertex 25.4082 23.7666 8.31
    endloop
  endfacet
  facet normal 0.83101 0.297281 0.470155
    outer loop
      vertex 24.7131 22.8748 9.8
      vertex 24.7952 22.6453 9.8
      vertex 25.5294 22.9494 8.31
    endloop
  endfacet
  facet normal -0.873003 -0.129629 0.470172
    outer loop
      vertex 29.5469 24.0856 9.8
      vertex 28.7918 23.7666 8.31
      vertex 29.5827 23.8445 9.8
    endloop
  endfacet
  facet normal -0.525895 0.708799 0.470147
    outer loop
      vertex 28.1785 22.2859 8.31
      vertex 28.4869 21.5264 9.8
      vertex 28.6826 21.6716 9.8
    endloop
  endfacet
  facet normal -0.377376 0.797849 0.470133
    outer loop
      vertex 27.9014 22.1007 8.31
      vertex 28.0557 21.2957 9.8
      vertex 28.276 21.3999 9.8
    endloop
  endfacet
  facet normal -0.797849 0.377376 0.470133
    outer loop
      vertex 28.5993 22.7986 8.31
      vertex 29.3001 22.424 9.8
      vertex 29.4043 22.6443 9.8
    endloop
  endfacet
  facet normal -0.0434599 0.881511 0.470159
    outer loop
      vertex 27.1 21.9 8.31
      vertex 27.1 21.1053 9.8
      vertex 27.3434 21.1173 9.8
    endloop
  endfacet
  facet normal -0.856174 0.214308 0.470147
    outer loop
      vertex 28.7268 23.1065 8.31
      vertex 29.5467 23.1133 9.8
      vertex 28.7673 23.2683 8.31
    endloop
  endfacet
  facet normal -0.865504 0.157364 0.475541
    outer loop
      vertex 29.5467 23.1133 9.8
      vertex 28.7268 23.1065 8.31
      vertex 29.5465 23.1122 9.8
    endloop
  endfacet
  facet normal 0.708977 0.525665 0.470136
    outer loop
      vertex 25.0258 22.214 9.8
      vertex 25.1709 22.0183 9.8
      vertex 25.6865 22.6555 8.31
    endloop
  endfacet
  facet normal -0.59264 -0.65402 0.470144
    outer loop
      vertex 28.3021 24.8021 8.31
      vertex 28.6826 25.5284 9.8
      vertex 28.1785 24.9141 8.31
    endloop
  endfacet
  facet normal -0.58063 -0.663577 0.471735
    outer loop
      vertex 28.6826 25.5284 9.8
      vertex 28.3021 24.8021 8.31
      vertex 28.6834 25.5277 9.8
    endloop
  endfacet
  facet normal 0.736563 -0.491042 0.465138
    outer loop
      vertex 24.8999 24.776 9.8
      vertex 25.6865 24.5445 8.31
      vertex 24.9005 24.7769 9.8
    endloop
  endfacet
  facet normal 0.756961 -0.453859 0.47013
    outer loop
      vertex 25.6865 24.5445 8.31
      vertex 24.8999 24.776 9.8
      vertex 25.6007 24.4014 8.31
    endloop
  endfacet
  facet normal 0.757076 0.453666 0.47013
    outer loop
      vertex 24.9005 22.4231 9.8
      vertex 25.0258 22.214 9.8
      vertex 25.6865 22.6555 8.31
    endloop
  endfacet
  facet normal -0.732452 -0.488301 0.474422
    outer loop
      vertex 28.4141 24.6785 8.31
      vertex 29.1742 24.986 9.8
      vertex 29.1736 24.9869 9.8
    endloop
  endfacet
  facet normal -0.70886 -0.525826 0.470132
    outer loop
      vertex 29.1742 24.986 9.8
      vertex 28.4141 24.6785 8.31
      vertex 28.5135 24.5445 8.31
    endloop
  endfacet
  facet normal 0.831023 0.297285 0.47013
    outer loop
      vertex 24.7128 22.8758 9.8
      vertex 25.5294 22.9494 8.31
      vertex 25.4732 23.1065 8.31
    endloop
  endfacet
  facet normal 0.843102 0.25293 0.474559
    outer loop
      vertex 25.5294 22.9494 8.31
      vertex 24.7128 22.8758 9.8
      vertex 24.7131 22.8748 9.8
    endloop
  endfacet
  facet normal -0.797892 0.377253 0.470158
    outer loop
      vertex 28.5993 22.7986 8.31
      vertex 29.4048 22.6453 9.8
      vertex 28.6706 22.9494 8.31
    endloop
  endfacet
  facet normal -0.790441 0.395221 0.467978
    outer loop
      vertex 29.4048 22.6453 9.8
      vertex 28.5993 22.7986 8.31
      vertex 29.4043 22.6443 9.8
    endloop
  endfacet
  facet normal -0.757076 0.453666 0.47013
    outer loop
      vertex 28.5135 22.6555 8.31
      vertex 29.1742 22.214 9.8
      vertex 29.2995 22.4231 9.8
    endloop
  endfacet
  facet normal 0.525895 0.708799 0.470147
    outer loop
      vertex 25.5174 21.6716 9.8
      vertex 25.7131 21.5264 9.8
      vertex 26.0215 22.2859 8.31
    endloop
  endfacet
  facet normal 0.157845 -0.868147 0.470537
    outer loop
      vertex 26.7683 25.2673 8.31
      vertex 26.6144 26.0469 9.8
      vertex 26.6133 26.0467 9.8
    endloop
  endfacet
  facet normal 0.129552 -0.873019 0.470164
    outer loop
      vertex 26.6144 26.0469 9.8
      vertex 26.7683 25.2673 8.31
      vertex 26.9334 25.2918 8.31
    endloop
  endfacet
  facet normal 0.843102 -0.25293 0.474559
    outer loop
      vertex 24.7128 24.3242 9.8
      vertex 25.5294 24.2506 8.31
      vertex 24.7131 24.3252 9.8
    endloop
  endfacet
  facet normal 0.831023 -0.297285 0.47013
    outer loop
      vertex 25.5294 24.2506 8.31
      vertex 24.7128 24.3242 9.8
      vertex 25.4732 24.0935 8.31
    endloop
  endfacet
  facet normal 0.129552 0.873019 0.470164
    outer loop
      vertex 26.7683 21.9327 8.31
      vertex 26.6144 21.1531 9.8
      vertex 26.9334 21.9082 8.31
    endloop
  endfacet
  facet normal 0.157845 0.868147 0.470537
    outer loop
      vertex 26.6144 21.1531 9.8
      vertex 26.7683 21.9327 8.31
      vertex 26.6133 21.1533 9.8
    endloop
  endfacet
  facet normal 0.2144 -0.856152 0.470145
    outer loop
      vertex 26.6133 26.0467 9.8
      vertex 26.3769 25.9875 9.8
      vertex 26.7683 25.2673 8.31
    endloop
  endfacet
  facet normal -0.881519 0.0433881 0.470151
    outer loop
      vertex 28.7918 23.4334 8.31
      vertex 29.5827 23.3566 9.8
      vertex 28.8 23.6 8.31
    endloop
  endfacet
  facet normal -0.883278 0 0.468849
    outer loop
      vertex 29.5827 23.3566 9.8
      vertex 28.7918 23.4334 8.31
      vertex 29.5827 23.3555 9.8
    endloop
  endfacet
  facet normal -0.58063 0.663577 0.471735
    outer loop
      vertex 28.3021 22.3979 8.31
      vertex 28.6826 21.6716 9.8
      vertex 28.6834 21.6723 9.8
    endloop
  endfacet
  facet normal -0.59264 0.65402 0.470144
    outer loop
      vertex 28.6826 21.6716 9.8
      vertex 28.3021 22.3979 8.31
      vertex 28.1785 22.2859 8.31
    endloop
  endfacet
  facet normal -0.797838 -0.377371 0.470155
    outer loop
      vertex 29.3006 24.775 9.8
      vertex 28.6706 24.2506 8.31
      vertex 29.4048 24.5547 9.8
    endloop
  endfacet
  facet normal -0.830983 0.297401 0.470127
    outer loop
      vertex 28.7268 23.1065 8.31
      vertex 29.4051 22.6464 9.8
      vertex 29.4872 22.8758 9.8
    endloop
  endfacet
  facet normal -0.453666 0.757076 0.47013
    outer loop
      vertex 28.0445 22.1865 8.31
      vertex 28.2769 21.4005 9.8
      vertex 28.486 21.5258 9.8
    endloop
  endfacet
  facet normal -0.297401 0.830983 0.470127
    outer loop
      vertex 27.5935 21.9732 8.31
      vertex 27.8242 21.2128 9.8
      vertex 28.0536 21.2949 9.8
    endloop
  endfacet
  facet normal 0.453859 0.756961 0.47013
    outer loop
      vertex 26.1555 22.1865 8.31
      vertex 25.924 21.3999 9.8
      vertex 26.2986 22.1007 8.31
    endloop
  endfacet
  facet normal 0.491042 0.736563 0.465138
    outer loop
      vertex 25.924 21.3999 9.8
      vertex 26.1555 22.1865 8.31
      vertex 25.9231 21.4005 9.8
    endloop
  endfacet
  facet normal -0.297285 -0.831023 0.47013
    outer loop
      vertex 27.7506 25.1706 8.31
      vertex 27.8242 25.9872 9.8
      vertex 27.5935 25.2268 8.31
    endloop
  endfacet
  facet normal -0.25293 -0.843102 0.474559
    outer loop
      vertex 27.8242 25.9872 9.8
      vertex 27.7506 25.1706 8.31
      vertex 27.8252 25.9869 9.8
    endloop
  endfacet
  facet normal 0.525826 0.70886 0.470132
    outer loop
      vertex 26.0215 22.2859 8.31
      vertex 25.714 21.5258 9.8
      vertex 26.1555 22.1865 8.31
    endloop
  endfacet
  facet normal 0.488301 0.732452 0.474422
    outer loop
      vertex 25.714 21.5258 9.8
      vertex 26.0215 22.2859 8.31
      vertex 25.7131 21.5264 9.8
    endloop
  endfacet
  facet normal -0.491042 0.736563 0.465138
    outer loop
      vertex 28.0445 22.1865 8.31
      vertex 28.276 21.3999 9.8
      vertex 28.2769 21.4005 9.8
    endloop
  endfacet
  facet normal -0.453859 0.756961 0.47013
    outer loop
      vertex 28.276 21.3999 9.8
      vertex 28.0445 22.1865 8.31
      vertex 27.9014 22.1007 8.31
    endloop
  endfacet
  facet normal 0.0433884 -0.881525 0.470139
    outer loop
      vertex 27.1 25.3 8.31
      vertex 27.0989 26.0946 9.8
      vertex 26.9334 25.2918 8.31
    endloop
  endfacet
  facet normal 0.0799563 -0.87952 0.469097
    outer loop
      vertex 27.0989 26.0946 9.8
      vertex 27.1 25.3 8.31
      vertex 27.1 26.0947 9.8
    endloop
  endfacet
  facet normal 0.868147 -0.157845 0.470537
    outer loop
      vertex 24.6531 24.0856 9.8
      vertex 25.4327 23.9317 8.31
      vertex 24.6533 24.0867 9.8
    endloop
  endfacet
  facet normal 0.873019 -0.129552 0.470164
    outer loop
      vertex 25.4327 23.9317 8.31
      vertex 24.6531 24.0856 9.8
      vertex 25.4082 23.7666 8.31
    endloop
  endfacet
  facet normal 0.873003 -0.129629 0.470172
    outer loop
      vertex 24.6531 24.0856 9.8
      vertex 24.6173 23.8445 9.8
      vertex 25.4082 23.7666 8.31
    endloop
  endfacet
  facet normal 0.453666 0.757076 0.47013
    outer loop
      vertex 25.714 21.5258 9.8
      vertex 25.9231 21.4005 9.8
      vertex 26.1555 22.1865 8.31
    endloop
  endfacet
  facet normal 0.756961 0.453859 0.47013
    outer loop
      vertex 24.8999 22.424 9.8
      vertex 25.6865 22.6555 8.31
      vertex 25.6007 22.7986 8.31
    endloop
  endfacet
  facet normal 0.736563 0.491042 0.465138
    outer loop
      vertex 25.6865 22.6555 8.31
      vertex 24.8999 22.424 9.8
      vertex 24.9005 22.4231 9.8
    endloop
  endfacet
  facet normal 0.59274 -0.653933 0.470138
    outer loop
      vertex 25.5166 25.5277 9.8
      vertex 25.336 25.364 9.8
      vertex 25.8979 24.8021 8.31
    endloop
  endfacet
  facet normal -0.653933 0.59274 0.470138
    outer loop
      vertex 28.3021 22.3979 8.31
      vertex 28.864 21.836 9.8
      vertex 29.0277 22.0166 9.8
    endloop
  endfacet
  facet normal 0.25293 -0.843102 0.474559
    outer loop
      vertex 26.4494 25.1706 8.31
      vertex 26.3758 25.9872 9.8
      vertex 26.3748 25.9869 9.8
    endloop
  endfacet
  facet normal 0.297285 -0.831023 0.47013
    outer loop
      vertex 26.3758 25.9872 9.8
      vertex 26.4494 25.1706 8.31
      vertex 26.6065 25.2268 8.31
    endloop
  endfacet
  facet normal 0.0434599 0.881511 0.470159
    outer loop
      vertex 27.1 21.9 8.31
      vertex 26.8566 21.1173 9.8
      vertex 27.1 21.1053 9.8
    endloop
  endfacet
  facet normal 0.59274 0.653933 0.470138
    outer loop
      vertex 25.336 21.836 9.8
      vertex 25.5166 21.6723 9.8
      vertex 25.8979 22.3979 8.31
    endloop
  endfacet
  facet normal 0.297401 0.830983 0.470127
    outer loop
      vertex 26.1464 21.2949 9.8
      vertex 26.3758 21.2128 9.8
      vertex 26.6065 21.9732 8.31
    endloop
  endfacet
  facet normal -0.525665 -0.708977 0.470136
    outer loop
      vertex 28.486 25.6742 9.8
      vertex 28.0445 25.0135 8.31
      vertex 28.6817 25.5291 9.8
    endloop
  endfacet
  facet normal 0.297288 0.831031 0.470114
    outer loop
      vertex 26.4494 22.0294 8.31
      vertex 26.1464 21.2949 9.8
      vertex 26.6065 21.9732 8.31
    endloop
  endfacet
  facet normal 0.232571 0.85276 0.467665
    outer loop
      vertex 26.1464 21.2949 9.8
      vertex 26.4494 22.0294 8.31
      vertex 26.1453 21.2952 9.8
    endloop
  endfacet
  facet normal -0.297281 -0.83101 0.470155
    outer loop
      vertex 27.8252 25.9869 9.8
      vertex 27.7506 25.1706 8.31
      vertex 28.0547 25.9048 9.8
    endloop
  endfacet
  facet normal -0.377253 -0.797892 0.470158
    outer loop
      vertex 27.9014 25.0993 8.31
      vertex 28.0547 25.9048 9.8
      vertex 27.7506 25.1706 8.31
    endloop
  endfacet
  facet normal -0.395221 -0.790441 0.467978
    outer loop
      vertex 28.0547 25.9048 9.8
      vertex 27.9014 25.0993 8.31
      vertex 28.0557 25.9043 9.8
    endloop
  endfacet
  facet normal 0.653933 -0.59274 0.470138
    outer loop
      vertex 25.336 25.364 9.8
      vertex 25.1723 25.1834 9.8
      vertex 25.8979 24.8021 8.31
    endloop
  endfacet
  facet normal -0.0430983 -0.881523 0.47017
    outer loop
      vertex 27.1011 26.0946 9.8
      vertex 27.2666 25.2918 8.31
      vertex 27.3445 26.0827 9.8
    endloop
  endfacet
  facet normal 0.851347 -0.232186 0.470423
    outer loop
      vertex 24.7125 24.3231 9.8
      vertex 25.4732 24.0935 8.31
      vertex 24.7128 24.3242 9.8
    endloop
  endfacet
  facet normal 0.85618 -0.21431 0.470135
    outer loop
      vertex 25.4732 24.0935 8.31
      vertex 24.7125 24.3231 9.8
      vertex 25.4327 23.9317 8.31
    endloop
  endfacet
  facet normal 0.797849 0.377376 0.470133
    outer loop
      vertex 24.7957 22.6443 9.8
      vertex 24.8999 22.424 9.8
      vertex 25.6007 22.7986 8.31
    endloop
  endfacet
  facet normal 0.856152 -0.2144 0.470145
    outer loop
      vertex 24.7125 24.3231 9.8
      vertex 24.6533 24.0867 9.8
      vertex 25.4327 23.9317 8.31
    endloop
  endfacet
  facet normal 0.377371 0.797838 0.470155
    outer loop
      vertex 25.925 21.3994 9.8
      vertex 26.1453 21.2952 9.8
      vertex 26.4494 22.0294 8.31
    endloop
  endfacet
  facet normal 0.653933 0.59274 0.470138
    outer loop
      vertex 25.1723 22.0166 9.8
      vertex 25.336 21.836 9.8
      vertex 25.8979 22.3979 8.31
    endloop
  endfacet
  facet normal 0.377257 0.7979 0.470141
    outer loop
      vertex 26.2986 22.1007 8.31
      vertex 25.925 21.3994 9.8
      vertex 26.4494 22.0294 8.31
    endloop
  endfacet
  facet normal 0.394636 0.789272 0.470438
    outer loop
      vertex 25.925 21.3994 9.8
      vertex 26.2986 22.1007 8.31
      vertex 25.924 21.3999 9.8
    endloop
  endfacet
  facet normal 0.881523 0.0430983 0.47017
    outer loop
      vertex 24.6054 23.5989 9.8
      vertex 24.6173 23.3555 9.8
      vertex 25.4082 23.4334 8.31
    endloop
  endfacet
  facet normal 0.87952 0.0799563 0.469097
    outer loop
      vertex 24.6054 23.5989 9.8
      vertex 25.4 23.6 8.31
      vertex 24.6053 23.6 9.8
    endloop
  endfacet
  facet normal 0.881525 0.0433884 0.470139
    outer loop
      vertex 25.4 23.6 8.31
      vertex 24.6054 23.5989 9.8
      vertex 25.4082 23.4334 8.31
    endloop
  endfacet
  facet normal 0.708977 -0.525665 0.470136
    outer loop
      vertex 25.1709 25.1817 9.8
      vertex 25.0258 24.986 9.8
      vertex 25.6865 24.5445 8.31
    endloop
  endfacet
  facet normal -0.757076 -0.453666 0.47013
    outer loop
      vertex 29.1742 24.986 9.8
      vertex 28.5135 24.5445 8.31
      vertex 29.2995 24.7769 9.8
    endloop
  endfacet
  facet normal 0.59264 0.65402 0.470144
    outer loop
      vertex 25.8979 22.3979 8.31
      vertex 25.5174 21.6716 9.8
      vertex 26.0215 22.2859 8.31
    endloop
  endfacet
  facet normal 0.58063 0.663577 0.471735
    outer loop
      vertex 25.5174 21.6716 9.8
      vertex 25.8979 22.3979 8.31
      vertex 25.5166 21.6723 9.8
    endloop
  endfacet
  facet normal 0.83101 -0.297281 0.470155
    outer loop
      vertex 24.7952 24.5547 9.8
      vertex 24.7131 24.3252 9.8
      vertex 25.5294 24.2506 8.31
    endloop
  endfacet
  facet normal 0.789272 -0.394636 0.470438
    outer loop
      vertex 24.8994 24.775 9.8
      vertex 25.6007 24.4014 8.31
      vertex 24.8999 24.776 9.8
    endloop
  endfacet
  facet normal 0.7979 -0.377257 0.470141
    outer loop
      vertex 25.6007 24.4014 8.31
      vertex 24.8994 24.775 9.8
      vertex 25.5294 24.2506 8.31
    endloop
  endfacet
  facet normal -0.708799 0.525895 0.470147
    outer loop
      vertex 28.4141 22.5215 8.31
      vertex 29.0284 22.0174 9.8
      vertex 29.1736 22.2131 9.8
    endloop
  endfacet
  facet normal -0.65402 0.59264 0.470144
    outer loop
      vertex 28.3021 22.3979 8.31
      vertex 29.0284 22.0174 9.8
      vertex 28.4141 22.5215 8.31
    endloop
  endfacet
  facet normal -0.663577 0.58063 0.471735
    outer loop
      vertex 29.0284 22.0174 9.8
      vertex 28.3021 22.3979 8.31
      vertex 29.0277 22.0166 9.8
    endloop
  endfacet
  facet normal 0.58063 -0.663577 0.471735
    outer loop
      vertex 25.8979 24.8021 8.31
      vertex 25.5174 25.5284 9.8
      vertex 25.5166 25.5277 9.8
    endloop
  endfacet
  facet normal 0.59264 -0.65402 0.470144
    outer loop
      vertex 25.5174 25.5284 9.8
      vertex 25.8979 24.8021 8.31
      vertex 26.0215 24.9141 8.31
    endloop
  endfacet
  facet normal 0.797838 -0.377371 0.470155
    outer loop
      vertex 24.8994 24.775 9.8
      vertex 24.7952 24.5547 9.8
      vertex 25.5294 24.2506 8.31
    endloop
  endfacet
  facet normal -0.756961 0.453859 0.47013
    outer loop
      vertex 28.5135 22.6555 8.31
      vertex 29.3001 22.424 9.8
      vertex 28.5993 22.7986 8.31
    endloop
  endfacet
  facet normal -0.736563 0.491042 0.465138
    outer loop
      vertex 29.3001 22.424 9.8
      vertex 28.5135 22.6555 8.31
      vertex 29.2995 22.4231 9.8
    endloop
  endfacet
  facet normal -0.85276 -0.232571 0.467665
    outer loop
      vertex 28.6706 24.2506 8.31
      vertex 29.4051 24.5536 9.8
      vertex 29.4048 24.5547 9.8
    endloop
  endfacet
  facet normal -0.831031 -0.297288 0.470114
    outer loop
      vertex 29.4051 24.5536 9.8
      vertex 28.6706 24.2506 8.31
      vertex 28.7268 24.0935 8.31
    endloop
  endfacet
  facet normal 0.491042 -0.736563 0.465138
    outer loop
      vertex 26.1555 25.0135 8.31
      vertex 25.924 25.8001 9.8
      vertex 25.9231 25.7995 9.8
    endloop
  endfacet
  facet normal 0.453859 -0.756961 0.47013
    outer loop
      vertex 25.924 25.8001 9.8
      vertex 26.1555 25.0135 8.31
      vertex 26.2986 25.0993 8.31
    endloop
  endfacet
  facet normal -0.881511 0.0434599 0.470159
    outer loop
      vertex 28.8 23.6 8.31
      vertex 29.5827 23.3566 9.8
      vertex 29.5947 23.6 9.8
    endloop
  endfacet
  facet normal 0.856152 0.2144 0.470145
    outer loop
      vertex 24.6533 23.1133 9.8
      vertex 24.7125 22.8769 9.8
      vertex 25.4327 23.2683 8.31
    endloop
  endfacet
  facet normal 0.85618 0.21431 0.470135
    outer loop
      vertex 24.7125 22.8769 9.8
      vertex 25.4732 23.1065 8.31
      vertex 25.4327 23.2683 8.31
    endloop
  endfacet
  facet normal 0.851347 0.232186 0.470423
    outer loop
      vertex 25.4732 23.1065 8.31
      vertex 24.7125 22.8769 9.8
      vertex 24.7128 22.8758 9.8
    endloop
  endfacet
  facet normal -0.488301 0.732452 0.474422
    outer loop
      vertex 28.1785 22.2859 8.31
      vertex 28.486 21.5258 9.8
      vertex 28.4869 21.5264 9.8
    endloop
  endfacet
  facet normal -0.525826 0.70886 0.470132
    outer loop
      vertex 28.486 21.5258 9.8
      vertex 28.1785 22.2859 8.31
      vertex 28.0445 22.1865 8.31
    endloop
  endfacet
  facet normal 0.377371 -0.797838 0.470155
    outer loop
      vertex 26.1453 25.9048 9.8
      vertex 25.925 25.8006 9.8
      vertex 26.4494 25.1706 8.31
    endloop
  endfacet
  facet normal 0.797892 0.377253 0.470158
    outer loop
      vertex 24.7952 22.6453 9.8
      vertex 25.6007 22.7986 8.31
      vertex 25.5294 22.9494 8.31
    endloop
  endfacet
  facet normal 0.790441 0.395221 0.467978
    outer loop
      vertex 25.6007 22.7986 8.31
      vertex 24.7952 22.6453 9.8
      vertex 24.7957 22.6443 9.8
    endloop
  endfacet
  facet normal 0.708849 0.525818 0.470157
    outer loop
      vertex 25.1709 22.0183 9.8
      vertex 25.7859 22.5215 8.31
      vertex 25.6865 22.6555 8.31
    endloop
  endfacet
  facet normal 0.696542 0.541755 0.470459
    outer loop
      vertex 25.7859 22.5215 8.31
      vertex 25.1709 22.0183 9.8
      vertex 25.1716 22.0174 9.8
    endloop
  endfacet
  facet normal 0.214308 0.856174 0.470147
    outer loop
      vertex 26.6065 21.9732 8.31
      vertex 26.6133 21.1533 9.8
      vertex 26.7683 21.9327 8.31
    endloop
  endfacet
  facet normal 0.157364 0.865504 0.475541
    outer loop
      vertex 26.6133 21.1533 9.8
      vertex 26.6065 21.9732 8.31
      vertex 26.6122 21.1535 9.8
    endloop
  endfacet
  facet normal -0.868746 0.157954 0.469393
    outer loop
      vertex 28.7918 23.4334 8.31
      vertex 29.5825 23.3544 9.8
      vertex 29.5827 23.3555 9.8
    endloop
  endfacet
  facet normal -0.873023 0.129552 0.470157
    outer loop
      vertex 29.5825 23.3544 9.8
      vertex 28.7918 23.4334 8.31
      vertex 28.7673 23.2683 8.31
    endloop
  endfacet
  facet normal -0.856073 0.214742 0.470133
    outer loop
      vertex 28.7268 23.1065 8.31
      vertex 29.4872 22.8758 9.8
      vertex 29.5465 23.1122 9.8
    endloop
  endfacet
  facet normal -0.2144 -0.856152 0.470145
    outer loop
      vertex 27.5867 26.0467 9.8
      vertex 27.4317 25.2673 8.31
      vertex 27.8231 25.9875 9.8
    endloop
  endfacet
  facet normal -0.395221 0.790441 0.467978
    outer loop
      vertex 27.9014 22.1007 8.31
      vertex 28.0547 21.2952 9.8
      vertex 28.0557 21.2957 9.8
    endloop
  endfacet
  facet normal -0.377253 0.797892 0.470158
    outer loop
      vertex 28.0547 21.2952 9.8
      vertex 27.9014 22.1007 8.31
      vertex 27.7506 22.0294 8.31
    endloop
  endfacet
  facet normal 0.873016 0.129631 0.470148
    outer loop
      vertex 24.6175 23.3544 9.8
      vertex 24.6533 23.1133 9.8
      vertex 25.4327 23.2683 8.31
    endloop
  endfacet
  facet normal -0.21431 -0.85618 0.470135
    outer loop
      vertex 27.5935 25.2268 8.31
      vertex 27.8231 25.9875 9.8
      vertex 27.4317 25.2673 8.31
    endloop
  endfacet
  facet normal -0.232186 -0.851347 0.470423
    outer loop
      vertex 27.8231 25.9875 9.8
      vertex 27.5935 25.2268 8.31
      vertex 27.8242 25.9872 9.8
    endloop
  endfacet
  facet normal 0.663577 -0.58063 0.471735
    outer loop
      vertex 25.1716 25.1826 9.8
      vertex 25.8979 24.8021 8.31
      vertex 25.1723 25.1834 9.8
    endloop
  endfacet
  facet normal 0.65402 -0.59264 0.470144
    outer loop
      vertex 25.8979 24.8021 8.31
      vertex 25.1716 25.1826 9.8
      vertex 25.7859 24.6785 8.31
    endloop
  endfacet
  facet normal 0.214742 0.856073 0.470133
    outer loop
      vertex 26.6065 21.9732 8.31
      vertex 26.3758 21.2128 9.8
      vertex 26.6122 21.1535 9.8
    endloop
  endfacet
  facet normal 0.297281 -0.83101 0.470155
    outer loop
      vertex 26.3748 25.9869 9.8
      vertex 26.1453 25.9048 9.8
      vertex 26.4494 25.1706 8.31
    endloop
  endfacet
  facet normal 0.65402 0.59264 0.470144
    outer loop
      vertex 25.1716 22.0174 9.8
      vertex 25.8979 22.3979 8.31
      vertex 25.7859 22.5215 8.31
    endloop
  endfacet
  facet normal 0.663577 0.58063 0.471735
    outer loop
      vertex 25.8979 22.3979 8.31
      vertex 25.1716 22.0174 9.8
      vertex 25.1723 22.0166 9.8
    endloop
  endfacet
  facet normal -0.453666 -0.757076 0.47013
    outer loop
      vertex 28.2769 25.7995 9.8
      vertex 28.0445 25.0135 8.31
      vertex 28.486 25.6742 9.8
    endloop
  endfacet
  facet normal 0.0430983 -0.881523 0.47017
    outer loop
      vertex 26.8555 26.0827 9.8
      vertex 26.9334 25.2918 8.31
      vertex 27.0989 26.0946 9.8
    endloop
  endfacet
  facet normal 0.129629 -0.873003 0.470172
    outer loop
      vertex 26.8555 26.0827 9.8
      vertex 26.6144 26.0469 9.8
      vertex 26.9334 25.2918 8.31
    endloop
  endfacet
  facet normal -0.663577 -0.58063 0.471735
    outer loop
      vertex 28.3021 24.8021 8.31
      vertex 29.0284 25.1826 9.8
      vertex 29.0277 25.1834 9.8
    endloop
  endfacet
  facet normal -0.65402 -0.59264 0.470144
    outer loop
      vertex 29.0284 25.1826 9.8
      vertex 28.3021 24.8021 8.31
      vertex 28.4141 24.6785 8.31
    endloop
  endfacet
  facet normal -0.831031 0.297288 0.470114
    outer loop
      vertex 28.6706 22.9494 8.31
      vertex 29.4051 22.6464 9.8
      vertex 28.7268 23.1065 8.31
    endloop
  endfacet
  facet normal -0.85276 0.232571 0.467665
    outer loop
      vertex 29.4051 22.6464 9.8
      vertex 28.6706 22.9494 8.31
      vertex 29.4048 22.6453 9.8
    endloop
  endfacet
  facet normal 0.453666 -0.757076 0.47013
    outer loop
      vertex 25.9231 25.7995 9.8
      vertex 25.714 25.6742 9.8
      vertex 26.1555 25.0135 8.31
    endloop
  endfacet
  facet normal 0.868746 0.157954 0.469393
    outer loop
      vertex 24.6175 23.3544 9.8
      vertex 25.4082 23.4334 8.31
      vertex 24.6173 23.3555 9.8
    endloop
  endfacet
  facet normal 0.873023 0.129552 0.470157
    outer loop
      vertex 25.4082 23.4334 8.31
      vertex 24.6175 23.3544 9.8
      vertex 25.4327 23.2683 8.31
    endloop
  endfacet
  facet normal 0.232186 -0.851347 0.470423
    outer loop
      vertex 26.6065 25.2268 8.31
      vertex 26.3769 25.9875 9.8
      vertex 26.3758 25.9872 9.8
    endloop
  endfacet
  facet normal 0.21431 -0.85618 0.470135
    outer loop
      vertex 26.3769 25.9875 9.8
      vertex 26.6065 25.2268 8.31
      vertex 26.7683 25.2673 8.31
    endloop
  endfacet
  facet normal 0.0433881 0.881519 0.470151
    outer loop
      vertex 26.9334 21.9082 8.31
      vertex 26.8566 21.1173 9.8
      vertex 27.1 21.9 8.31
    endloop
  endfacet
  facet normal 0 0.883278 0.468849
    outer loop
      vertex 26.8566 21.1173 9.8
      vertex 26.9334 21.9082 8.31
      vertex 26.8555 21.1173 9.8
    endloop
  endfacet
  facet normal -0.59274 0.653933 0.470138
    outer loop
      vertex 28.3021 22.3979 8.31
      vertex 28.6834 21.6723 9.8
      vertex 28.864 21.836 9.8
    endloop
  endfacet
  facet normal -0.789272 -0.394636 0.470438
    outer loop
      vertex 28.5993 24.4014 8.31
      vertex 29.3006 24.775 9.8
      vertex 29.3001 24.776 9.8
    endloop
  endfacet
  facet normal -0.7979 -0.377257 0.470141
    outer loop
      vertex 29.3006 24.775 9.8
      vertex 28.5993 24.4014 8.31
      vertex 28.6706 24.2506 8.31
    endloop
  endfacet
  facet normal -0.0799563 -0.87952 0.469097
    outer loop
      vertex 27.1 25.3 8.31
      vertex 27.1011 26.0946 9.8
      vertex 27.1 26.0947 9.8
    endloop
  endfacet
  facet normal -0.0433884 -0.881525 0.470139
    outer loop
      vertex 27.1011 26.0946 9.8
      vertex 27.1 25.3 8.31
      vertex 27.2666 25.2918 8.31
    endloop
  endfacet
  facet normal -0.453859 -0.756961 0.47013
    outer loop
      vertex 28.0445 25.0135 8.31
      vertex 28.276 25.8001 9.8
      vertex 27.9014 25.0993 8.31
    endloop
  endfacet
  facet normal -0.491042 -0.736563 0.465138
    outer loop
      vertex 28.276 25.8001 9.8
      vertex 28.0445 25.0135 8.31
      vertex 28.2769 25.7995 9.8
    endloop
  endfacet
  facet normal -0.129631 -0.873016 0.470148
    outer loop
      vertex 27.3456 26.0825 9.8
      vertex 27.4317 25.2673 8.31
      vertex 27.5867 26.0467 9.8
    endloop
  endfacet
  facet normal 0.757076 -0.453666 0.47013
    outer loop
      vertex 25.0258 24.986 9.8
      vertex 24.9005 24.7769 9.8
      vertex 25.6865 24.5445 8.31
    endloop
  endfacet
  facet normal -0.873016 0.129631 0.470148
    outer loop
      vertex 28.7673 23.2683 8.31
      vertex 29.5467 23.1133 9.8
      vertex 29.5825 23.3544 9.8
    endloop
  endfacet
  facet normal -0.157954 -0.868746 0.469393
    outer loop
      vertex 27.2666 25.2918 8.31
      vertex 27.3456 26.0825 9.8
      vertex 27.3445 26.0827 9.8
    endloop
  endfacet
  facet normal -0.129552 -0.873023 0.470157
    outer loop
      vertex 27.3456 26.0825 9.8
      vertex 27.2666 25.2918 8.31
      vertex 27.4317 25.2673 8.31
    endloop
  endfacet
  facet normal 0.541755 -0.696542 0.470459
    outer loop
      vertex 26.0215 24.9141 8.31
      vertex 25.5183 25.5291 9.8
      vertex 25.5174 25.5284 9.8
    endloop
  endfacet
  facet normal 0.525818 -0.708849 0.470157
    outer loop
      vertex 25.5183 25.5291 9.8
      vertex 26.0215 24.9141 8.31
      vertex 26.1555 25.0135 8.31
    endloop
  endfacet
  facet normal 0.525665 -0.708977 0.470136
    outer loop
      vertex 25.714 25.6742 9.8
      vertex 25.5183 25.5291 9.8
      vertex 26.1555 25.0135 8.31
    endloop
  endfacet
  facet normal -0.70886 0.525826 0.470132
    outer loop
      vertex 28.4141 22.5215 8.31
      vertex 29.1742 22.214 9.8
      vertex 28.5135 22.6555 8.31
    endloop
  endfacet
  facet normal -0.732452 0.488301 0.474422
    outer loop
      vertex 29.1742 22.214 9.8
      vertex 28.4141 22.5215 8.31
      vertex 29.1736 22.2131 9.8
    endloop
  endfacet
  facet normal -0.59274 -0.653933 0.470138
    outer loop
      vertex 28.6834 25.5277 9.8
      vertex 28.3021 24.8021 8.31
      vertex 28.864 25.364 9.8
    endloop
  endfacet
  facet normal -0.830983 -0.297401 0.470127
    outer loop
      vertex 29.4051 24.5536 9.8
      vertex 28.7268 24.0935 8.31
      vertex 29.4872 24.3242 9.8
    endloop
  endfacet
  facet normal -0.856073 -0.214742 0.470133
    outer loop
      vertex 29.4872 24.3242 9.8
      vertex 28.7268 24.0935 8.31
      vertex 29.5465 24.0878 9.8
    endloop
  endfacet
  facet normal -0.232571 0.85276 0.467665
    outer loop
      vertex 27.7506 22.0294 8.31
      vertex 28.0536 21.2949 9.8
      vertex 28.0547 21.2952 9.8
    endloop
  endfacet
  facet normal -0.297288 0.831031 0.470114
    outer loop
      vertex 28.0536 21.2949 9.8
      vertex 27.7506 22.0294 8.31
      vertex 27.5935 21.9732 8.31
    endloop
  endfacet
  facet normal -0.525818 -0.708849 0.470157
    outer loop
      vertex 28.1785 24.9141 8.31
      vertex 28.6817 25.5291 9.8
      vertex 28.0445 25.0135 8.31
    endloop
  endfacet
  facet normal -0.541755 -0.696542 0.470459
    outer loop
      vertex 28.6817 25.5291 9.8
      vertex 28.1785 24.9141 8.31
      vertex 28.6826 25.5284 9.8
    endloop
  endfacet
  facet normal -0.708799 -0.525895 0.470147
    outer loop
      vertex 29.0284 25.1826 9.8
      vertex 28.4141 24.6785 8.31
      vertex 29.1736 24.9869 9.8
    endloop
  endfacet
  facet normal -0.865504 -0.157364 0.475541
    outer loop
      vertex 28.7268 24.0935 8.31
      vertex 29.5467 24.0867 9.8
      vertex 29.5465 24.0878 9.8
    endloop
  endfacet
  facet normal -0.856174 -0.214308 0.470147
    outer loop
      vertex 29.5467 24.0867 9.8
      vertex 28.7268 24.0935 8.31
      vertex 28.7673 23.9317 8.31
    endloop
  endfacet
  facet normal 0.129629 0.873003 0.470172
    outer loop
      vertex 26.6144 21.1531 9.8
      vertex 26.8555 21.1173 9.8
      vertex 26.9334 21.9082 8.31
    endloop
  endfacet
  facet normal -0.653933 -0.59274 0.470138
    outer loop
      vertex 28.864 25.364 9.8
      vertex 28.3021 24.8021 8.31
      vertex 29.0277 25.1834 9.8
    endloop
  endfacet
  facet normal -0.736563 -0.491042 0.465138
    outer loop
      vertex 28.5135 24.5445 8.31
      vertex 29.3001 24.776 9.8
      vertex 29.2995 24.7769 9.8
    endloop
  endfacet
  facet normal -0.756961 -0.453859 0.47013
    outer loop
      vertex 29.3001 24.776 9.8
      vertex 28.5135 24.5445 8.31
      vertex 28.5993 24.4014 8.31
    endloop
  endfacet
  facet normal -0.129631 0.873016 0.470148
    outer loop
      vertex 27.4317 21.9327 8.31
      vertex 27.3456 21.1175 9.8
      vertex 27.5867 21.1533 9.8
    endloop
  endfacet
  facet normal 0.394636 -0.789272 0.470438
    outer loop
      vertex 26.2986 25.0993 8.31
      vertex 25.925 25.8006 9.8
      vertex 25.924 25.8001 9.8
    endloop
  endfacet
  facet normal 0.377257 -0.7979 0.470141
    outer loop
      vertex 25.925 25.8006 9.8
      vertex 26.2986 25.0993 8.31
      vertex 26.4494 25.1706 8.31
    endloop
  endfacet
  facet normal 0 0.883278 0.468849
    outer loop
      vertex 27.2666 21.9082 8.31
      vertex 27.3434 21.1173 9.8
      vertex 27.3445 21.1173 9.8
    endloop
  endfacet
  facet normal -0.0433881 0.881519 0.470151
    outer loop
      vertex 27.3434 21.1173 9.8
      vertex 27.2666 21.9082 8.31
      vertex 27.1 21.9 8.31
    endloop
  endfacet
  facet normal -0.214742 0.856073 0.470133
    outer loop
      vertex 27.5935 21.9732 8.31
      vertex 27.5878 21.1535 9.8
      vertex 27.8242 21.2128 9.8
    endloop
  endfacet
  facet normal -0.868147 -0.157845 0.470537
    outer loop
      vertex 28.7673 23.9317 8.31
      vertex 29.5469 24.0856 9.8
      vertex 29.5467 24.0867 9.8
    endloop
  endfacet
  facet normal -0.873019 -0.129552 0.470164
    outer loop
      vertex 29.5469 24.0856 9.8
      vertex 28.7673 23.9317 8.31
      vertex 28.7918 23.7666 8.31
    endloop
  endfacet
  facet normal -0.881511 -0.0434599 0.470159
    outer loop
      vertex 29.5827 23.8434 9.8
      vertex 28.8 23.6 8.31
      vertex 29.5947 23.6 9.8
    endloop
  endfacet
  facet normal -0.883278 0 0.468849
    outer loop
      vertex 28.7918 23.7666 8.31
      vertex 29.5827 23.8434 9.8
      vertex 29.5827 23.8445 9.8
    endloop
  endfacet
  facet normal -0.881519 -0.0433881 0.470151
    outer loop
      vertex 29.5827 23.8434 9.8
      vertex 28.7918 23.7666 8.31
      vertex 28.8 23.6 8.31
    endloop
  endfacet
  facet normal -0.157364 0.865504 0.475541
    outer loop
      vertex 27.5935 21.9732 8.31
      vertex 27.5867 21.1533 9.8
      vertex 27.5878 21.1535 9.8
    endloop
  endfacet
  facet normal -0.214308 0.856174 0.470147
    outer loop
      vertex 27.5867 21.1533 9.8
      vertex 27.5935 21.9732 8.31
      vertex 27.4317 21.9327 8.31
    endloop
  endfacet
  facet normal -0.158192 0.870057 0.466879
    outer loop
      vertex 27.4317 21.9327 8.31
      vertex 27.3445 21.1173 9.8
      vertex 27.3456 21.1175 9.8
    endloop
  endfacet
  facet normal -0.129551 0.873014 0.470174
    outer loop
      vertex 27.3445 21.1173 9.8
      vertex 27.4317 21.9327 8.31
      vertex 27.2666 21.9082 8.31
    endloop
  endfacet
  facet normal 0.989168 -0.146788 0
    outer loop
      vertex 25.4082 23.7666 8.31
      vertex 25.4327 23.9317 8.3
      vertex 25.4327 23.9317 8.31
    endloop
  endfacet
  facet normal 0.989168 -0.146788 0
    outer loop
      vertex 25.4327 23.9317 8.3
      vertex 25.4082 23.7666 8.31
      vertex 25.4082 23.7666 8.3
    endloop
  endfacet
  facet normal 0.998791 -0.0491602 0
    outer loop
      vertex 25.4 23.6 8.31
      vertex 25.4082 23.7666 8.3
      vertex 25.4082 23.7666 8.31
    endloop
  endfacet
  facet normal 0.998791 -0.0491602 0
    outer loop
      vertex 25.4082 23.7666 8.3
      vertex 25.4 23.6 8.31
      vertex 25.4 23.6 8.3
    endloop
  endfacet
  facet normal 0.970072 -0.242818 0
    outer loop
      vertex 25.4327 23.9317 8.31
      vertex 25.4732 24.0935 8.3
      vertex 25.4732 24.0935 8.31
    endloop
  endfacet
  facet normal 0.970072 -0.242818 0
    outer loop
      vertex 25.4732 24.0935 8.3
      vertex 25.4327 23.9317 8.31
      vertex 25.4327 23.9317 8.3
    endloop
  endfacet
  facet normal -0.998791 0.0491602 0
    outer loop
      vertex 28.7918 23.4334 8.3
      vertex 28.8 23.6 8.31
      vertex 28.8 23.6 8.3
    endloop
  endfacet
  facet normal -0.998791 0.0491602 0
    outer loop
      vertex 28.8 23.6 8.31
      vertex 28.7918 23.4334 8.3
      vertex 28.7918 23.4334 8.31
    endloop
  endfacet
  facet normal -0.857652 -0.514231 0
    outer loop
      vertex 28.5993 24.4014 8.3
      vertex 28.5135 24.5445 8.31
      vertex 28.5135 24.5445 8.3
    endloop
  endfacet
  facet normal -0.857652 -0.514231 0
    outer loop
      vertex 28.5135 24.5445 8.31
      vertex 28.5993 24.4014 8.3
      vertex 28.5993 24.4014 8.31
    endloop
  endfacet
  facet normal -0.989168 0.146788 0
    outer loop
      vertex 28.7673 23.2683 8.3
      vertex 28.7918 23.4334 8.31
      vertex 28.7918 23.4334 8.3
    endloop
  endfacet
  facet normal -0.989168 0.146788 0
    outer loop
      vertex 28.7918 23.4334 8.31
      vertex 28.7673 23.2683 8.3
      vertex 28.7673 23.2683 8.31
    endloop
  endfacet
  facet normal -0.33683 0.941566 0
    outer loop
      vertex 27.7506 22.0294 8.3
      vertex 27.5935 21.9732 8.31
      vertex 27.7506 22.0294 8.31
    endloop
  endfacet
  facet normal -0.33683 0.941566 0
    outer loop
      vertex 27.5935 21.9732 8.31
      vertex 27.7506 22.0294 8.3
      vertex 27.5935 21.9732 8.3
    endloop
  endfacet
  facet normal -0.595772 -0.803154 0
    outer loop
      vertex 28.0445 25.0135 8.3
      vertex 28.1785 24.9141 8.31
      vertex 28.0445 25.0135 8.31
    endloop
  endfacet
  facet normal -0.595772 -0.803154 -0
    outer loop
      vertex 28.1785 24.9141 8.31
      vertex 28.0445 25.0135 8.3
      vertex 28.1785 24.9141 8.3
    endloop
  endfacet
  facet normal 0.741024 -0.671478 0
    outer loop
      vertex 25.7859 24.6785 8.31
      vertex 25.8979 24.8021 8.3
      vertex 25.8979 24.8021 8.31
    endloop
  endfacet
  facet normal 0.741024 -0.671478 0
    outer loop
      vertex 25.8979 24.8021 8.3
      vertex 25.7859 24.6785 8.31
      vertex 25.7859 24.6785 8.3
    endloop
  endfacet
  facet normal -0.941566 -0.33683 0
    outer loop
      vertex 28.7268 24.0935 8.3
      vertex 28.6706 24.2506 8.31
      vertex 28.6706 24.2506 8.3
    endloop
  endfacet
  facet normal -0.941566 -0.33683 0
    outer loop
      vertex 28.6706 24.2506 8.31
      vertex 28.7268 24.0935 8.3
      vertex 28.7268 24.0935 8.31
    endloop
  endfacet
  facet normal 0.146788 0.989168 -0
    outer loop
      vertex 26.9334 21.9082 8.3
      vertex 26.7683 21.9327 8.31
      vertex 26.9334 21.9082 8.31
    endloop
  endfacet
  facet normal 0.146788 0.989168 0
    outer loop
      vertex 26.7683 21.9327 8.31
      vertex 26.9334 21.9082 8.3
      vertex 26.7683 21.9327 8.3
    endloop
  endfacet
  facet normal 0.0491602 -0.998791 0
    outer loop
      vertex 26.9334 25.2918 8.3
      vertex 27.1 25.3 8.31
      vertex 26.9334 25.2918 8.31
    endloop
  endfacet
  facet normal 0.0491602 -0.998791 0
    outer loop
      vertex 27.1 25.3 8.31
      vertex 26.9334 25.2918 8.3
      vertex 27.1 25.3 8.3
    endloop
  endfacet
  facet normal 0.33683 0.941566 -0
    outer loop
      vertex 26.6065 21.9732 8.3
      vertex 26.4494 22.0294 8.31
      vertex 26.6065 21.9732 8.31
    endloop
  endfacet
  facet normal 0.33683 0.941566 0
    outer loop
      vertex 26.4494 22.0294 8.31
      vertex 26.6065 21.9732 8.3
      vertex 26.4494 22.0294 8.3
    endloop
  endfacet
  facet normal -0.242818 -0.970072 0
    outer loop
      vertex 27.4317 25.2673 8.3
      vertex 27.5935 25.2268 8.31
      vertex 27.4317 25.2673 8.31
    endloop
  endfacet
  facet normal -0.242818 -0.970072 -0
    outer loop
      vertex 27.5935 25.2268 8.31
      vertex 27.4317 25.2673 8.3
      vertex 27.5935 25.2268 8.3
    endloop
  endfacet
  facet normal 0.998791 0.0491602 0
    outer loop
      vertex 25.4082 23.4334 8.31
      vertex 25.4 23.6 8.3
      vertex 25.4 23.6 8.31
    endloop
  endfacet
  facet normal 0.998791 0.0491602 0
    outer loop
      vertex 25.4 23.6 8.3
      vertex 25.4082 23.4334 8.31
      vertex 25.4082 23.4334 8.3
    endloop
  endfacet
  facet normal 0.33683 -0.941566 0
    outer loop
      vertex 26.4494 25.1706 8.3
      vertex 26.6065 25.2268 8.31
      vertex 26.4494 25.1706 8.31
    endloop
  endfacet
  facet normal 0.33683 -0.941566 0
    outer loop
      vertex 26.6065 25.2268 8.31
      vertex 26.4494 25.1706 8.3
      vertex 26.6065 25.2268 8.3
    endloop
  endfacet
  facet normal 0.741024 0.671478 0
    outer loop
      vertex 25.8979 22.3979 8.31
      vertex 25.7859 22.5215 8.3
      vertex 25.7859 22.5215 8.31
    endloop
  endfacet
  facet normal 0.741024 0.671478 0
    outer loop
      vertex 25.7859 22.5215 8.3
      vertex 25.8979 22.3979 8.31
      vertex 25.8979 22.3979 8.3
    endloop
  endfacet
  facet normal -0.595772 0.803154 0
    outer loop
      vertex 28.1785 22.2859 8.3
      vertex 28.0445 22.1865 8.31
      vertex 28.1785 22.2859 8.31
    endloop
  endfacet
  facet normal -0.595772 0.803154 0
    outer loop
      vertex 28.0445 22.1865 8.31
      vertex 28.1785 22.2859 8.3
      vertex 28.0445 22.1865 8.3
    endloop
  endfacet
  facet normal 0.904043 -0.427442 0
    outer loop
      vertex 25.5294 24.2506 8.31
      vertex 25.6007 24.4014 8.3
      vertex 25.6007 24.4014 8.31
    endloop
  endfacet
  facet normal 0.904043 -0.427442 0
    outer loop
      vertex 25.6007 24.4014 8.3
      vertex 25.5294 24.2506 8.31
      vertex 25.5294 24.2506 8.3
    endloop
  endfacet
  facet normal 0.514231 0.857652 -0
    outer loop
      vertex 26.2986 22.1007 8.3
      vertex 26.1555 22.1865 8.31
      vertex 26.2986 22.1007 8.31
    endloop
  endfacet
  facet normal 0.514231 0.857652 0
    outer loop
      vertex 26.1555 22.1865 8.31
      vertex 26.2986 22.1007 8.3
      vertex 26.1555 22.1865 8.3
    endloop
  endfacet
  facet normal -0.514231 0.857652 0
    outer loop
      vertex 28.0445 22.1865 8.3
      vertex 27.9014 22.1007 8.31
      vertex 28.0445 22.1865 8.31
    endloop
  endfacet
  facet normal -0.514231 0.857652 0
    outer loop
      vertex 27.9014 22.1007 8.31
      vertex 28.0445 22.1865 8.3
      vertex 27.9014 22.1007 8.3
    endloop
  endfacet
  facet normal -0.941566 0.33683 0
    outer loop
      vertex 28.6706 22.9494 8.3
      vertex 28.7268 23.1065 8.31
      vertex 28.7268 23.1065 8.3
    endloop
  endfacet
  facet normal -0.941566 0.33683 0
    outer loop
      vertex 28.7268 23.1065 8.31
      vertex 28.6706 22.9494 8.3
      vertex 28.6706 22.9494 8.31
    endloop
  endfacet
  facet normal -0.671478 0.741024 0
    outer loop
      vertex 28.3021 22.3979 8.3
      vertex 28.1785 22.2859 8.31
      vertex 28.3021 22.3979 8.31
    endloop
  endfacet
  facet normal -0.671478 0.741024 0
    outer loop
      vertex 28.1785 22.2859 8.31
      vertex 28.3021 22.3979 8.3
      vertex 28.1785 22.2859 8.3
    endloop
  endfacet
  facet normal 0.941566 -0.33683 0
    outer loop
      vertex 25.4732 24.0935 8.31
      vertex 25.5294 24.2506 8.3
      vertex 25.5294 24.2506 8.31
    endloop
  endfacet
  facet normal 0.941566 -0.33683 0
    outer loop
      vertex 25.5294 24.2506 8.3
      vertex 25.4732 24.0935 8.31
      vertex 25.4732 24.0935 8.3
    endloop
  endfacet
  facet normal -0.514231 -0.857652 0
    outer loop
      vertex 27.9014 25.0993 8.3
      vertex 28.0445 25.0135 8.31
      vertex 27.9014 25.0993 8.31
    endloop
  endfacet
  facet normal -0.514231 -0.857652 -0
    outer loop
      vertex 28.0445 25.0135 8.31
      vertex 27.9014 25.0993 8.3
      vertex 28.0445 25.0135 8.3
    endloop
  endfacet
  facet normal -0.741024 -0.671478 0
    outer loop
      vertex 28.4141 24.6785 8.3
      vertex 28.3021 24.8021 8.31
      vertex 28.3021 24.8021 8.3
    endloop
  endfacet
  facet normal -0.741024 -0.671478 0
    outer loop
      vertex 28.3021 24.8021 8.31
      vertex 28.4141 24.6785 8.3
      vertex 28.4141 24.6785 8.31
    endloop
  endfacet
  facet normal 0.242818 0.970072 -0
    outer loop
      vertex 26.7683 21.9327 8.3
      vertex 26.6065 21.9732 8.31
      vertex 26.7683 21.9327 8.31
    endloop
  endfacet
  facet normal 0.242818 0.970072 0
    outer loop
      vertex 26.6065 21.9732 8.31
      vertex 26.7683 21.9327 8.3
      vertex 26.6065 21.9732 8.3
    endloop
  endfacet
  facet normal -0.0491602 -0.998791 0
    outer loop
      vertex 27.1 25.3 8.3
      vertex 27.2666 25.2918 8.31
      vertex 27.1 25.3 8.31
    endloop
  endfacet
  facet normal -0.0491602 -0.998791 -0
    outer loop
      vertex 27.2666 25.2918 8.31
      vertex 27.1 25.3 8.3
      vertex 27.2666 25.2918 8.3
    endloop
  endfacet
  facet normal 0.514231 -0.857652 0
    outer loop
      vertex 26.1555 25.0135 8.3
      vertex 26.2986 25.0993 8.31
      vertex 26.1555 25.0135 8.31
    endloop
  endfacet
  facet normal 0.514231 -0.857652 0
    outer loop
      vertex 26.2986 25.0993 8.31
      vertex 26.1555 25.0135 8.3
      vertex 26.2986 25.0993 8.3
    endloop
  endfacet
  facet normal -0.146788 -0.989168 0
    outer loop
      vertex 27.2666 25.2918 8.3
      vertex 27.4317 25.2673 8.31
      vertex 27.2666 25.2918 8.31
    endloop
  endfacet
  facet normal -0.146788 -0.989168 -0
    outer loop
      vertex 27.4317 25.2673 8.31
      vertex 27.2666 25.2918 8.3
      vertex 27.4317 25.2673 8.3
    endloop
  endfacet
  facet normal 0.595772 -0.803154 0
    outer loop
      vertex 26.0215 24.9141 8.3
      vertex 26.1555 25.0135 8.31
      vertex 26.0215 24.9141 8.31
    endloop
  endfacet
  facet normal 0.595772 -0.803154 0
    outer loop
      vertex 26.1555 25.0135 8.31
      vertex 26.0215 24.9141 8.3
      vertex 26.1555 25.0135 8.3
    endloop
  endfacet
  facet normal -0.904043 0.427442 0
    outer loop
      vertex 28.5993 22.7986 8.3
      vertex 28.6706 22.9494 8.31
      vertex 28.6706 22.9494 8.3
    endloop
  endfacet
  facet normal -0.904043 0.427442 0
    outer loop
      vertex 28.6706 22.9494 8.31
      vertex 28.5993 22.7986 8.3
      vertex 28.5993 22.7986 8.31
    endloop
  endfacet
  facet normal -0.33683 -0.941566 0
    outer loop
      vertex 27.5935 25.2268 8.3
      vertex 27.7506 25.1706 8.31
      vertex 27.5935 25.2268 8.31
    endloop
  endfacet
  facet normal -0.33683 -0.941566 -0
    outer loop
      vertex 27.7506 25.1706 8.31
      vertex 27.5935 25.2268 8.3
      vertex 27.7506 25.1706 8.3
    endloop
  endfacet
  facet normal 0.242818 -0.970072 0
    outer loop
      vertex 26.6065 25.2268 8.3
      vertex 26.7683 25.2673 8.31
      vertex 26.6065 25.2268 8.31
    endloop
  endfacet
  facet normal 0.242818 -0.970072 0
    outer loop
      vertex 26.7683 25.2673 8.31
      vertex 26.6065 25.2268 8.3
      vertex 26.7683 25.2673 8.3
    endloop
  endfacet
  facet normal -0.427442 0.904043 0
    outer loop
      vertex 27.9014 22.1007 8.3
      vertex 27.7506 22.0294 8.31
      vertex 27.9014 22.1007 8.31
    endloop
  endfacet
  facet normal -0.427442 0.904043 0
    outer loop
      vertex 27.7506 22.0294 8.31
      vertex 27.9014 22.1007 8.3
      vertex 27.7506 22.0294 8.3
    endloop
  endfacet
  facet normal 0.803154 -0.595772 0
    outer loop
      vertex 25.6865 24.5445 8.31
      vertex 25.7859 24.6785 8.3
      vertex 25.7859 24.6785 8.31
    endloop
  endfacet
  facet normal 0.803154 -0.595772 0
    outer loop
      vertex 25.7859 24.6785 8.3
      vertex 25.6865 24.5445 8.31
      vertex 25.6865 24.5445 8.3
    endloop
  endfacet
  facet normal 0.427442 0.904043 -0
    outer loop
      vertex 26.4494 22.0294 8.3
      vertex 26.2986 22.1007 8.31
      vertex 26.4494 22.0294 8.31
    endloop
  endfacet
  facet normal 0.427442 0.904043 0
    outer loop
      vertex 26.2986 22.1007 8.31
      vertex 26.4494 22.0294 8.3
      vertex 26.2986 22.1007 8.3
    endloop
  endfacet
  facet normal 0.941566 0.33683 0
    outer loop
      vertex 25.5294 22.9494 8.31
      vertex 25.4732 23.1065 8.3
      vertex 25.4732 23.1065 8.31
    endloop
  endfacet
  facet normal 0.941566 0.33683 0
    outer loop
      vertex 25.4732 23.1065 8.3
      vertex 25.5294 22.9494 8.31
      vertex 25.5294 22.9494 8.3
    endloop
  endfacet
  facet normal 0.970072 0.242818 0
    outer loop
      vertex 25.4732 23.1065 8.31
      vertex 25.4327 23.2683 8.3
      vertex 25.4327 23.2683 8.31
    endloop
  endfacet
  facet normal 0.970072 0.242818 0
    outer loop
      vertex 25.4327 23.2683 8.3
      vertex 25.4732 23.1065 8.31
      vertex 25.4732 23.1065 8.3
    endloop
  endfacet
  facet normal -0.427442 -0.904043 0
    outer loop
      vertex 27.7506 25.1706 8.3
      vertex 27.9014 25.0993 8.31
      vertex 27.7506 25.1706 8.31
    endloop
  endfacet
  facet normal -0.427442 -0.904043 -0
    outer loop
      vertex 27.9014 25.0993 8.31
      vertex 27.7506 25.1706 8.3
      vertex 27.9014 25.0993 8.3
    endloop
  endfacet
  facet normal 0.0491602 0.998791 -0
    outer loop
      vertex 27.1 21.9 8.3
      vertex 26.9334 21.9082 8.31
      vertex 27.1 21.9 8.31
    endloop
  endfacet
  facet normal 0.0491602 0.998791 0
    outer loop
      vertex 26.9334 21.9082 8.31
      vertex 27.1 21.9 8.3
      vertex 26.9334 21.9082 8.3
    endloop
  endfacet
  facet normal 0.803154 0.595772 0
    outer loop
      vertex 25.7859 22.5215 8.31
      vertex 25.6865 22.6555 8.3
      vertex 25.6865 22.6555 8.31
    endloop
  endfacet
  facet normal 0.803154 0.595772 0
    outer loop
      vertex 25.6865 22.6555 8.3
      vertex 25.7859 22.5215 8.31
      vertex 25.7859 22.5215 8.3
    endloop
  endfacet
  facet normal -0.998791 -0.0491602 0
    outer loop
      vertex 28.8 23.6 8.3
      vertex 28.7918 23.7666 8.31
      vertex 28.7918 23.7666 8.3
    endloop
  endfacet
  facet normal -0.998791 -0.0491602 0
    outer loop
      vertex 28.7918 23.7666 8.31
      vertex 28.8 23.6 8.3
      vertex 28.8 23.6 8.31
    endloop
  endfacet
  facet normal 0.427442 -0.904043 0
    outer loop
      vertex 26.2986 25.0993 8.3
      vertex 26.4494 25.1706 8.31
      vertex 26.2986 25.0993 8.31
    endloop
  endfacet
  facet normal 0.427442 -0.904043 0
    outer loop
      vertex 26.4494 25.1706 8.31
      vertex 26.2986 25.0993 8.3
      vertex 26.4494 25.1706 8.3
    endloop
  endfacet
  facet normal 0.671478 -0.741024 0
    outer loop
      vertex 25.8979 24.8021 8.3
      vertex 26.0215 24.9141 8.31
      vertex 25.8979 24.8021 8.31
    endloop
  endfacet
  facet normal 0.671478 -0.741024 0
    outer loop
      vertex 26.0215 24.9141 8.31
      vertex 25.8979 24.8021 8.3
      vertex 26.0215 24.9141 8.3
    endloop
  endfacet
  facet normal 0.989168 0.146788 0
    outer loop
      vertex 25.4327 23.2683 8.31
      vertex 25.4082 23.4334 8.3
      vertex 25.4082 23.4334 8.31
    endloop
  endfacet
  facet normal 0.989168 0.146788 0
    outer loop
      vertex 25.4082 23.4334 8.3
      vertex 25.4327 23.2683 8.31
      vertex 25.4327 23.2683 8.3
    endloop
  endfacet
  facet normal -0.146788 0.989168 0
    outer loop
      vertex 27.4317 21.9327 8.3
      vertex 27.2666 21.9082 8.31
      vertex 27.4317 21.9327 8.31
    endloop
  endfacet
  facet normal -0.146788 0.989168 0
    outer loop
      vertex 27.2666 21.9082 8.31
      vertex 27.4317 21.9327 8.3
      vertex 27.2666 21.9082 8.3
    endloop
  endfacet
  facet normal 0.857652 -0.514231 0
    outer loop
      vertex 25.6007 24.4014 8.31
      vertex 25.6865 24.5445 8.3
      vertex 25.6865 24.5445 8.31
    endloop
  endfacet
  facet normal 0.857652 -0.514231 0
    outer loop
      vertex 25.6865 24.5445 8.3
      vertex 25.6007 24.4014 8.31
      vertex 25.6007 24.4014 8.3
    endloop
  endfacet
  facet normal -0.242818 0.970072 0
    outer loop
      vertex 27.5935 21.9732 8.3
      vertex 27.4317 21.9327 8.31
      vertex 27.5935 21.9732 8.31
    endloop
  endfacet
  facet normal -0.242818 0.970072 0
    outer loop
      vertex 27.4317 21.9327 8.31
      vertex 27.5935 21.9732 8.3
      vertex 27.4317 21.9327 8.3
    endloop
  endfacet
  facet normal -0.671478 -0.741024 0
    outer loop
      vertex 28.1785 24.9141 8.3
      vertex 28.3021 24.8021 8.31
      vertex 28.1785 24.9141 8.31
    endloop
  endfacet
  facet normal -0.671478 -0.741024 -0
    outer loop
      vertex 28.3021 24.8021 8.31
      vertex 28.1785 24.9141 8.3
      vertex 28.3021 24.8021 8.3
    endloop
  endfacet
  facet normal -0.0491602 0.998791 0
    outer loop
      vertex 27.2666 21.9082 8.3
      vertex 27.1 21.9 8.31
      vertex 27.2666 21.9082 8.31
    endloop
  endfacet
  facet normal -0.0491602 0.998791 0
    outer loop
      vertex 27.1 21.9 8.31
      vertex 27.2666 21.9082 8.3
      vertex 27.1 21.9 8.3
    endloop
  endfacet
  facet normal 0.595772 0.803154 -0
    outer loop
      vertex 26.1555 22.1865 8.3
      vertex 26.0215 22.2859 8.31
      vertex 26.1555 22.1865 8.31
    endloop
  endfacet
  facet normal 0.595772 0.803154 0
    outer loop
      vertex 26.0215 22.2859 8.31
      vertex 26.1555 22.1865 8.3
      vertex 26.0215 22.2859 8.3
    endloop
  endfacet
  facet normal -0.803154 0.595772 0
    outer loop
      vertex 28.4141 22.5215 8.3
      vertex 28.5135 22.6555 8.31
      vertex 28.5135 22.6555 8.3
    endloop
  endfacet
  facet normal -0.803154 0.595772 0
    outer loop
      vertex 28.5135 22.6555 8.31
      vertex 28.4141 22.5215 8.3
      vertex 28.4141 22.5215 8.31
    endloop
  endfacet
  facet normal -0.970072 -0.242818 0
    outer loop
      vertex 28.7673 23.9317 8.3
      vertex 28.7268 24.0935 8.31
      vertex 28.7268 24.0935 8.3
    endloop
  endfacet
  facet normal -0.970072 -0.242818 0
    outer loop
      vertex 28.7268 24.0935 8.31
      vertex 28.7673 23.9317 8.3
      vertex 28.7673 23.9317 8.31
    endloop
  endfacet
  facet normal -0.970072 0.242818 0
    outer loop
      vertex 28.7268 23.1065 8.3
      vertex 28.7673 23.2683 8.31
      vertex 28.7673 23.2683 8.3
    endloop
  endfacet
  facet normal -0.970072 0.242818 0
    outer loop
      vertex 28.7673 23.2683 8.31
      vertex 28.7268 23.1065 8.3
      vertex 28.7268 23.1065 8.31
    endloop
  endfacet
  facet normal 0.146788 -0.989168 0
    outer loop
      vertex 26.7683 25.2673 8.3
      vertex 26.9334 25.2918 8.31
      vertex 26.7683 25.2673 8.31
    endloop
  endfacet
  facet normal 0.146788 -0.989168 0
    outer loop
      vertex 26.9334 25.2918 8.31
      vertex 26.7683 25.2673 8.3
      vertex 26.9334 25.2918 8.3
    endloop
  endfacet
  facet normal -0.741024 0.671478 0
    outer loop
      vertex 28.3021 22.3979 8.3
      vertex 28.4141 22.5215 8.31
      vertex 28.4141 22.5215 8.3
    endloop
  endfacet
  facet normal -0.741024 0.671478 0
    outer loop
      vertex 28.4141 22.5215 8.31
      vertex 28.3021 22.3979 8.3
      vertex 28.3021 22.3979 8.31
    endloop
  endfacet
  facet normal 0.857652 0.514231 0
    outer loop
      vertex 25.6865 22.6555 8.31
      vertex 25.6007 22.7986 8.3
      vertex 25.6007 22.7986 8.31
    endloop
  endfacet
  facet normal 0.857652 0.514231 0
    outer loop
      vertex 25.6007 22.7986 8.3
      vertex 25.6865 22.6555 8.31
      vertex 25.6865 22.6555 8.3
    endloop
  endfacet
  facet normal 0.904043 0.427442 0
    outer loop
      vertex 25.6007 22.7986 8.31
      vertex 25.5294 22.9494 8.3
      vertex 25.5294 22.9494 8.31
    endloop
  endfacet
  facet normal 0.904043 0.427442 0
    outer loop
      vertex 25.5294 22.9494 8.3
      vertex 25.6007 22.7986 8.31
      vertex 25.6007 22.7986 8.3
    endloop
  endfacet
  facet normal -0.803154 -0.595772 0
    outer loop
      vertex 28.5135 24.5445 8.3
      vertex 28.4141 24.6785 8.31
      vertex 28.4141 24.6785 8.3
    endloop
  endfacet
  facet normal -0.803154 -0.595772 0
    outer loop
      vertex 28.4141 24.6785 8.31
      vertex 28.5135 24.5445 8.3
      vertex 28.5135 24.5445 8.31
    endloop
  endfacet
  facet normal -0.904043 -0.427442 0
    outer loop
      vertex 28.6706 24.2506 8.3
      vertex 28.5993 24.4014 8.31
      vertex 28.5993 24.4014 8.3
    endloop
  endfacet
  facet normal -0.904043 -0.427442 0
    outer loop
      vertex 28.5993 24.4014 8.31
      vertex 28.6706 24.2506 8.3
      vertex 28.6706 24.2506 8.31
    endloop
  endfacet
  facet normal -0.989168 -0.146788 0
    outer loop
      vertex 28.7918 23.7666 8.3
      vertex 28.7673 23.9317 8.31
      vertex 28.7673 23.9317 8.3
    endloop
  endfacet
  facet normal -0.989168 -0.146788 0
    outer loop
      vertex 28.7673 23.9317 8.31
      vertex 28.7918 23.7666 8.3
      vertex 28.7918 23.7666 8.31
    endloop
  endfacet
  facet normal -0.857652 0.514231 0
    outer loop
      vertex 28.5135 22.6555 8.3
      vertex 28.5993 22.7986 8.31
      vertex 28.5993 22.7986 8.3
    endloop
  endfacet
  facet normal -0.857652 0.514231 0
    outer loop
      vertex 28.5993 22.7986 8.31
      vertex 28.5135 22.6555 8.3
      vertex 28.5135 22.6555 8.31
    endloop
  endfacet
  facet normal 0.671478 0.741024 -0
    outer loop
      vertex 26.0215 22.2859 8.3
      vertex 25.8979 22.3979 8.31
      vertex 26.0215 22.2859 8.31
    endloop
  endfacet
  facet normal 0.671478 0.741024 0
    outer loop
      vertex 25.8979 22.3979 8.31
      vertex 26.0215 22.2859 8.3
      vertex 25.8979 22.3979 8.3
    endloop
  endfacet
endsolid OpenSCAD_Model
