solid OpenSCAD_Model
  facet normal -0.903952 0.427634 0
    outer loop
      vertex 0.152237 45.9654 0
      vertex 0.23616 46.1428 16.1
      vertex 0.23616 46.1428 0
    endloop
  endfacet
  facet normal -0.903952 0.427634 0
    outer loop
      vertex 0.23616 46.1428 16.1
      vertex 0.152237 45.9654 0
      vertex 0.152237 45.9654 16.1
    endloop
  endfacet
  facet normal 0.0490648 -0.998796 0
    outer loop
      vertex 55.2 0 0
      vertex 55.396 0.0096283 16.1
      vertex 55.2 0 16.1
    endloop
  endfacet
  facet normal 0.0490648 -0.998796 0
    outer loop
      vertex 55.396 0.0096283 16.1
      vertex 55.2 0 0
      vertex 55.396 0.0096283 0
    endloop
  endfacet
  facet normal -0.0489135 0.998803 0
    outer loop
      vertex 2 47.2 0
      vertex 1.80397 47.1904 16.1
      vertex 2 47.2 16.1
    endloop
  endfacet
  facet normal -0.0489135 0.998803 0
    outer loop
      vertex 1.80397 47.1904 16.1
      vertex 2 47.2 0
      vertex 1.80397 47.1904 0
    endloop
  endfacet
  facet normal -1 0 0
    outer loop
      vertex 0 2 0
      vertex 0 45.2 16.1
      vertex 0 45.2 0
    endloop
  endfacet
  facet normal -1 -0 0
    outer loop
      vertex 0 45.2 16.1
      vertex 0 2 0
      vertex 0 2 16.1
    endloop
  endfacet
  facet normal 0.427955 0.9038 -0
    outer loop
      vertex 56.1428 46.9638 0
      vertex 55.9654 47.0478 16.1
      vertex 56.1428 46.9638 16.1
    endloop
  endfacet
  facet normal 0.427955 0.9038 0
    outer loop
      vertex 55.9654 47.0478 16.1
      vertex 56.1428 46.9638 0
      vertex 55.9654 47.0478 0
    endloop
  endfacet
  facet normal -0.0490573 -0.998796 0
    outer loop
      vertex 1.80397 0.0096283 0
      vertex 2 0 16.1
      vertex 1.80397 0.0096283 16.1
    endloop
  endfacet
  facet normal -0.0490573 -0.998796 -0
    outer loop
      vertex 2 0 16.1
      vertex 1.80397 0.0096283 0
      vertex 2 0 0
    endloop
  endfacet
  facet normal -0.998796 -0.0490573 0
    outer loop
      vertex 0.0096283 1.80397 0
      vertex 0 2 16.1
      vertex 0 2 0
    endloop
  endfacet
  facet normal -0.998796 -0.0490573 0
    outer loop
      vertex 0 2 16.1
      vertex 0.0096283 1.80397 0
      vertex 0.0096283 1.80397 16.1
    endloop
  endfacet
  facet normal -0.740964 -0.671545 0
    outer loop
      vertex 0.585785 0.585785 0
      vertex 0.453979 0.731216 16.1
      vertex 0.453979 0.731216 0
    endloop
  endfacet
  facet normal -0.740964 -0.671545 0
    outer loop
      vertex 0.453979 0.731216 16.1
      vertex 0.585785 0.585785 0
      vertex 0.585785 0.585785 16.1
    endloop
  endfacet
  facet normal 0 -1 0
    outer loop
      vertex 2 0 16.1
      vertex 10.3 0 9.8
      vertex 10.3 0 16.1
    endloop
  endfacet
  facet normal 0 -1 -0
    outer loop
      vertex 10.3 0 9.8
      vertex 2 0 0
      vertex 19.9 0 9.8
    endloop
  endfacet
  facet normal 0 -1 0
    outer loop
      vertex 2 0 0
      vertex 10.3 0 9.8
      vertex 2 0 16.1
    endloop
  endfacet
  facet normal 0 -1 0
    outer loop
      vertex 19.9 0 9.8
      vertex 55.2 0 16.1
      vertex 19.9 0 16.1
    endloop
  endfacet
  facet normal 0 -1 0
    outer loop
      vertex 55.2 0 0
      vertex 19.9 0 9.8
      vertex 2 0 0
    endloop
  endfacet
  facet normal 0 -1 0
    outer loop
      vertex 19.9 0 9.8
      vertex 55.2 0 0
      vertex 55.2 0 16.1
    endloop
  endfacet
  facet normal -0.90397 -0.427595 0
    outer loop
      vertex 0.23616 1.05721 0
      vertex 0.152237 1.23463 16.1
      vertex 0.152237 1.23463 0
    endloop
  endfacet
  facet normal -0.90397 -0.427595 0
    outer loop
      vertex 0.152237 1.23463 16.1
      vertex 0.23616 1.05721 0
      vertex 0.23616 1.05721 16.1
    endloop
  endfacet
  facet normal -0.595696 -0.80321 0
    outer loop
      vertex 0.731216 0.453979 0
      vertex 0.888855 0.337067 16.1
      vertex 0.731216 0.453979 16.1
    endloop
  endfacet
  facet normal -0.595696 -0.80321 -0
    outer loop
      vertex 0.888855 0.337067 16.1
      vertex 0.731216 0.453979 0
      vertex 0.888855 0.337067 0
    endloop
  endfacet
  facet normal 0.903819 -0.427916 0
    outer loop
      vertex 56.9638 1.05721 16.1
      vertex 57.0478 1.23463 0
      vertex 57.0478 1.23463 16.1
    endloop
  endfacet
  facet normal 0.903819 -0.427916 0
    outer loop
      vertex 57.0478 1.23463 0
      vertex 56.9638 1.05721 16.1
      vertex 56.9638 1.05721 0
    endloop
  endfacet
  facet normal 0 1 -0
    outer loop
      vertex 55.2 47.2 0
      vertex 2 47.2 16.1
      vertex 55.2 47.2 16.1
    endloop
  endfacet
  facet normal 0 1 0
    outer loop
      vertex 2 47.2 16.1
      vertex 55.2 47.2 0
      vertex 2 47.2 0
    endloop
  endfacet
  facet normal 0.998803 0.0489209 0
    outer loop
      vertex 57.2 45.2 16.1
      vertex 57.1904 45.396 0
      vertex 57.1904 45.396 16.1
    endloop
  endfacet
  facet normal 0.998803 0.0489209 0
    outer loop
      vertex 57.1904 45.396 0
      vertex 57.2 45.2 16.1
      vertex 57.2 45.2 0
    endloop
  endfacet
  facet normal 0.336862 -0.941554 0
    outer loop
      vertex 55.7806 0.0861206 0
      vertex 55.9654 0.152237 16.1
      vertex 55.7806 0.0861206 16.1
    endloop
  endfacet
  facet normal 0.336862 -0.941554 0
    outer loop
      vertex 55.9654 0.152237 16.1
      vertex 55.7806 0.0861206 0
      vertex 55.9654 0.152237 0
    endloop
  endfacet
  facet normal 0.989182 0.146696 0
    outer loop
      vertex 57.1904 45.396 16.1
      vertex 57.1616 45.5902 0
      vertex 57.1616 45.5902 16.1
    endloop
  endfacet
  facet normal 0.989182 0.146696 0
    outer loop
      vertex 57.1616 45.5902 0
      vertex 57.1904 45.396 16.1
      vertex 57.1904 45.396 0
    endloop
  endfacet
  facet normal -0.146733 0.989176 0
    outer loop
      vertex 1.80397 47.1904 0
      vertex 1.60982 47.1616 16.1
      vertex 1.80397 47.1904 16.1
    endloop
  endfacet
  facet normal -0.146733 0.989176 0
    outer loop
      vertex 1.60982 47.1616 16.1
      vertex 1.80397 47.1904 0
      vertex 1.60982 47.1616 0
    endloop
  endfacet
  facet normal 0.243015 0.970023 -0
    outer loop
      vertex 55.7806 47.1139 0
      vertex 55.5902 47.1616 16.1
      vertex 55.7806 47.1139 16.1
    endloop
  endfacet
  facet normal 0.243015 0.970023 0
    outer loop
      vertex 55.5902 47.1616 16.1
      vertex 55.7806 47.1139 0
      vertex 55.5902 47.1616 0
    endloop
  endfacet
  facet normal 1 0 0
    outer loop
      vertex 57.2 45.2 16.1
      vertex 57.2 26.8 7.8
      vertex 57.2 45.2 0
    endloop
  endfacet
  facet normal 1 0 0
    outer loop
      vertex 57.2 45.2 16.1
      vertex 57.2 20.4 7.8
      vertex 57.2 26.8 7.8
    endloop
  endfacet
  facet normal 1 0 0
    outer loop
      vertex 57.2 2 0
      vertex 57.2 20.4 7.8
      vertex 57.2 2 16.1
    endloop
  endfacet
  facet normal 1 -0 0
    outer loop
      vertex 57.2 2 16.1
      vertex 57.2 20.4 7.8
      vertex 57.2 45.2 16.1
    endloop
  endfacet
  facet normal 1 -0 0
    outer loop
      vertex 57.2 26.8 4.2
      vertex 57.2 45.2 0
      vertex 57.2 26.8 7.8
    endloop
  endfacet
  facet normal 1 -0 0
    outer loop
      vertex 57.2 20.4 4.2
      vertex 57.2 45.2 0
      vertex 57.2 26.8 4.2
    endloop
  endfacet
  facet normal 1 0 0
    outer loop
      vertex 57.2 20.4 4.2
      vertex 57.2 2 0
      vertex 57.2 45.2 0
    endloop
  endfacet
  facet normal 1 0 0
    outer loop
      vertex 57.2 20.4 7.8
      vertex 57.2 2 0
      vertex 57.2 20.4 4.2
    endloop
  endfacet
  facet normal 0.514222 -0.857657 0
    outer loop
      vertex 56.1428 0.23616 0
      vertex 56.3111 0.337067 16.1
      vertex 56.1428 0.23616 16.1
    endloop
  endfacet
  facet normal 0.514222 -0.857657 0
    outer loop
      vertex 56.3111 0.337067 16.1
      vertex 56.1428 0.23616 0
      vertex 56.3111 0.337067 0
    endloop
  endfacet
  facet normal 0.427634 -0.903952 0
    outer loop
      vertex 55.9654 0.152237 0
      vertex 56.1428 0.23616 16.1
      vertex 55.9654 0.152237 16.1
    endloop
  endfacet
  facet normal 0.427634 -0.903952 0
    outer loop
      vertex 56.1428 0.23616 16.1
      vertex 55.9654 0.152237 0
      vertex 56.1428 0.23616 0
    endloop
  endfacet
  facet normal -0.941554 0.336862 0
    outer loop
      vertex 0.0861206 45.7806 0
      vertex 0.152237 45.9654 16.1
      vertex 0.152237 45.9654 0
    endloop
  endfacet
  facet normal -0.941554 0.336862 0
    outer loop
      vertex 0.152237 45.9654 16.1
      vertex 0.0861206 45.7806 0
      vertex 0.0861206 45.7806 16.1
    endloop
  endfacet
  facet normal -0.941554 -0.336862 0
    outer loop
      vertex 0.152237 1.23463 0
      vertex 0.0861206 1.41943 16.1
      vertex 0.0861206 1.41943 0
    endloop
  endfacet
  facet normal -0.941554 -0.336862 0
    outer loop
      vertex 0.0861206 1.41943 16.1
      vertex 0.152237 1.23463 0
      vertex 0.152237 1.23463 16.1
    endloop
  endfacet
  facet normal -0.80321 -0.595696 0
    outer loop
      vertex 0.453979 0.731216 0
      vertex 0.337067 0.888855 16.1
      vertex 0.337067 0.888855 0
    endloop
  endfacet
  facet normal -0.80321 -0.595696 0
    outer loop
      vertex 0.337067 0.888855 16.1
      vertex 0.453979 0.731216 0
      vertex 0.453979 0.731216 16.1
    endloop
  endfacet
  facet normal 0.595508 0.80335 -0
    outer loop
      vertex 56.4688 46.746 0
      vertex 56.3111 46.8629 16.1
      vertex 56.4688 46.746 16.1
    endloop
  endfacet
  facet normal 0.595508 0.80335 0
    outer loop
      vertex 56.3111 46.8629 16.1
      vertex 56.4688 46.746 0
      vertex 56.3111 46.8629 0
    endloop
  endfacet
  facet normal -0.242949 -0.970039 0
    outer loop
      vertex 1.41943 0.0861206 0
      vertex 1.60982 0.0384369 16.1
      vertex 1.41943 0.0861206 16.1
    endloop
  endfacet
  facet normal -0.242949 -0.970039 -0
    outer loop
      vertex 1.60982 0.0384369 16.1
      vertex 1.41943 0.0861206 0
      vertex 1.60982 0.0384369 0
    endloop
  endfacet
  facet normal 0.9038 0.427955 0
    outer loop
      vertex 57.0478 45.9654 16.1
      vertex 56.9638 46.1428 0
      vertex 56.9638 46.1428 16.1
    endloop
  endfacet
  facet normal 0.9038 0.427955 0
    outer loop
      vertex 56.9638 46.1428 0
      vertex 57.0478 45.9654 16.1
      vertex 57.0478 45.9654 0
    endloop
  endfacet
  facet normal -0.989175 0.146739 0
    outer loop
      vertex 0.0096283 45.396 0
      vertex 0.0384369 45.5902 16.1
      vertex 0.0384369 45.5902 0
    endloop
  endfacet
  facet normal -0.989175 0.146739 0
    outer loop
      vertex 0.0384369 45.5902 16.1
      vertex 0.0096283 45.396 0
      vertex 0.0096283 45.396 16.1
    endloop
  endfacet
  facet normal -0.336862 -0.941554 0
    outer loop
      vertex 1.23463 0.152237 0
      vertex 1.41943 0.0861206 16.1
      vertex 1.23463 0.152237 16.1
    endloop
  endfacet
  facet normal -0.336862 -0.941554 -0
    outer loop
      vertex 1.41943 0.0861206 16.1
      vertex 1.23463 0.152237 0
      vertex 1.41943 0.0861206 0
    endloop
  endfacet
  facet normal 0.989176 -0.146733 0
    outer loop
      vertex 57.1616 1.60982 16.1
      vertex 57.1904 1.80397 0
      vertex 57.1904 1.80397 16.1
    endloop
  endfacet
  facet normal 0.989176 -0.146733 0
    outer loop
      vertex 57.1904 1.80397 0
      vertex 57.1616 1.60982 16.1
      vertex 57.1616 1.60982 0
    endloop
  endfacet
  facet normal -0.427916 0.903819 0
    outer loop
      vertex 1.23463 47.0478 0
      vertex 1.05721 46.9638 16.1
      vertex 1.23463 47.0478 16.1
    endloop
  endfacet
  facet normal -0.427916 0.903819 0
    outer loop
      vertex 1.05721 46.9638 16.1
      vertex 1.23463 47.0478 0
      vertex 1.05721 46.9638 0
    endloop
  endfacet
  facet normal 0.671624 -0.740892 0
    outer loop
      vertex 56.4688 0.453979 0
      vertex 56.6142 0.585785 16.1
      vertex 56.4688 0.453979 16.1
    endloop
  endfacet
  facet normal 0.671624 -0.740892 0
    outer loop
      vertex 56.6142 0.585785 16.1
      vertex 56.4688 0.453979 0
      vertex 56.6142 0.585785 0
    endloop
  endfacet
  facet normal -0.998796 0.0490648 0
    outer loop
      vertex 0 45.2 0
      vertex 0.0096283 45.396 16.1
      vertex 0.0096283 45.396 0
    endloop
  endfacet
  facet normal -0.998796 0.0490648 0
    outer loop
      vertex 0.0096283 45.396 16.1
      vertex 0 45.2 0
      vertex 0 45.2 16.1
    endloop
  endfacet
  facet normal -0.671528 0.740979 0
    outer loop
      vertex 0.731216 46.746 0
      vertex 0.585785 46.6142 16.1
      vertex 0.731216 46.746 16.1
    endloop
  endfacet
  facet normal -0.671528 0.740979 0
    outer loop
      vertex 0.585785 46.6142 16.1
      vertex 0.731216 46.746 0
      vertex 0.585785 46.6142 0
    endloop
  endfacet
  facet normal -0.970042 0.242937 0
    outer loop
      vertex 0.0384369 45.5902 0
      vertex 0.0861206 45.7806 16.1
      vertex 0.0861206 45.7806 0
    endloop
  endfacet
  facet normal -0.970042 0.242937 0
    outer loop
      vertex 0.0861206 45.7806 16.1
      vertex 0.0384369 45.5902 0
      vertex 0.0384369 45.5902 16.1
    endloop
  endfacet
  facet normal 0.970023 0.243015 0
    outer loop
      vertex 57.1616 45.5902 16.1
      vertex 57.1139 45.7806 0
      vertex 57.1139 45.7806 16.1
    endloop
  endfacet
  facet normal 0.970023 0.243015 0
    outer loop
      vertex 57.1139 45.7806 0
      vertex 57.1616 45.5902 16.1
      vertex 57.1616 45.5902 0
    endloop
  endfacet
  facet normal 0.514196 0.857673 -0
    outer loop
      vertex 56.3111 46.8629 0
      vertex 56.1428 46.9638 16.1
      vertex 56.3111 46.8629 16.1
    endloop
  endfacet
  facet normal 0.514196 0.857673 0
    outer loop
      vertex 56.1428 46.9638 16.1
      vertex 56.3111 46.8629 0
      vertex 56.1428 46.9638 0
    endloop
  endfacet
  facet normal -0.243027 0.970019 0
    outer loop
      vertex 1.60982 47.1616 0
      vertex 1.41943 47.1139 16.1
      vertex 1.60982 47.1616 16.1
    endloop
  endfacet
  facet normal -0.243027 0.970019 0
    outer loop
      vertex 1.41943 47.1139 16.1
      vertex 1.60982 47.1616 0
      vertex 1.41943 47.1139 0
    endloop
  endfacet
  facet normal -0.514099 -0.857731 0
    outer loop
      vertex 0.888855 0.337067 0
      vertex 1.05721 0.23616 16.1
      vertex 0.888855 0.337067 16.1
    endloop
  endfacet
  facet normal -0.514099 -0.857731 -0
    outer loop
      vertex 1.05721 0.23616 16.1
      vertex 0.888855 0.337067 0
      vertex 1.05721 0.23616 0
    endloop
  endfacet
  facet normal -0.146776 -0.98917 0
    outer loop
      vertex 1.60982 0.0384369 0
      vertex 1.80397 0.0096283 16.1
      vertex 1.60982 0.0384369 16.1
    endloop
  endfacet
  facet normal -0.146776 -0.98917 -0
    outer loop
      vertex 1.80397 0.0096283 16.1
      vertex 1.60982 0.0384369 0
      vertex 1.80397 0.0096283 0
    endloop
  endfacet
  facet normal -0.671545 -0.740964 0
    outer loop
      vertex 0.585785 0.585785 0
      vertex 0.731216 0.453979 16.1
      vertex 0.585785 0.585785 16.1
    endloop
  endfacet
  facet normal -0.671545 -0.740964 -0
    outer loop
      vertex 0.731216 0.453979 16.1
      vertex 0.585785 0.585785 0
      vertex 0.731216 0.453979 0
    endloop
  endfacet
  facet normal -0.336788 0.94158 0
    outer loop
      vertex 1.41943 47.1139 0
      vertex 1.23463 47.0478 16.1
      vertex 1.41943 47.1139 16.1
    endloop
  endfacet
  facet normal -0.336788 0.94158 0
    outer loop
      vertex 1.23463 47.0478 16.1
      vertex 1.41943 47.1139 0
      vertex 1.23463 47.0478 0
    endloop
  endfacet
  facet normal -0.427595 -0.90397 0
    outer loop
      vertex 1.05721 0.23616 0
      vertex 1.23463 0.152237 16.1
      vertex 1.05721 0.23616 16.1
    endloop
  endfacet
  facet normal -0.427595 -0.90397 -0
    outer loop
      vertex 1.23463 0.152237 16.1
      vertex 1.05721 0.23616 0
      vertex 1.23463 0.152237 0
    endloop
  endfacet
  facet normal 0.970019 -0.243027 0
    outer loop
      vertex 57.1139 1.41943 16.1
      vertex 57.1616 1.60982 0
      vertex 57.1616 1.60982 16.1
    endloop
  endfacet
  facet normal 0.970019 -0.243027 0
    outer loop
      vertex 57.1616 1.60982 0
      vertex 57.1139 1.41943 16.1
      vertex 57.1139 1.41943 0
    endloop
  endfacet
  facet normal 0.336788 0.94158 -0
    outer loop
      vertex 55.9654 47.0478 0
      vertex 55.7806 47.1139 16.1
      vertex 55.9654 47.0478 16.1
    endloop
  endfacet
  facet normal 0.336788 0.94158 0
    outer loop
      vertex 55.7806 47.1139 16.1
      vertex 55.9654 47.0478 0
      vertex 55.7806 47.1139 0
    endloop
  endfacet
  facet normal 0.80335 0.595508 0
    outer loop
      vertex 56.8629 46.3111 16.1
      vertex 56.746 46.4688 0
      vertex 56.746 46.4688 16.1
    endloop
  endfacet
  facet normal 0.80335 0.595508 0
    outer loop
      vertex 56.746 46.4688 0
      vertex 56.8629 46.3111 16.1
      vertex 56.8629 46.3111 0
    endloop
  endfacet
  facet normal 0.0489209 0.998803 -0
    outer loop
      vertex 55.396 47.1904 0
      vertex 55.2 47.2 16.1
      vertex 55.396 47.1904 16.1
    endloop
  endfacet
  facet normal 0.0489209 0.998803 0
    outer loop
      vertex 55.2 47.2 16.1
      vertex 55.396 47.1904 0
      vertex 55.2 47.2 0
    endloop
  endfacet
  facet normal 0.146739 -0.989175 0
    outer loop
      vertex 55.396 0.0096283 0
      vertex 55.5902 0.0384369 16.1
      vertex 55.396 0.0096283 16.1
    endloop
  endfacet
  facet normal 0.146739 -0.989175 0
    outer loop
      vertex 55.5902 0.0384369 16.1
      vertex 55.396 0.0096283 0
      vertex 55.5902 0.0384369 0
    endloop
  endfacet
  facet normal -0.98917 -0.146776 0
    outer loop
      vertex 0.0384369 1.60982 0
      vertex 0.0096283 1.80397 16.1
      vertex 0.0096283 1.80397 0
    endloop
  endfacet
  facet normal -0.98917 -0.146776 0
    outer loop
      vertex 0.0096283 1.80397 16.1
      vertex 0.0384369 1.60982 0
      vertex 0.0384369 1.60982 16.1
    endloop
  endfacet
  facet normal -0.740892 0.671624 0
    outer loop
      vertex 0.453979 46.4688 0
      vertex 0.585785 46.6142 16.1
      vertex 0.585785 46.6142 0
    endloop
  endfacet
  facet normal -0.740892 0.671624 0
    outer loop
      vertex 0.585785 46.6142 16.1
      vertex 0.453979 46.4688 0
      vertex 0.453979 46.4688 16.1
    endloop
  endfacet
  facet normal 0.998803 -0.0489135 0
    outer loop
      vertex 57.1904 1.80397 16.1
      vertex 57.2 2 0
      vertex 57.2 2 16.1
    endloop
  endfacet
  facet normal 0.998803 -0.0489135 0
    outer loop
      vertex 57.2 2 0
      vertex 57.1904 1.80397 16.1
      vertex 57.1904 1.80397 0
    endloop
  endfacet
  facet normal -0.857731 -0.514099 0
    outer loop
      vertex 0.337067 0.888855 0
      vertex 0.23616 1.05721 16.1
      vertex 0.23616 1.05721 0
    endloop
  endfacet
  facet normal -0.857731 -0.514099 0
    outer loop
      vertex 0.23616 1.05721 16.1
      vertex 0.337067 0.888855 0
      vertex 0.337067 0.888855 16.1
    endloop
  endfacet
  facet normal -0.970039 -0.242949 0
    outer loop
      vertex 0.0861206 1.41943 0
      vertex 0.0384369 1.60982 16.1
      vertex 0.0384369 1.60982 0
    endloop
  endfacet
  facet normal -0.970039 -0.242949 0
    outer loop
      vertex 0.0384369 1.60982 16.1
      vertex 0.0861206 1.41943 0
      vertex 0.0861206 1.41943 16.1
    endloop
  endfacet
  facet normal 0.740908 0.671607 0
    outer loop
      vertex 56.746 46.4688 16.1
      vertex 56.6142 46.6142 0
      vertex 56.6142 46.6142 16.1
    endloop
  endfacet
  facet normal 0.740908 0.671607 0
    outer loop
      vertex 56.6142 46.6142 0
      vertex 56.746 46.4688 16.1
      vertex 56.746 46.4688 0
    endloop
  endfacet
  facet normal -0.80332 0.595547 0
    outer loop
      vertex 0.337067 46.3111 0
      vertex 0.453979 46.4688 16.1
      vertex 0.453979 46.4688 0
    endloop
  endfacet
  facet normal -0.80332 0.595547 0
    outer loop
      vertex 0.453979 46.4688 16.1
      vertex 0.337067 46.3111 0
      vertex 0.337067 46.3111 16.1
    endloop
  endfacet
  facet normal 0.803239 -0.595656 0
    outer loop
      vertex 56.746 0.731216 16.1
      vertex 56.8629 0.888855 0
      vertex 56.8629 0.888855 16.1
    endloop
  endfacet
  facet normal 0.803239 -0.595656 0
    outer loop
      vertex 56.8629 0.888855 0
      vertex 56.746 0.731216 16.1
      vertex 56.746 0.731216 0
    endloop
  endfacet
  facet normal 0.857747 -0.514072 0
    outer loop
      vertex 56.8629 0.888855 16.1
      vertex 56.9638 1.05721 0
      vertex 56.9638 1.05721 16.1
    endloop
  endfacet
  facet normal 0.857747 -0.514072 0
    outer loop
      vertex 56.9638 1.05721 0
      vertex 56.8629 0.888855 16.1
      vertex 56.8629 0.888855 0
    endloop
  endfacet
  facet normal 0.146696 0.989182 -0
    outer loop
      vertex 55.5902 47.1616 0
      vertex 55.396 47.1904 16.1
      vertex 55.5902 47.1616 16.1
    endloop
  endfacet
  facet normal 0.146696 0.989182 0
    outer loop
      vertex 55.396 47.1904 16.1
      vertex 55.5902 47.1616 0
      vertex 55.396 47.1904 0
    endloop
  endfacet
  facet normal 0.595547 -0.80332 0
    outer loop
      vertex 56.3111 0.337067 0
      vertex 56.4688 0.453979 16.1
      vertex 56.3111 0.337067 16.1
    endloop
  endfacet
  facet normal 0.595547 -0.80332 0
    outer loop
      vertex 56.4688 0.453979 16.1
      vertex 56.3111 0.337067 0
      vertex 56.4688 0.453979 0
    endloop
  endfacet
  facet normal 0.94158 0.336788 0
    outer loop
      vertex 57.1139 45.7806 16.1
      vertex 57.0478 45.9654 0
      vertex 57.0478 45.9654 16.1
    endloop
  endfacet
  facet normal 0.94158 0.336788 0
    outer loop
      vertex 57.0478 45.9654 0
      vertex 57.1139 45.7806 16.1
      vertex 57.1139 45.7806 0
    endloop
  endfacet
  facet normal -0.595656 0.803239 0
    outer loop
      vertex 0.888855 46.8629 0
      vertex 0.731216 46.746 16.1
      vertex 0.888855 46.8629 16.1
    endloop
  endfacet
  facet normal -0.595656 0.803239 0
    outer loop
      vertex 0.731216 46.746 16.1
      vertex 0.888855 46.8629 0
      vertex 0.731216 46.746 0
    endloop
  endfacet
  facet normal 0.242937 -0.970042 0
    outer loop
      vertex 55.5902 0.0384369 0
      vertex 55.7806 0.0861206 16.1
      vertex 55.5902 0.0384369 16.1
    endloop
  endfacet
  facet normal 0.242937 -0.970042 0
    outer loop
      vertex 55.7806 0.0861206 16.1
      vertex 55.5902 0.0384369 0
      vertex 55.7806 0.0861206 0
    endloop
  endfacet
  facet normal -0.514072 0.857747 0
    outer loop
      vertex 1.05721 46.9638 0
      vertex 0.888855 46.8629 16.1
      vertex 1.05721 46.9638 16.1
    endloop
  endfacet
  facet normal -0.514072 0.857747 0
    outer loop
      vertex 0.888855 46.8629 16.1
      vertex 1.05721 46.9638 0
      vertex 0.888855 46.8629 0
    endloop
  endfacet
  facet normal -0.857657 0.514222 0
    outer loop
      vertex 0.23616 46.1428 0
      vertex 0.337067 46.3111 16.1
      vertex 0.337067 46.3111 0
    endloop
  endfacet
  facet normal -0.857657 0.514222 0
    outer loop
      vertex 0.337067 46.3111 16.1
      vertex 0.23616 46.1428 0
      vertex 0.23616 46.1428 16.1
    endloop
  endfacet
  facet normal 0.740979 -0.671528 0
    outer loop
      vertex 56.6142 0.585785 16.1
      vertex 56.746 0.731216 0
      vertex 56.746 0.731216 16.1
    endloop
  endfacet
  facet normal 0.740979 -0.671528 0
    outer loop
      vertex 56.746 0.731216 0
      vertex 56.6142 0.585785 16.1
      vertex 56.6142 0.585785 0
    endloop
  endfacet
  facet normal 0.671607 0.740908 -0
    outer loop
      vertex 56.6142 46.6142 0
      vertex 56.4688 46.746 16.1
      vertex 56.6142 46.6142 16.1
    endloop
  endfacet
  facet normal 0.671607 0.740908 0
    outer loop
      vertex 56.4688 46.746 16.1
      vertex 56.6142 46.6142 0
      vertex 56.4688 46.746 0
    endloop
  endfacet
  facet normal 0 0 -1
    outer loop
      vertex 55.2 0 0
      vertex 57.2 2 0
      vertex 57.1904 1.80397 0
    endloop
  endfacet
  facet normal 0 0 -1
    outer loop
      vertex 57.2 2 0
      vertex 35.2 23.6 0
      vertex 57.2 45.2 0
    endloop
  endfacet
  facet normal 0 0 -1
    outer loop
      vertex 55.2 0 0
      vertex 57.1904 1.80397 0
      vertex 57.1616 1.60982 0
    endloop
  endfacet
  facet normal 0 0 -1
    outer loop
      vertex 35.1851 23.9039 0
      vertex 57.2 45.2 0
      vertex 35.2 23.6 0
    endloop
  endfacet
  facet normal 0 0 -1
    outer loop
      vertex 55.2 0 0
      vertex 57.1616 1.60982 0
      vertex 57.1139 1.41943 0
    endloop
  endfacet
  facet normal 0 0 -1
    outer loop
      vertex 35.1404 24.2048 0
      vertex 57.2 45.2 0
      vertex 35.1851 23.9039 0
    endloop
  endfacet
  facet normal 0 0 -1
    outer loop
      vertex 55.2 0 0
      vertex 57.1139 1.41943 0
      vertex 57.0478 1.23463 0
    endloop
  endfacet
  facet normal 0 0 -1
    outer loop
      vertex 35.0665 24.4999 0
      vertex 57.2 45.2 0
      vertex 35.1404 24.2048 0
    endloop
  endfacet
  facet normal 0 0 -1
    outer loop
      vertex 55.2 0 0
      vertex 57.0478 1.23463 0
      vertex 56.9638 1.05721 0
    endloop
  endfacet
  facet normal 0 0 -1
    outer loop
      vertex 34.964 24.7863 0
      vertex 57.2 45.2 0
      vertex 35.0665 24.4999 0
    endloop
  endfacet
  facet normal 0 0 -1
    outer loop
      vertex 55.2 0 0
      vertex 56.9638 1.05721 0
      vertex 56.8629 0.888855 0
    endloop
  endfacet
  facet normal 0 0 -1
    outer loop
      vertex 34.834 25.0613 0
      vertex 57.2 45.2 0
      vertex 34.964 24.7863 0
    endloop
  endfacet
  facet normal 0 0 -1
    outer loop
      vertex 55.2 0 0
      vertex 56.8629 0.888855 0
      vertex 56.746 0.731216 0
    endloop
  endfacet
  facet normal 0 0 -1
    outer loop
      vertex 34.6776 25.3223 0
      vertex 57.2 45.2 0
      vertex 34.834 25.0613 0
    endloop
  endfacet
  facet normal 0 0 -1
    outer loop
      vertex 55.2 0 0
      vertex 56.746 0.731216 0
      vertex 56.6142 0.585785 0
    endloop
  endfacet
  facet normal 0 0 -1
    outer loop
      vertex 34.4963 25.5666 0
      vertex 57.2 45.2 0
      vertex 34.6776 25.3223 0
    endloop
  endfacet
  facet normal 0 0 -1
    outer loop
      vertex 55.2 0 0
      vertex 56.6142 0.585785 0
      vertex 56.4688 0.453979 0
    endloop
  endfacet
  facet normal 0 -0 -1
    outer loop
      vertex 55.2 47.2 0
      vertex 57.2 45.2 0
      vertex 34.4963 25.5666 0
    endloop
  endfacet
  facet normal 0 0 -1
    outer loop
      vertex 55.2 0 0
      vertex 56.4688 0.453979 0
      vertex 56.3111 0.337067 0
    endloop
  endfacet
  facet normal 0 0 -1
    outer loop
      vertex 57.2 45.2 0
      vertex 55.2 47.2 0
      vertex 57.1904 45.396 0
    endloop
  endfacet
  facet normal 0 0 -1
    outer loop
      vertex 55.2 0 0
      vertex 56.3111 0.337067 0
      vertex 56.1428 0.23616 0
    endloop
  endfacet
  facet normal 0 0 -1
    outer loop
      vertex 57.1616 45.5902 0
      vertex 55.2 47.2 0
      vertex 57.1139 45.7806 0
    endloop
  endfacet
  facet normal 0 0 -1
    outer loop
      vertex 55.2 0 0
      vertex 56.1428 0.23616 0
      vertex 55.9654 0.152237 0
    endloop
  endfacet
  facet normal 0 0 -1
    outer loop
      vertex 57.0478 45.9654 0
      vertex 55.2 47.2 0
      vertex 56.9638 46.1428 0
    endloop
  endfacet
  facet normal 0 0 -1
    outer loop
      vertex 55.2 0 0
      vertex 55.9654 0.152237 0
      vertex 55.7806 0.0861206 0
    endloop
  endfacet
  facet normal 0 0 -1
    outer loop
      vertex 56.9638 46.1428 0
      vertex 55.2 47.2 0
      vertex 56.8629 46.3111 0
    endloop
  endfacet
  facet normal 0 0 -1
    outer loop
      vertex 55.2 0 0
      vertex 55.7806 0.0861206 0
      vertex 55.5902 0.0384369 0
    endloop
  endfacet
  facet normal 0 0 -1
    outer loop
      vertex 56.746 46.4688 0
      vertex 55.2 47.2 0
      vertex 56.6142 46.6142 0
    endloop
  endfacet
  facet normal 0 0 -1
    outer loop
      vertex 55.2 0 0
      vertex 55.5902 0.0384369 0
      vertex 55.396 0.0096283 0
    endloop
  endfacet
  facet normal 0 0 -1
    outer loop
      vertex 56.6142 46.6142 0
      vertex 55.2 47.2 0
      vertex 56.4688 46.746 0
    endloop
  endfacet
  facet normal -0 0 -1
    outer loop
      vertex 57.2 2 0
      vertex 55.2 0 0
      vertex 34.4963 21.6334 0
    endloop
  endfacet
  facet normal 0 0 -1
    outer loop
      vertex 56.3111 46.8629 0
      vertex 55.2 47.2 0
      vertex 56.1428 46.9638 0
    endloop
  endfacet
  facet normal 0 0 -1
    outer loop
      vertex 56.1428 46.9638 0
      vertex 55.2 47.2 0
      vertex 55.9654 47.0478 0
    endloop
  endfacet
  facet normal 0 0 -1
    outer loop
      vertex 57.2 2 0
      vertex 35.1851 23.2961 0
      vertex 35.2 23.6 0
    endloop
  endfacet
  facet normal 0 0 -1
    outer loop
      vertex 57.2 2 0
      vertex 35.1404 22.9952 0
      vertex 35.1851 23.2961 0
    endloop
  endfacet
  facet normal 0 0 -1
    outer loop
      vertex 57.2 2 0
      vertex 35.0665 22.7001 0
      vertex 35.1404 22.9952 0
    endloop
  endfacet
  facet normal 0 0 -1
    outer loop
      vertex 57.2 2 0
      vertex 34.964 22.4137 0
      vertex 35.0665 22.7001 0
    endloop
  endfacet
  facet normal 0 0 -1
    outer loop
      vertex 57.2 2 0
      vertex 34.834 22.1387 0
      vertex 34.964 22.4137 0
    endloop
  endfacet
  facet normal 0 0 -1
    outer loop
      vertex 57.2 2 0
      vertex 34.6776 21.8777 0
      vertex 34.834 22.1387 0
    endloop
  endfacet
  facet normal 0 0 -1
    outer loop
      vertex 57.2 2 0
      vertex 34.4963 21.6334 0
      vertex 34.6776 21.8777 0
    endloop
  endfacet
  facet normal 0 0 -1
    outer loop
      vertex 55.2 0 0
      vertex 34.292 21.408 0
      vertex 34.4963 21.6334 0
    endloop
  endfacet
  facet normal 0 0 -1
    outer loop
      vertex 55.2 0 0
      vertex 34.0666 21.2037 0
      vertex 34.292 21.408 0
    endloop
  endfacet
  facet normal 0 0 -1
    outer loop
      vertex 55.2 0 0
      vertex 33.8223 21.0224 0
      vertex 34.0666 21.2037 0
    endloop
  endfacet
  facet normal 0 0 -1
    outer loop
      vertex 55.2 0 0
      vertex 33.5613 20.866 0
      vertex 33.8223 21.0224 0
    endloop
  endfacet
  facet normal 0 0 -1
    outer loop
      vertex 55.2 0 0
      vertex 33.2863 20.736 0
      vertex 33.5613 20.866 0
    endloop
  endfacet
  facet normal 0 0 -1
    outer loop
      vertex 55.2 0 0
      vertex 32.9999 20.6335 0
      vertex 33.2863 20.736 0
    endloop
  endfacet
  facet normal 0 0 -1
    outer loop
      vertex 55.2 0 0
      vertex 32.7048 20.5596 0
      vertex 32.9999 20.6335 0
    endloop
  endfacet
  facet normal 0 0 -1
    outer loop
      vertex 55.2 0 0
      vertex 32.4039 20.5149 0
      vertex 32.7048 20.5596 0
    endloop
  endfacet
  facet normal 0 0 -1
    outer loop
      vertex 55.2 0 0
      vertex 32.1 20.5 0
      vertex 32.4039 20.5149 0
    endloop
  endfacet
  facet normal 0 0 -1
    outer loop
      vertex 55.2 0 0
      vertex 31.7961 20.5149 0
      vertex 32.1 20.5 0
    endloop
  endfacet
  facet normal 0 0 -1
    outer loop
      vertex 2 0 0
      vertex 31.7961 20.5149 0
      vertex 55.2 0 0
    endloop
  endfacet
  facet normal -0 0 -1
    outer loop
      vertex 31.7961 20.5149 0
      vertex 2 0 0
      vertex 31.4952 20.5596 0
    endloop
  endfacet
  facet normal -0 0 -1
    outer loop
      vertex 31.4952 20.5596 0
      vertex 2 0 0
      vertex 31.2001 20.6335 0
    endloop
  endfacet
  facet normal -0 0 -1
    outer loop
      vertex 31.2001 20.6335 0
      vertex 2 0 0
      vertex 30.9137 20.736 0
    endloop
  endfacet
  facet normal -0 0 -1
    outer loop
      vertex 30.9137 20.736 0
      vertex 2 0 0
      vertex 30.6387 20.866 0
    endloop
  endfacet
  facet normal -0 0 -1
    outer loop
      vertex 30.6387 20.866 0
      vertex 2 0 0
      vertex 30.3777 21.0224 0
    endloop
  endfacet
  facet normal -0 0 -1
    outer loop
      vertex 29.0596 22.9952 0
      vertex 0 2 0
      vertex 29.0149 23.2961 0
    endloop
  endfacet
  facet normal -0 0 -1
    outer loop
      vertex 29.1335 22.7001 0
      vertex 0 2 0
      vertex 29.0596 22.9952 0
    endloop
  endfacet
  facet normal -0 0 -1
    outer loop
      vertex 29.236 22.4137 0
      vertex 0 2 0
      vertex 29.1335 22.7001 0
    endloop
  endfacet
  facet normal -0 0 -1
    outer loop
      vertex 29.366 22.1387 0
      vertex 0 2 0
      vertex 29.236 22.4137 0
    endloop
  endfacet
  facet normal 0 0 -1
    outer loop
      vertex 0 2 0
      vertex 29.366 22.1387 0
      vertex 2 0 0
    endloop
  endfacet
  facet normal -0 0 -1
    outer loop
      vertex 29.5224 21.8777 0
      vertex 2 0 0
      vertex 29.366 22.1387 0
    endloop
  endfacet
  facet normal -0 0 -1
    outer loop
      vertex 29.7037 21.6334 0
      vertex 2 0 0
      vertex 29.5224 21.8777 0
    endloop
  endfacet
  facet normal -0 0 -1
    outer loop
      vertex 29.908 21.408 0
      vertex 2 0 0
      vertex 29.7037 21.6334 0
    endloop
  endfacet
  facet normal -0 0 -1
    outer loop
      vertex 30.1334 21.2037 0
      vertex 2 0 0
      vertex 29.908 21.408 0
    endloop
  endfacet
  facet normal -0 0 -1
    outer loop
      vertex 30.3777 21.0224 0
      vertex 2 0 0
      vertex 30.1334 21.2037 0
    endloop
  endfacet
  facet normal 0 0 -1
    outer loop
      vertex 55.7806 47.1139 0
      vertex 55.2 47.2 0
      vertex 55.5902 47.1616 0
    endloop
  endfacet
  facet normal 0 0 -1
    outer loop
      vertex 55.5902 47.1616 0
      vertex 55.2 47.2 0
      vertex 55.396 47.1904 0
    endloop
  endfacet
  facet normal 0 0 -1
    outer loop
      vertex 55.9654 47.0478 0
      vertex 55.2 47.2 0
      vertex 55.7806 47.1139 0
    endloop
  endfacet
  facet normal 0 0 -1
    outer loop
      vertex 56.4688 46.746 0
      vertex 55.2 47.2 0
      vertex 56.3111 46.8629 0
    endloop
  endfacet
  facet normal 0 0 -1
    outer loop
      vertex 56.8629 46.3111 0
      vertex 55.2 47.2 0
      vertex 56.746 46.4688 0
    endloop
  endfacet
  facet normal 0 0 -1
    outer loop
      vertex 57.1139 45.7806 0
      vertex 55.2 47.2 0
      vertex 57.0478 45.9654 0
    endloop
  endfacet
  facet normal 0 0 -1
    outer loop
      vertex 57.1904 45.396 0
      vertex 55.2 47.2 0
      vertex 57.1616 45.5902 0
    endloop
  endfacet
  facet normal 0 0 -1
    outer loop
      vertex 34.292 25.792 0
      vertex 55.2 47.2 0
      vertex 34.4963 25.5666 0
    endloop
  endfacet
  facet normal 0 0 -1
    outer loop
      vertex 34.0666 25.9963 0
      vertex 55.2 47.2 0
      vertex 34.292 25.792 0
    endloop
  endfacet
  facet normal 0 0 -1
    outer loop
      vertex 33.8223 26.1776 0
      vertex 55.2 47.2 0
      vertex 34.0666 25.9963 0
    endloop
  endfacet
  facet normal 0 0 -1
    outer loop
      vertex 33.5613 26.334 0
      vertex 55.2 47.2 0
      vertex 33.8223 26.1776 0
    endloop
  endfacet
  facet normal 0 0 -1
    outer loop
      vertex 33.2863 26.464 0
      vertex 55.2 47.2 0
      vertex 33.5613 26.334 0
    endloop
  endfacet
  facet normal 0 0 -1
    outer loop
      vertex 32.9999 26.5665 0
      vertex 55.2 47.2 0
      vertex 33.2863 26.464 0
    endloop
  endfacet
  facet normal 0 0 -1
    outer loop
      vertex 32.7048 26.6404 0
      vertex 55.2 47.2 0
      vertex 32.9999 26.5665 0
    endloop
  endfacet
  facet normal 0 0 -1
    outer loop
      vertex 32.4039 26.6851 0
      vertex 55.2 47.2 0
      vertex 32.7048 26.6404 0
    endloop
  endfacet
  facet normal 0 0 -1
    outer loop
      vertex 32.1 26.7 0
      vertex 55.2 47.2 0
      vertex 32.4039 26.6851 0
    endloop
  endfacet
  facet normal 0 0 -1
    outer loop
      vertex 31.7961 26.6851 0
      vertex 55.2 47.2 0
      vertex 32.1 26.7 0
    endloop
  endfacet
  facet normal 0 0 -1
    outer loop
      vertex 2 47.2 0
      vertex 31.7961 26.6851 0
      vertex 31.4952 26.6404 0
    endloop
  endfacet
  facet normal 0 0 -1
    outer loop
      vertex 2 47.2 0
      vertex 31.4952 26.6404 0
      vertex 31.2001 26.5665 0
    endloop
  endfacet
  facet normal 0 0 -1
    outer loop
      vertex 2 47.2 0
      vertex 31.2001 26.5665 0
      vertex 30.9137 26.464 0
    endloop
  endfacet
  facet normal 0 0 -1
    outer loop
      vertex 2 47.2 0
      vertex 30.9137 26.464 0
      vertex 30.6387 26.334 0
    endloop
  endfacet
  facet normal 0 0 -1
    outer loop
      vertex 2 47.2 0
      vertex 30.6387 26.334 0
      vertex 30.3777 26.1776 0
    endloop
  endfacet
  facet normal 0 0 -1
    outer loop
      vertex 2 47.2 0
      vertex 30.3777 26.1776 0
      vertex 30.1334 25.9963 0
    endloop
  endfacet
  facet normal -0 0 -1
    outer loop
      vertex 29.0149 23.2961 0
      vertex 0 2 0
      vertex 29 23.6 0
    endloop
  endfacet
  facet normal 0 0 -1
    outer loop
      vertex 0 45.2 0
      vertex 29 23.6 0
      vertex 0 2 0
    endloop
  endfacet
  facet normal 0 0 -1
    outer loop
      vertex 29 23.6 0
      vertex 0 45.2 0
      vertex 29.0149 23.9039 0
    endloop
  endfacet
  facet normal 0 0 -1
    outer loop
      vertex 29.0149 23.9039 0
      vertex 0 45.2 0
      vertex 29.0596 24.2048 0
    endloop
  endfacet
  facet normal 0 0 -1
    outer loop
      vertex 29.0596 24.2048 0
      vertex 0 45.2 0
      vertex 29.1335 24.4999 0
    endloop
  endfacet
  facet normal 0 0 -1
    outer loop
      vertex 29.1335 24.4999 0
      vertex 0 45.2 0
      vertex 29.236 24.7863 0
    endloop
  endfacet
  facet normal 0 0 -1
    outer loop
      vertex 29.236 24.7863 0
      vertex 0 45.2 0
      vertex 29.366 25.0613 0
    endloop
  endfacet
  facet normal 0 -0 -1
    outer loop
      vertex 2 47.2 0
      vertex 29.366 25.0613 0
      vertex 0 45.2 0
    endloop
  endfacet
  facet normal 0 0 -1
    outer loop
      vertex 31.7961 26.6851 0
      vertex 2 47.2 0
      vertex 55.2 47.2 0
    endloop
  endfacet
  facet normal 0 0 -1
    outer loop
      vertex 29.908 25.792 0
      vertex 2 47.2 0
      vertex 30.1334 25.9963 0
    endloop
  endfacet
  facet normal 0 0 -1
    outer loop
      vertex 29.366 25.0613 0
      vertex 2 47.2 0
      vertex 29.5224 25.3223 0
    endloop
  endfacet
  facet normal 0 0 -1
    outer loop
      vertex 0 2 0
      vertex 2 0 0
      vertex 1.80397 0.0096283 0
    endloop
  endfacet
  facet normal 0 0 -1
    outer loop
      vertex 29.5224 25.3223 0
      vertex 2 47.2 0
      vertex 29.7037 25.5666 0
    endloop
  endfacet
  facet normal 0 0 -1
    outer loop
      vertex 0 2 0
      vertex 1.80397 0.0096283 0
      vertex 1.60982 0.0384369 0
    endloop
  endfacet
  facet normal 0 0 -1
    outer loop
      vertex 29.7037 25.5666 0
      vertex 2 47.2 0
      vertex 29.908 25.792 0
    endloop
  endfacet
  facet normal 0 0 -1
    outer loop
      vertex 0 2 0
      vertex 1.60982 0.0384369 0
      vertex 1.41943 0.0861206 0
    endloop
  endfacet
  facet normal 0 0 -1
    outer loop
      vertex 2 47.2 0
      vertex 0 45.2 0
      vertex 1.80397 47.1904 0
    endloop
  endfacet
  facet normal 0 0 -1
    outer loop
      vertex 0 2 0
      vertex 1.41943 0.0861206 0
      vertex 1.23463 0.152237 0
    endloop
  endfacet
  facet normal 0 0 -1
    outer loop
      vertex 1.80397 47.1904 0
      vertex 0 45.2 0
      vertex 1.60982 47.1616 0
    endloop
  endfacet
  facet normal 0 0 -1
    outer loop
      vertex 0 2 0
      vertex 1.23463 0.152237 0
      vertex 1.05721 0.23616 0
    endloop
  endfacet
  facet normal 0 0 -1
    outer loop
      vertex 1.60982 47.1616 0
      vertex 0 45.2 0
      vertex 1.41943 47.1139 0
    endloop
  endfacet
  facet normal 0 0 -1
    outer loop
      vertex 0 2 0
      vertex 1.05721 0.23616 0
      vertex 0.888855 0.337067 0
    endloop
  endfacet
  facet normal 0 0 -1
    outer loop
      vertex 1.41943 47.1139 0
      vertex 0 45.2 0
      vertex 1.23463 47.0478 0
    endloop
  endfacet
  facet normal 0 0 -1
    outer loop
      vertex 0 2 0
      vertex 0.888855 0.337067 0
      vertex 0.731216 0.453979 0
    endloop
  endfacet
  facet normal 0 0 -1
    outer loop
      vertex 1.23463 47.0478 0
      vertex 0 45.2 0
      vertex 1.05721 46.9638 0
    endloop
  endfacet
  facet normal 0 0 -1
    outer loop
      vertex 0 2 0
      vertex 0.731216 0.453979 0
      vertex 0.585785 0.585785 0
    endloop
  endfacet
  facet normal 0 0 -1
    outer loop
      vertex 1.05721 46.9638 0
      vertex 0 45.2 0
      vertex 0.888855 46.8629 0
    endloop
  endfacet
  facet normal 0 0 -1
    outer loop
      vertex 0 2 0
      vertex 0.585785 0.585785 0
      vertex 0.453979 0.731216 0
    endloop
  endfacet
  facet normal 0 0 -1
    outer loop
      vertex 0.888855 46.8629 0
      vertex 0 45.2 0
      vertex 0.731216 46.746 0
    endloop
  endfacet
  facet normal 0 0 -1
    outer loop
      vertex 0 2 0
      vertex 0.453979 0.731216 0
      vertex 0.337067 0.888855 0
    endloop
  endfacet
  facet normal 0 0 -1
    outer loop
      vertex 0.731216 46.746 0
      vertex 0 45.2 0
      vertex 0.585785 46.6142 0
    endloop
  endfacet
  facet normal 0 0 -1
    outer loop
      vertex 0 2 0
      vertex 0.337067 0.888855 0
      vertex 0.23616 1.05721 0
    endloop
  endfacet
  facet normal 0 0 -1
    outer loop
      vertex 0.585785 46.6142 0
      vertex 0 45.2 0
      vertex 0.453979 46.4688 0
    endloop
  endfacet
  facet normal 0 0 -1
    outer loop
      vertex 0 2 0
      vertex 0.23616 1.05721 0
      vertex 0.152237 1.23463 0
    endloop
  endfacet
  facet normal 0 0 -1
    outer loop
      vertex 0.453979 46.4688 0
      vertex 0 45.2 0
      vertex 0.337067 46.3111 0
    endloop
  endfacet
  facet normal 0 0 -1
    outer loop
      vertex 0 2 0
      vertex 0.152237 1.23463 0
      vertex 0.0861206 1.41943 0
    endloop
  endfacet
  facet normal 0 0 -1
    outer loop
      vertex 0.337067 46.3111 0
      vertex 0 45.2 0
      vertex 0.23616 46.1428 0
    endloop
  endfacet
  facet normal 0 0 -1
    outer loop
      vertex 0 2 0
      vertex 0.0861206 1.41943 0
      vertex 0.0384369 1.60982 0
    endloop
  endfacet
  facet normal 0 0 -1
    outer loop
      vertex 0.23616 46.1428 0
      vertex 0 45.2 0
      vertex 0.152237 45.9654 0
    endloop
  endfacet
  facet normal 0 0 -1
    outer loop
      vertex 0 2 0
      vertex 0.0384369 1.60982 0
      vertex 0.0096283 1.80397 0
    endloop
  endfacet
  facet normal 0 0 -1
    outer loop
      vertex 0.152237 45.9654 0
      vertex 0 45.2 0
      vertex 0.0861206 45.7806 0
    endloop
  endfacet
  facet normal 0 0 -1
    outer loop
      vertex 0.0861206 45.7806 0
      vertex 0 45.2 0
      vertex 0.0384369 45.5902 0
    endloop
  endfacet
  facet normal 0 0 -1
    outer loop
      vertex 0.0384369 45.5902 0
      vertex 0 45.2 0
      vertex 0.0096283 45.396 0
    endloop
  endfacet
  facet normal 0.857673 0.514196 0
    outer loop
      vertex 56.9638 46.1428 16.1
      vertex 56.8629 46.3111 0
      vertex 56.8629 46.3111 16.1
    endloop
  endfacet
  facet normal 0.857673 0.514196 0
    outer loop
      vertex 56.8629 46.3111 0
      vertex 56.9638 46.1428 16.1
      vertex 56.9638 46.1428 0
    endloop
  endfacet
  facet normal 0.94158 -0.336788 0
    outer loop
      vertex 57.0478 1.23463 16.1
      vertex 57.1139 1.41943 0
      vertex 57.1139 1.41943 16.1
    endloop
  endfacet
  facet normal 0.94158 -0.336788 0
    outer loop
      vertex 57.1139 1.41943 0
      vertex 57.0478 1.23463 16.1
      vertex 57.0478 1.23463 0
    endloop
  endfacet
  facet normal 0 0 1
    outer loop
      vertex 55.6 45.6 16.1
      vertex 57.2 45.2 16.1
      vertex 57.1904 45.396 16.1
    endloop
  endfacet
  facet normal 0 0 1
    outer loop
      vertex 57.2 45.2 16.1
      vertex 55.6 45.6 16.1
      vertex 57.2 2 16.1
    endloop
  endfacet
  facet normal 0 0 1
    outer loop
      vertex 55.6 45.6 16.1
      vertex 57.1904 45.396 16.1
      vertex 57.1616 45.5902 16.1
    endloop
  endfacet
  facet normal 0 0 1
    outer loop
      vertex 55.6 1.6 16.1
      vertex 57.2 2 16.1
      vertex 55.6 45.6 16.1
    endloop
  endfacet
  facet normal -0 0 1
    outer loop
      vertex 55.6 45.6 16.1
      vertex 57.1616 45.5902 16.1
      vertex 57.1139 45.7806 16.1
    endloop
  endfacet
  facet normal 0 0 1
    outer loop
      vertex 57.2 2 16.1
      vertex 55.6 1.6 16.1
      vertex 57.1904 1.80397 16.1
    endloop
  endfacet
  facet normal 0 0 1
    outer loop
      vertex 55.6 45.6 16.1
      vertex 57.1139 45.7806 16.1
      vertex 57.0478 45.9654 16.1
    endloop
  endfacet
  facet normal 0 0 1
    outer loop
      vertex 57.1904 1.80397 16.1
      vertex 55.6 1.6 16.1
      vertex 57.1616 1.60982 16.1
    endloop
  endfacet
  facet normal 0 0 1
    outer loop
      vertex 55.6 45.6 16.1
      vertex 57.0478 45.9654 16.1
      vertex 56.9638 46.1428 16.1
    endloop
  endfacet
  facet normal 0 0 1
    outer loop
      vertex 57.1616 1.60982 16.1
      vertex 55.6 1.6 16.1
      vertex 57.1139 1.41943 16.1
    endloop
  endfacet
  facet normal 0 0 1
    outer loop
      vertex 55.6 45.6 16.1
      vertex 56.9638 46.1428 16.1
      vertex 56.8629 46.3111 16.1
    endloop
  endfacet
  facet normal 0 0 1
    outer loop
      vertex 57.1139 1.41943 16.1
      vertex 55.6 1.6 16.1
      vertex 57.0478 1.23463 16.1
    endloop
  endfacet
  facet normal 0 0 1
    outer loop
      vertex 55.6 45.6 16.1
      vertex 56.8629 46.3111 16.1
      vertex 56.746 46.4688 16.1
    endloop
  endfacet
  facet normal 0 0 1
    outer loop
      vertex 57.0478 1.23463 16.1
      vertex 55.6 1.6 16.1
      vertex 56.9638 1.05721 16.1
    endloop
  endfacet
  facet normal 0 0 1
    outer loop
      vertex 55.6 45.6 16.1
      vertex 56.746 46.4688 16.1
      vertex 56.6142 46.6142 16.1
    endloop
  endfacet
  facet normal 0 0 1
    outer loop
      vertex 56.9638 1.05721 16.1
      vertex 55.6 1.6 16.1
      vertex 56.8629 0.888855 16.1
    endloop
  endfacet
  facet normal 0 0 1
    outer loop
      vertex 55.6 45.6 16.1
      vertex 56.6142 46.6142 16.1
      vertex 56.4688 46.746 16.1
    endloop
  endfacet
  facet normal 0 0 1
    outer loop
      vertex 56.8629 0.888855 16.1
      vertex 55.6 1.6 16.1
      vertex 56.746 0.731216 16.1
    endloop
  endfacet
  facet normal 0 0 1
    outer loop
      vertex 55.6 45.6 16.1
      vertex 56.4688 46.746 16.1
      vertex 56.3111 46.8629 16.1
    endloop
  endfacet
  facet normal 0 0 1
    outer loop
      vertex 56.746 0.731216 16.1
      vertex 55.6 1.6 16.1
      vertex 56.6142 0.585785 16.1
    endloop
  endfacet
  facet normal 0 0 1
    outer loop
      vertex 55.6 45.6 16.1
      vertex 56.3111 46.8629 16.1
      vertex 56.1428 46.9638 16.1
    endloop
  endfacet
  facet normal 0 0 1
    outer loop
      vertex 56.6142 0.585785 16.1
      vertex 55.6 1.6 16.1
      vertex 56.4688 0.453979 16.1
    endloop
  endfacet
  facet normal 0 0 1
    outer loop
      vertex 55.6 45.6 16.1
      vertex 56.1428 46.9638 16.1
      vertex 55.9654 47.0478 16.1
    endloop
  endfacet
  facet normal 0 0 1
    outer loop
      vertex 56.4688 0.453979 16.1
      vertex 55.6 1.6 16.1
      vertex 56.3111 0.337067 16.1
    endloop
  endfacet
  facet normal 0 0 1
    outer loop
      vertex 55.6 45.6 16.1
      vertex 55.9654 47.0478 16.1
      vertex 55.7806 47.1139 16.1
    endloop
  endfacet
  facet normal 0 0 1
    outer loop
      vertex 56.3111 0.337067 16.1
      vertex 55.6 1.6 16.1
      vertex 56.1428 0.23616 16.1
    endloop
  endfacet
  facet normal 0 0 1
    outer loop
      vertex 56.1428 0.23616 16.1
      vertex 55.6 1.6 16.1
      vertex 55.9654 0.152237 16.1
    endloop
  endfacet
  facet normal 0 0 1
    outer loop
      vertex 55.5902 47.1616 16.1
      vertex 55.6 45.6 16.1
      vertex 55.7806 47.1139 16.1
    endloop
  endfacet
  facet normal 0 0 1
    outer loop
      vertex 55.396 47.1904 16.1
      vertex 55.6 45.6 16.1
      vertex 55.5902 47.1616 16.1
    endloop
  endfacet
  facet normal 0 0 1
    outer loop
      vertex 55.2 47.2 16.1
      vertex 55.6 45.6 16.1
      vertex 55.396 47.1904 16.1
    endloop
  endfacet
  facet normal -0 0 1
    outer loop
      vertex 2 47.2 16.1
      vertex 55.6 45.6 16.1
      vertex 55.2 47.2 16.1
    endloop
  endfacet
  facet normal 0 0 1
    outer loop
      vertex 1.6 45.6 16.1
      vertex 2 47.2 16.1
      vertex 1.80397 47.1904 16.1
    endloop
  endfacet
  facet normal 0 0 1
    outer loop
      vertex 1.6 45.6 16.1
      vertex 1.80397 47.1904 16.1
      vertex 1.60982 47.1616 16.1
    endloop
  endfacet
  facet normal 0 0 1
    outer loop
      vertex 2 47.2 16.1
      vertex 1.6 45.6 16.1
      vertex 55.6 45.6 16.1
    endloop
  endfacet
  facet normal -0 0 1
    outer loop
      vertex 1.23463 47.0478 16.1
      vertex 1.6 45.6 16.1
      vertex 1.41943 47.1139 16.1
    endloop
  endfacet
  facet normal -0 0 1
    outer loop
      vertex 1.41943 47.1139 16.1
      vertex 1.6 45.6 16.1
      vertex 1.60982 47.1616 16.1
    endloop
  endfacet
  facet normal 0 0 1
    outer loop
      vertex 55.9654 0.152237 16.1
      vertex 55.6 1.6 16.1
      vertex 55.7806 0.0861206 16.1
    endloop
  endfacet
  facet normal 0 0 1
    outer loop
      vertex 55.6 1.6 16.1
      vertex 55.5902 0.0384369 16.1
      vertex 55.7806 0.0861206 16.1
    endloop
  endfacet
  facet normal 0 0 1
    outer loop
      vertex 55.6 1.6 16.1
      vertex 55.396 0.0096283 16.1
      vertex 55.5902 0.0384369 16.1
    endloop
  endfacet
  facet normal 0 0 1
    outer loop
      vertex 55.6 1.6 16.1
      vertex 55.2 0 16.1
      vertex 55.396 0.0096283 16.1
    endloop
  endfacet
  facet normal -0 0 1
    outer loop
      vertex 19.9 1.6 16.1
      vertex 55.2 0 16.1
      vertex 55.6 1.6 16.1
    endloop
  endfacet
  facet normal 0 0 1
    outer loop
      vertex 55.2 0 16.1
      vertex 19.9 1.6 16.1
      vertex 19.9 0 16.1
    endloop
  endfacet
  facet normal 0 0 1
    outer loop
      vertex 10.3 1.6 16.1
      vertex 2 0 16.1
      vertex 10.3 0 16.1
    endloop
  endfacet
  facet normal -0 0 1
    outer loop
      vertex 1.6 1.6 16.1
      vertex 2 0 16.1
      vertex 10.3 1.6 16.1
    endloop
  endfacet
  facet normal 0 0 1
    outer loop
      vertex 2 0 16.1
      vertex 1.6 1.6 16.1
      vertex 1.80397 0.0096283 16.1
    endloop
  endfacet
  facet normal 0 0 1
    outer loop
      vertex 1.80397 0.0096283 16.1
      vertex 1.6 1.6 16.1
      vertex 1.60982 0.0384369 16.1
    endloop
  endfacet
  facet normal 0 0 1
    outer loop
      vertex 1.6 1.6 16.1
      vertex 1.41943 0.0861206 16.1
      vertex 1.60982 0.0384369 16.1
    endloop
  endfacet
  facet normal 0 0 1
    outer loop
      vertex 1.6 45.6 16.1
      vertex 0 45.2 16.1
      vertex 1.6 1.6 16.1
    endloop
  endfacet
  facet normal -0 0 1
    outer loop
      vertex 1.05721 46.9638 16.1
      vertex 1.6 45.6 16.1
      vertex 1.23463 47.0478 16.1
    endloop
  endfacet
  facet normal -0 0 1
    outer loop
      vertex 0 2 16.1
      vertex 1.6 1.6 16.1
      vertex 0 45.2 16.1
    endloop
  endfacet
  facet normal -0 0 1
    outer loop
      vertex 0.888855 46.8629 16.1
      vertex 1.6 45.6 16.1
      vertex 1.05721 46.9638 16.1
    endloop
  endfacet
  facet normal -0 -0 1
    outer loop
      vertex 0.0096283 1.80397 16.1
      vertex 1.6 1.6 16.1
      vertex 0 2 16.1
    endloop
  endfacet
  facet normal -0 0 1
    outer loop
      vertex 0.731216 46.746 16.1
      vertex 1.6 45.6 16.1
      vertex 0.888855 46.8629 16.1
    endloop
  endfacet
  facet normal 0 0 1
    outer loop
      vertex 1.6 1.6 16.1
      vertex 1.23463 0.152237 16.1
      vertex 1.41943 0.0861206 16.1
    endloop
  endfacet
  facet normal -0 0 1
    outer loop
      vertex 0.585785 46.6142 16.1
      vertex 1.6 45.6 16.1
      vertex 0.731216 46.746 16.1
    endloop
  endfacet
  facet normal 0 0 1
    outer loop
      vertex 1.6 1.6 16.1
      vertex 1.05721 0.23616 16.1
      vertex 1.23463 0.152237 16.1
    endloop
  endfacet
  facet normal -0 0 1
    outer loop
      vertex 0.453979 46.4688 16.1
      vertex 1.6 45.6 16.1
      vertex 0.585785 46.6142 16.1
    endloop
  endfacet
  facet normal 0 0 1
    outer loop
      vertex 1.6 1.6 16.1
      vertex 0.888855 0.337067 16.1
      vertex 1.05721 0.23616 16.1
    endloop
  endfacet
  facet normal -0 0 1
    outer loop
      vertex 0.337067 46.3111 16.1
      vertex 1.6 45.6 16.1
      vertex 0.453979 46.4688 16.1
    endloop
  endfacet
  facet normal 0 0 1
    outer loop
      vertex 1.6 1.6 16.1
      vertex 0.731216 0.453979 16.1
      vertex 0.888855 0.337067 16.1
    endloop
  endfacet
  facet normal -0 0 1
    outer loop
      vertex 0.23616 46.1428 16.1
      vertex 1.6 45.6 16.1
      vertex 0.337067 46.3111 16.1
    endloop
  endfacet
  facet normal 0 0 1
    outer loop
      vertex 1.6 1.6 16.1
      vertex 0.585785 0.585785 16.1
      vertex 0.731216 0.453979 16.1
    endloop
  endfacet
  facet normal -0 0 1
    outer loop
      vertex 0.152237 45.9654 16.1
      vertex 1.6 45.6 16.1
      vertex 0.23616 46.1428 16.1
    endloop
  endfacet
  facet normal 0 0 1
    outer loop
      vertex 1.6 1.6 16.1
      vertex 0.453979 0.731216 16.1
      vertex 0.585785 0.585785 16.1
    endloop
  endfacet
  facet normal -0 0 1
    outer loop
      vertex 0.0861206 45.7806 16.1
      vertex 1.6 45.6 16.1
      vertex 0.152237 45.9654 16.1
    endloop
  endfacet
  facet normal 0 0 1
    outer loop
      vertex 1.6 1.6 16.1
      vertex 0.337067 0.888855 16.1
      vertex 0.453979 0.731216 16.1
    endloop
  endfacet
  facet normal 0 0 1
    outer loop
      vertex 0.0384369 45.5902 16.1
      vertex 1.6 45.6 16.1
      vertex 0.0861206 45.7806 16.1
    endloop
  endfacet
  facet normal 0 0 1
    outer loop
      vertex 1.6 1.6 16.1
      vertex 0.23616 1.05721 16.1
      vertex 0.337067 0.888855 16.1
    endloop
  endfacet
  facet normal 0 0 1
    outer loop
      vertex 0.0096283 45.396 16.1
      vertex 1.6 45.6 16.1
      vertex 0.0384369 45.5902 16.1
    endloop
  endfacet
  facet normal 0 0 1
    outer loop
      vertex 1.6 1.6 16.1
      vertex 0.152237 1.23463 16.1
      vertex 0.23616 1.05721 16.1
    endloop
  endfacet
  facet normal 0 0 1
    outer loop
      vertex 1.6 45.6 16.1
      vertex 0.0096283 45.396 16.1
      vertex 0 45.2 16.1
    endloop
  endfacet
  facet normal 0 0 1
    outer loop
      vertex 1.6 1.6 16.1
      vertex 0.0861206 1.41943 16.1
      vertex 0.152237 1.23463 16.1
    endloop
  endfacet
  facet normal 0 0 1
    outer loop
      vertex 1.6 1.6 16.1
      vertex 0.0384369 1.60982 16.1
      vertex 0.0861206 1.41943 16.1
    endloop
  endfacet
  facet normal 0 0 1
    outer loop
      vertex 1.6 1.6 16.1
      vertex 0.0096283 1.80397 16.1
      vertex 0.0384369 1.60982 16.1
    endloop
  endfacet
  facet normal -1 0 0
    outer loop
      vertex 55.6 40.6 1.6
      vertex 55.6 31.25 5.15
      vertex 55.6 40.6 4.6
    endloop
  endfacet
  facet normal -1 0 0
    outer loop
      vertex 55.6 26.8 4.2
      vertex 55.6 31.25 5.15
      vertex 55.6 40.6 1.6
    endloop
  endfacet
  facet normal -1 0 0
    outer loop
      vertex 55.6 26.8 7.8
      vertex 55.6 30.35 5.15
      vertex 55.6 26.8 4.2
    endloop
  endfacet
  facet normal -1 -0 0
    outer loop
      vertex 55.6 31.25 5.15
      vertex 55.6 26.8 4.2
      vertex 55.6 30.35 5.15
    endloop
  endfacet
  facet normal -1 0 0
    outer loop
      vertex 55.6 40.6 1.6
      vertex 55.6 20.4 4.2
      vertex 55.6 26.8 4.2
    endloop
  endfacet
  facet normal -1 0 0
    outer loop
      vertex 55.6 20.4 4.2
      vertex 55.6 17.35 6
      vertex 55.6 20.4 7.8
    endloop
  endfacet
  facet normal -1 0 0
    outer loop
      vertex 55.6 20.4 4.2
      vertex 55.6 17.3454 5.90688
      vertex 55.6 17.35 6
    endloop
  endfacet
  facet normal -1 0 0
    outer loop
      vertex 55.6 20.4 4.2
      vertex 55.6 17.3317 5.81466
      vertex 55.6 17.3454 5.90688
    endloop
  endfacet
  facet normal -1 0 0
    outer loop
      vertex 55.6 20.4 4.2
      vertex 55.6 17.3091 5.72423
      vertex 55.6 17.3317 5.81466
    endloop
  endfacet
  facet normal -1 0 0
    outer loop
      vertex 55.6 20.4 4.2
      vertex 55.6 17.2777 5.63645
      vertex 55.6 17.3091 5.72423
    endloop
  endfacet
  facet normal -1 0 0
    outer loop
      vertex 55.6 20.4 4.2
      vertex 55.6 17.2378 5.55217
      vertex 55.6 17.2777 5.63645
    endloop
  endfacet
  facet normal -1 0 0
    outer loop
      vertex 55.6 20.4 4.2
      vertex 55.6 17.1899 5.47221
      vertex 55.6 17.2378 5.55217
    endloop
  endfacet
  facet normal -1 0 0
    outer loop
      vertex 55.6 20.4 4.2
      vertex 55.6 17.1344 5.39733
      vertex 55.6 17.1899 5.47221
    endloop
  endfacet
  facet normal -1 0 0
    outer loop
      vertex 55.6 20.4 4.2
      vertex 55.6 17.0718 5.32825
      vertex 55.6 17.1344 5.39733
    endloop
  endfacet
  facet normal -1 0 0
    outer loop
      vertex 55.6 20.4 4.2
      vertex 55.6 17.0027 5.26564
      vertex 55.6 17.0718 5.32825
    endloop
  endfacet
  facet normal -1 0 0
    outer loop
      vertex 55.6 20.4 4.2
      vertex 55.6 16.9278 5.2101
      vertex 55.6 17.0027 5.26564
    endloop
  endfacet
  facet normal -1 0 0
    outer loop
      vertex 55.6 20.4 4.2
      vertex 55.6 16.9109 5.2
      vertex 55.6 16.9278 5.2101
    endloop
  endfacet
  facet normal -1 0 0
    outer loop
      vertex 55.6 20.4 4.2
      vertex 55.6 15.8891 5.2
      vertex 55.6 16.9109 5.2
    endloop
  endfacet
  facet normal -1 -0 0
    outer loop
      vertex 55.6 15.4546 5.90688
      vertex 55.6 1.6 1.6
      vertex 55.6 15.45 6
    endloop
  endfacet
  facet normal -1 -0 0
    outer loop
      vertex 55.6 15.4683 5.81466
      vertex 55.6 1.6 1.6
      vertex 55.6 15.4546 5.90688
    endloop
  endfacet
  facet normal -1 -0 0
    outer loop
      vertex 55.6 15.4909 5.72423
      vertex 55.6 1.6 1.6
      vertex 55.6 15.4683 5.81466
    endloop
  endfacet
  facet normal -1 -0 0
    outer loop
      vertex 55.6 15.5223 5.63645
      vertex 55.6 1.6 1.6
      vertex 55.6 15.4909 5.72423
    endloop
  endfacet
  facet normal -1 -0 0
    outer loop
      vertex 55.6 15.5622 5.55217
      vertex 55.6 1.6 1.6
      vertex 55.6 15.5223 5.63645
    endloop
  endfacet
  facet normal -1 -0 0
    outer loop
      vertex 55.6 15.6101 5.47221
      vertex 55.6 1.6 1.6
      vertex 55.6 15.5622 5.55217
    endloop
  endfacet
  facet normal -1 -0 0
    outer loop
      vertex 55.6 15.6656 5.39733
      vertex 55.6 1.6 1.6
      vertex 55.6 15.6101 5.47221
    endloop
  endfacet
  facet normal -1 -0 0
    outer loop
      vertex 55.6 15.7282 5.32825
      vertex 55.6 1.6 1.6
      vertex 55.6 15.6656 5.39733
    endloop
  endfacet
  facet normal -1 -0 0
    outer loop
      vertex 55.6 15.7973 5.26564
      vertex 55.6 1.6 1.6
      vertex 55.6 15.7282 5.32825
    endloop
  endfacet
  facet normal -1 -0 0
    outer loop
      vertex 55.6 15.8722 5.2101
      vertex 55.6 1.6 1.6
      vertex 55.6 15.7973 5.26564
    endloop
  endfacet
  facet normal -1 -0 0
    outer loop
      vertex 55.6 15.8891 5.2
      vertex 55.6 1.6 1.6
      vertex 55.6 15.8722 5.2101
    endloop
  endfacet
  facet normal -1 -0 0
    outer loop
      vertex 55.6 20.4 4.2
      vertex 55.6 1.6 1.6
      vertex 55.6 15.8891 5.2
    endloop
  endfacet
  facet normal -1 0 0
    outer loop
      vertex 55.6 1.6 1.6
      vertex 55.6 20.4 4.2
      vertex 55.6 40.6 1.6
    endloop
  endfacet
  facet normal -1 0 0
    outer loop
      vertex 55.6 42.6 4.6
      vertex 55.6 45.6 1.6
      vertex 55.6 42.6 1.6
    endloop
  endfacet
  facet normal -1 0 0
    outer loop
      vertex 55.6 45.6 1.6
      vertex 55.6 42.6 4.6
      vertex 55.6 45.6 16.1
    endloop
  endfacet
  facet normal -1 0 0
    outer loop
      vertex 55.6 40.6 4.6
      vertex 55.6 45.6 16.1
      vertex 55.6 42.6 4.6
    endloop
  endfacet
  facet normal -1 0 0
    outer loop
      vertex 55.6 31.25 6.89204
      vertex 55.6 40.6 4.6
      vertex 55.6 31.25 5.15
    endloop
  endfacet
  facet normal -1 0 0
    outer loop
      vertex 55.6 40.6 4.6
      vertex 55.6 31.25 6.89204
      vertex 55.6 45.6 16.1
    endloop
  endfacet
  facet normal -1 0 0
    outer loop
      vertex 55.6 31.1827 6.92388
      vertex 55.6 45.6 16.1
      vertex 55.6 31.25 6.89204
    endloop
  endfacet
  facet normal -1 0 0
    outer loop
      vertex 55.6 31.0903 6.95694
      vertex 55.6 45.6 16.1
      vertex 55.6 31.1827 6.92388
    endloop
  endfacet
  facet normal -1 0 0
    outer loop
      vertex 55.6 30.9951 6.98078
      vertex 55.6 45.6 16.1
      vertex 55.6 31.0903 6.95694
    endloop
  endfacet
  facet normal -1 0 0
    outer loop
      vertex 55.6 30.898 6.99518
      vertex 55.6 45.6 16.1
      vertex 55.6 30.9951 6.98078
    endloop
  endfacet
  facet normal -1 0 0
    outer loop
      vertex 55.6 30.8 7
      vertex 55.6 45.6 16.1
      vertex 55.6 30.898 6.99518
    endloop
  endfacet
  facet normal -1 0 0
    outer loop
      vertex 55.6 26.8 7.8
      vertex 55.6 30.8 7
      vertex 55.6 30.702 6.99518
    endloop
  endfacet
  facet normal -1 0 0
    outer loop
      vertex 55.6 26.8 7.8
      vertex 55.6 30.702 6.99518
      vertex 55.6 30.6049 6.98078
    endloop
  endfacet
  facet normal -1 0 0
    outer loop
      vertex 55.6 26.8 7.8
      vertex 55.6 30.6049 6.98078
      vertex 55.6 30.5097 6.95694
    endloop
  endfacet
  facet normal -1 0 0
    outer loop
      vertex 55.6 26.8 7.8
      vertex 55.6 30.5097 6.95694
      vertex 55.6 30.4173 6.92388
    endloop
  endfacet
  facet normal -1 0 0
    outer loop
      vertex 55.6 26.8 7.8
      vertex 55.6 30.4173 6.92388
      vertex 55.6 30.35 6.89204
    endloop
  endfacet
  facet normal -1 0 0
    outer loop
      vertex 55.6 30.35 5.15
      vertex 55.6 26.8 7.8
      vertex 55.6 30.35 6.89204
    endloop
  endfacet
  facet normal -1 0 0
    outer loop
      vertex 55.6 30.8 7
      vertex 55.6 26.8 7.8
      vertex 55.6 45.6 16.1
    endloop
  endfacet
  facet normal -1 0 0
    outer loop
      vertex 55.6 20.4 7.8
      vertex 55.6 45.6 16.1
      vertex 55.6 26.8 7.8
    endloop
  endfacet
  facet normal -1 0 0
    outer loop
      vertex 55.6 17.3454 6.09312
      vertex 55.6 20.4 7.8
      vertex 55.6 17.35 6
    endloop
  endfacet
  facet normal -1 0 0
    outer loop
      vertex 55.6 17.3317 6.18534
      vertex 55.6 20.4 7.8
      vertex 55.6 17.3454 6.09312
    endloop
  endfacet
  facet normal -1 0 0
    outer loop
      vertex 55.6 17.3091 6.27577
      vertex 55.6 20.4 7.8
      vertex 55.6 17.3317 6.18534
    endloop
  endfacet
  facet normal -1 0 0
    outer loop
      vertex 55.6 17.2777 6.36355
      vertex 55.6 20.4 7.8
      vertex 55.6 17.3091 6.27577
    endloop
  endfacet
  facet normal -1 0 0
    outer loop
      vertex 55.6 17.2378 6.44783
      vertex 55.6 20.4 7.8
      vertex 55.6 17.2777 6.36355
    endloop
  endfacet
  facet normal -1 0 0
    outer loop
      vertex 55.6 17.1899 6.52779
      vertex 55.6 20.4 7.8
      vertex 55.6 17.2378 6.44783
    endloop
  endfacet
  facet normal -1 0 0
    outer loop
      vertex 55.6 17.1344 6.60267
      vertex 55.6 20.4 7.8
      vertex 55.6 17.1899 6.52779
    endloop
  endfacet
  facet normal -1 0 0
    outer loop
      vertex 55.6 17.0718 6.67175
      vertex 55.6 20.4 7.8
      vertex 55.6 17.1344 6.60267
    endloop
  endfacet
  facet normal -1 0 0
    outer loop
      vertex 55.6 17.0027 6.73436
      vertex 55.6 20.4 7.8
      vertex 55.6 17.0718 6.67175
    endloop
  endfacet
  facet normal -1 0 0
    outer loop
      vertex 55.6 16.9278 6.7899
      vertex 55.6 20.4 7.8
      vertex 55.6 17.0027 6.73436
    endloop
  endfacet
  facet normal -1 0 0
    outer loop
      vertex 55.6 16.8478 6.83782
      vertex 55.6 20.4 7.8
      vertex 55.6 16.9278 6.7899
    endloop
  endfacet
  facet normal -1 0 0
    outer loop
      vertex 55.6 16.7635 6.87769
      vertex 55.6 20.4 7.8
      vertex 55.6 16.8478 6.83782
    endloop
  endfacet
  facet normal -1 0 0
    outer loop
      vertex 55.6 16.6758 6.90909
      vertex 55.6 20.4 7.8
      vertex 55.6 16.7635 6.87769
    endloop
  endfacet
  facet normal -1 0 0
    outer loop
      vertex 55.6 16.5853 6.93175
      vertex 55.6 20.4 7.8
      vertex 55.6 16.6758 6.90909
    endloop
  endfacet
  facet normal -1 0 0
    outer loop
      vertex 55.6 16.4931 6.94543
      vertex 55.6 20.4 7.8
      vertex 55.6 16.5853 6.93175
    endloop
  endfacet
  facet normal -1 0 0
    outer loop
      vertex 55.6 16.4 6.95
      vertex 55.6 20.4 7.8
      vertex 55.6 16.4931 6.94543
    endloop
  endfacet
  facet normal -1 0 0
    outer loop
      vertex 55.6 16.3069 6.94543
      vertex 55.6 20.4 7.8
      vertex 55.6 16.4 6.95
    endloop
  endfacet
  facet normal -1 -0 0
    outer loop
      vertex 55.6 20.4 7.8
      vertex 55.6 16.3069 6.94543
      vertex 55.6 1.6 16.1
    endloop
  endfacet
  facet normal -1 0 0
    outer loop
      vertex 55.6 1.6 16.1
      vertex 55.6 16.3069 6.94543
      vertex 55.6 16.2147 6.93175
    endloop
  endfacet
  facet normal -1 0 0
    outer loop
      vertex 55.6 1.6 16.1
      vertex 55.6 16.2147 6.93175
      vertex 55.6 16.1242 6.90909
    endloop
  endfacet
  facet normal -1 0 0
    outer loop
      vertex 55.6 1.6 1.6
      vertex 55.6 15.4546 6.09312
      vertex 55.6 15.45 6
    endloop
  endfacet
  facet normal -1 0 0
    outer loop
      vertex 55.6 1.6 1.6
      vertex 55.6 15.4683 6.18534
      vertex 55.6 15.4546 6.09312
    endloop
  endfacet
  facet normal -1 0 0
    outer loop
      vertex 55.6 1.6 1.6
      vertex 55.6 15.4909 6.27577
      vertex 55.6 15.4683 6.18534
    endloop
  endfacet
  facet normal -1 0 0
    outer loop
      vertex 55.6 1.6 16.1
      vertex 55.6 15.4909 6.27577
      vertex 55.6 1.6 1.6
    endloop
  endfacet
  facet normal -1 0 0
    outer loop
      vertex 55.6 15.4909 6.27577
      vertex 55.6 1.6 16.1
      vertex 55.6 15.5223 6.36355
    endloop
  endfacet
  facet normal -1 0 0
    outer loop
      vertex 55.6 15.5223 6.36355
      vertex 55.6 1.6 16.1
      vertex 55.6 15.5622 6.44783
    endloop
  endfacet
  facet normal -1 0 0
    outer loop
      vertex 55.6 15.5622 6.44783
      vertex 55.6 1.6 16.1
      vertex 55.6 15.6101 6.52779
    endloop
  endfacet
  facet normal -1 0 0
    outer loop
      vertex 55.6 15.6101 6.52779
      vertex 55.6 1.6 16.1
      vertex 55.6 15.6656 6.60267
    endloop
  endfacet
  facet normal -1 0 0
    outer loop
      vertex 55.6 15.6656 6.60267
      vertex 55.6 1.6 16.1
      vertex 55.6 15.7282 6.67175
    endloop
  endfacet
  facet normal -1 0 0
    outer loop
      vertex 55.6 15.7282 6.67175
      vertex 55.6 1.6 16.1
      vertex 55.6 15.7973 6.73436
    endloop
  endfacet
  facet normal -1 0 0
    outer loop
      vertex 55.6 15.7973 6.73436
      vertex 55.6 1.6 16.1
      vertex 55.6 15.8722 6.7899
    endloop
  endfacet
  facet normal -1 0 0
    outer loop
      vertex 55.6 15.8722 6.7899
      vertex 55.6 1.6 16.1
      vertex 55.6 15.9522 6.83782
    endloop
  endfacet
  facet normal -1 0 0
    outer loop
      vertex 55.6 20.4 7.8
      vertex 55.6 1.6 16.1
      vertex 55.6 45.6 16.1
    endloop
  endfacet
  facet normal -1 0 0
    outer loop
      vertex 55.6 16.0365 6.87769
      vertex 55.6 1.6 16.1
      vertex 55.6 16.1242 6.90909
    endloop
  endfacet
  facet normal -1 0 0
    outer loop
      vertex 55.6 15.9522 6.83782
      vertex 55.6 1.6 16.1
      vertex 55.6 16.0365 6.87769
    endloop
  endfacet
  facet normal -0 0 1
    outer loop
      vertex 35.6 45.6 1.6
      vertex 55.6 42.6 1.6
      vertex 55.6 45.6 1.6
    endloop
  endfacet
  facet normal 0 0 1
    outer loop
      vertex 55.6 42.6 1.6
      vertex 35.6 45.6 1.6
      vertex 35.6 42.6 1.6
    endloop
  endfacet
  facet normal 0 0 1
    outer loop
      vertex 36.5783 23.1589 1.6
      vertex 55.6 40.6 1.6
      vertex 36.6 23.6 1.6
    endloop
  endfacet
  facet normal 0 0 1
    outer loop
      vertex 55.6 40.6 1.6
      vertex 36.5783 24.0411 1.6
      vertex 36.6 23.6 1.6
    endloop
  endfacet
  facet normal 0 0 1
    outer loop
      vertex 55.6 40.6 1.6
      vertex 36.5135 24.4779 1.6
      vertex 36.5783 24.0411 1.6
    endloop
  endfacet
  facet normal 0 0 1
    outer loop
      vertex 55.6 40.6 1.6
      vertex 36.4062 24.9063 1.6
      vertex 36.5135 24.4779 1.6
    endloop
  endfacet
  facet normal 0 0 1
    outer loop
      vertex 55.6 40.6 1.6
      vertex 36.2575 25.3221 1.6
      vertex 36.4062 24.9063 1.6
    endloop
  endfacet
  facet normal 0 0 1
    outer loop
      vertex 55.6 40.6 1.6
      vertex 36.0686 25.7213 1.6
      vertex 36.2575 25.3221 1.6
    endloop
  endfacet
  facet normal 0 0 1
    outer loop
      vertex 55.6 40.6 1.6
      vertex 35.8416 26.1001 1.6
      vertex 36.0686 25.7213 1.6
    endloop
  endfacet
  facet normal -0 0 1
    outer loop
      vertex 35.6 40.6 1.6
      vertex 35.8416 26.1001 1.6
      vertex 55.6 40.6 1.6
    endloop
  endfacet
  facet normal 0 0 1
    outer loop
      vertex 35.8416 26.1001 1.6
      vertex 35.6 40.6 1.6
      vertex 35.6 26.4258 1.6
    endloop
  endfacet
  facet normal 0 0 1
    outer loop
      vertex 55.6 40.6 1.6
      vertex 36.5783 23.1589 1.6
      vertex 55.6 1.6 1.6
    endloop
  endfacet
  facet normal -0 0 1
    outer loop
      vertex 36.5135 22.7221 1.6
      vertex 55.6 1.6 1.6
      vertex 36.5783 23.1589 1.6
    endloop
  endfacet
  facet normal -0 0 1
    outer loop
      vertex 36.4062 22.2937 1.6
      vertex 55.6 1.6 1.6
      vertex 36.5135 22.7221 1.6
    endloop
  endfacet
  facet normal -0 0 1
    outer loop
      vertex 36.2575 21.8779 1.6
      vertex 55.6 1.6 1.6
      vertex 36.4062 22.2937 1.6
    endloop
  endfacet
  facet normal -0 0 1
    outer loop
      vertex 36.0686 21.4787 1.6
      vertex 55.6 1.6 1.6
      vertex 36.2575 21.8779 1.6
    endloop
  endfacet
  facet normal -0 0 1
    outer loop
      vertex 35.8416 21.0999 1.6
      vertex 55.6 1.6 1.6
      vertex 36.0686 21.4787 1.6
    endloop
  endfacet
  facet normal -0 0 1
    outer loop
      vertex 35.6 20.7742 1.6
      vertex 55.6 1.6 1.6
      vertex 35.8416 21.0999 1.6
    endloop
  endfacet
  facet normal 0 0 1
    outer loop
      vertex 55.6 1.6 1.6
      vertex 35.6 20.7742 1.6
      vertex 35.6 1.6 1.6
    endloop
  endfacet
  facet normal 0 0 1
    outer loop
      vertex 28.6 40.6 1.6
      vertex 28.3584 26.1001 1.6
      vertex 28.6 26.4258 1.6
    endloop
  endfacet
  facet normal 0 0 1
    outer loop
      vertex 28.6 40.6 1.6
      vertex 28.1314 25.7213 1.6
      vertex 28.3584 26.1001 1.6
    endloop
  endfacet
  facet normal -0 0 1
    outer loop
      vertex 1.6 40.6 1.6
      vertex 28.1314 25.7213 1.6
      vertex 28.6 40.6 1.6
    endloop
  endfacet
  facet normal 0 0 1
    outer loop
      vertex 28.1314 25.7213 1.6
      vertex 1.6 40.6 1.6
      vertex 27.9425 25.3221 1.6
    endloop
  endfacet
  facet normal 0 0 1
    outer loop
      vertex 27.9425 25.3221 1.6
      vertex 1.6 40.6 1.6
      vertex 27.7938 24.9063 1.6
    endloop
  endfacet
  facet normal 0 0 1
    outer loop
      vertex 27.7938 24.9063 1.6
      vertex 1.6 40.6 1.6
      vertex 27.6865 24.4779 1.6
    endloop
  endfacet
  facet normal 0 0 1
    outer loop
      vertex 27.6217 24.0411 1.6
      vertex 1.6 40.6 1.6
      vertex 27.6 23.6 1.6
    endloop
  endfacet
  facet normal 0 0 1
    outer loop
      vertex 27.6865 24.4779 1.6
      vertex 1.6 40.6 1.6
      vertex 27.6217 24.0411 1.6
    endloop
  endfacet
  facet normal 0 0 1
    outer loop
      vertex 28.3584 21.0999 1.6
      vertex 28.6 1.6 1.6
      vertex 28.6 20.7742 1.6
    endloop
  endfacet
  facet normal 0 0 1
    outer loop
      vertex 1.6 1.6 1.6
      vertex 28.3584 21.0999 1.6
      vertex 28.1314 21.4787 1.6
    endloop
  endfacet
  facet normal 0 0 1
    outer loop
      vertex 1.6 1.6 1.6
      vertex 28.1314 21.4787 1.6
      vertex 27.9425 21.8779 1.6
    endloop
  endfacet
  facet normal 0 0 1
    outer loop
      vertex 1.6 1.6 1.6
      vertex 27.9425 21.8779 1.6
      vertex 27.7938 22.2937 1.6
    endloop
  endfacet
  facet normal 0 0 1
    outer loop
      vertex 1.6 1.6 1.6
      vertex 27.7938 22.2937 1.6
      vertex 27.6865 22.7221 1.6
    endloop
  endfacet
  facet normal 0 0 1
    outer loop
      vertex 1.6 1.6 1.6
      vertex 27.6865 22.7221 1.6
      vertex 27.6217 23.1589 1.6
    endloop
  endfacet
  facet normal 0 0 1
    outer loop
      vertex 1.6 40.6 1.6
      vertex 27.6217 23.1589 1.6
      vertex 27.6 23.6 1.6
    endloop
  endfacet
  facet normal 0 0 1
    outer loop
      vertex 27.6217 23.1589 1.6
      vertex 1.6 40.6 1.6
      vertex 1.6 1.6 1.6
    endloop
  endfacet
  facet normal 0 0 1
    outer loop
      vertex 28.3584 21.0999 1.6
      vertex 1.6 1.6 1.6
      vertex 28.6 1.6 1.6
    endloop
  endfacet
  facet normal -0 0 1
    outer loop
      vertex 1.6 45.6 1.6
      vertex 28.6 42.6 1.6
      vertex 28.6 45.6 1.6
    endloop
  endfacet
  facet normal 0 0 1
    outer loop
      vertex 28.6 42.6 1.6
      vertex 1.6 45.6 1.6
      vertex 1.6 42.6 1.6
    endloop
  endfacet
  facet normal 1 0 0
    outer loop
      vertex 1.6 45.6 16.1
      vertex 1.6 42.6 8.6
      vertex 1.6 45.6 1.6
    endloop
  endfacet
  facet normal 1 0 0
    outer loop
      vertex 1.6 45.6 16.1
      vertex 1.6 40.6 8.6
      vertex 1.6 42.6 8.6
    endloop
  endfacet
  facet normal 1 -0 0
    outer loop
      vertex 1.6 1.6 16.1
      vertex 1.6 40.6 8.6
      vertex 1.6 45.6 16.1
    endloop
  endfacet
  facet normal 1 0 0
    outer loop
      vertex 1.6 1.6 1.6
      vertex 1.6 40.6 8.6
      vertex 1.6 1.6 16.1
    endloop
  endfacet
  facet normal 1 0 0
    outer loop
      vertex 1.6 40.6 8.6
      vertex 1.6 1.6 1.6
      vertex 1.6 40.6 1.6
    endloop
  endfacet
  facet normal 1 0 0
    outer loop
      vertex 1.6 45.6 1.6
      vertex 1.6 42.6 8.6
      vertex 1.6 42.6 1.6
    endloop
  endfacet
  facet normal 0 -1 0
    outer loop
      vertex 1.6 45.6 16.1
      vertex 28.6 45.6 8.6
      vertex 55.6 45.6 16.1
    endloop
  endfacet
  facet normal 0 -1 0
    outer loop
      vertex 1.6 45.6 1.6
      vertex 28.6 45.6 8.6
      vertex 1.6 45.6 16.1
    endloop
  endfacet
  facet normal 0 -1 -0
    outer loop
      vertex 28.6 45.6 8.6
      vertex 1.6 45.6 1.6
      vertex 28.6 45.6 1.6
    endloop
  endfacet
  facet normal 0 -1 0
    outer loop
      vertex 35.6 45.6 8.6
      vertex 55.6 45.6 16.1
      vertex 28.6 45.6 8.6
    endloop
  endfacet
  facet normal 0 -1 0
    outer loop
      vertex 55.6 45.6 1.6
      vertex 35.6 45.6 8.6
      vertex 35.6 45.6 1.6
    endloop
  endfacet
  facet normal 0 -1 0
    outer loop
      vertex 35.6 45.6 8.6
      vertex 55.6 45.6 1.6
      vertex 55.6 45.6 16.1
    endloop
  endfacet
  facet normal 0 1 -0
    outer loop
      vertex 35.6 1.6 8.6
      vertex 19.9 1.6 16.1
      vertex 55.6 1.6 16.1
    endloop
  endfacet
  facet normal 0 1 0
    outer loop
      vertex 19.9 1.6 16.1
      vertex 28.6 1.6 8.6
      vertex 19.9 1.6 9.8
    endloop
  endfacet
  facet normal 0 1 0
    outer loop
      vertex 19.9 1.6 16.1
      vertex 35.6 1.6 8.6
      vertex 28.6 1.6 8.6
    endloop
  endfacet
  facet normal 0 1 -0
    outer loop
      vertex 55.6 1.6 1.6
      vertex 35.6 1.6 8.6
      vertex 55.6 1.6 16.1
    endloop
  endfacet
  facet normal 0 1 0
    outer loop
      vertex 35.6 1.6 8.6
      vertex 55.6 1.6 1.6
      vertex 35.6 1.6 1.6
    endloop
  endfacet
  facet normal 0 1 -0
    outer loop
      vertex 10.3 1.6 9.8
      vertex 1.6 1.6 16.1
      vertex 10.3 1.6 16.1
    endloop
  endfacet
  facet normal 0 1 -0
    outer loop
      vertex 28.6 1.6 1.6
      vertex 19.9 1.6 9.8
      vertex 28.6 1.6 8.6
    endloop
  endfacet
  facet normal 0 1 0
    outer loop
      vertex 19.9 1.6 9.8
      vertex 28.6 1.6 1.6
      vertex 10.3 1.6 9.8
    endloop
  endfacet
  facet normal 0 1 0
    outer loop
      vertex 10.3 1.6 9.8
      vertex 1.6 1.6 1.6
      vertex 1.6 1.6 16.1
    endloop
  endfacet
  facet normal 0 1 0
    outer loop
      vertex 1.6 1.6 1.6
      vertex 10.3 1.6 9.8
      vertex 28.6 1.6 1.6
    endloop
  endfacet
  facet normal 0 -0.741007 0.671497
    outer loop
      vertex 53.6 15.6656 6.60267
      vertex 55.6 15.7282 6.67175
      vertex 53.6 15.7282 6.67175
    endloop
  endfacet
  facet normal 0 -0.741007 0.671497
    outer loop
      vertex 55.6 15.7282 6.67175
      vertex 53.6 15.6656 6.60267
      vertex 55.6 15.6656 6.60267
    endloop
  endfacet
  facet normal 0 -0.941572 0.336812
    outer loop
      vertex 53.6 15.4909 6.27577
      vertex 55.6 15.5223 6.36355
      vertex 53.6 15.5223 6.36355
    endloop
  endfacet
  facet normal 0 -0.941572 0.336812
    outer loop
      vertex 55.6 15.5223 6.36355
      vertex 53.6 15.4909 6.27577
      vertex 55.6 15.4909 6.27577
    endloop
  endfacet
  facet normal -0 0.242889 0.970054
    outer loop
      vertex 53.6 16.6758 6.90909
      vertex 55.6 16.5853 6.93175
      vertex 55.6 16.6758 6.90909
    endloop
  endfacet
  facet normal 0 0.242889 0.970054
    outer loop
      vertex 55.6 16.5853 6.93175
      vertex 53.6 16.6758 6.90909
      vertex 53.6 16.5853 6.93175
    endloop
  endfacet
  facet normal 0 0.741007 -0.671497
    outer loop
      vertex 55.6 17.0718 5.32825
      vertex 53.6 17.1344 5.39733
      vertex 55.6 17.1344 5.39733
    endloop
  endfacet
  facet normal 0 0.741007 -0.671497
    outer loop
      vertex 53.6 17.1344 5.39733
      vertex 55.6 17.0718 5.32825
      vertex 53.6 17.0718 5.32825
    endloop
  endfacet
  facet normal 0 -0.90383 -0.427893
    outer loop
      vertex 53.6 15.5622 5.55217
      vertex 55.6 15.5223 5.63645
      vertex 53.6 15.5223 5.63645
    endloop
  endfacet
  facet normal 0 -0.90383 -0.427893
    outer loop
      vertex 55.6 15.5223 5.63645
      vertex 53.6 15.5622 5.55217
      vertex 55.6 15.5622 5.55217
    endloop
  endfacet
  facet normal -0 0.337084 0.941474
    outer loop
      vertex 53.6 16.7635 6.87769
      vertex 55.6 16.6758 6.90909
      vertex 55.6 16.7635 6.87769
    endloop
  endfacet
  facet normal 0 0.337084 0.941474
    outer loop
      vertex 55.6 16.6758 6.90909
      vertex 53.6 16.7635 6.87769
      vertex 53.6 16.6758 6.90909
    endloop
  endfacet
  facet normal -0 0.049028 0.998797
    outer loop
      vertex 53.6 16.4931 6.94543
      vertex 55.6 16.4 6.95
      vertex 55.6 16.4931 6.94543
    endloop
  endfacet
  facet normal 0 0.049028 0.998797
    outer loop
      vertex 55.6 16.4 6.95
      vertex 53.6 16.4931 6.94543
      vertex 53.6 16.4 6.95
    endloop
  endfacet
  facet normal 0 -0.970161 0.24246
    outer loop
      vertex 53.6 15.4683 6.18534
      vertex 55.6 15.4909 6.27577
      vertex 53.6 15.4909 6.27577
    endloop
  endfacet
  facet normal 0 -0.970161 0.24246
    outer loop
      vertex 55.6 15.4909 6.27577
      vertex 53.6 15.4683 6.18534
      vertex 55.6 15.4683 6.18534
    endloop
  endfacet
  facet normal 0 -0.427547 0.903993
    outer loop
      vertex 53.6 16.0365 6.87769
      vertex 55.6 15.9522 6.83782
      vertex 55.6 16.0365 6.87769
    endloop
  endfacet
  facet normal 0 -0.427547 0.903993
    outer loop
      vertex 55.6 15.9522 6.83782
      vertex 53.6 16.0365 6.87769
      vertex 53.6 15.9522 6.83782
    endloop
  endfacet
  facet normal 0 -0.513001 -0.858388
    outer loop
      vertex 53.6 15.8722 5.2101
      vertex 55.6 15.8891 5.2
      vertex 55.6 15.8722 5.2101
    endloop
  endfacet
  facet normal -0 -0.513001 -0.858388
    outer loop
      vertex 55.6 15.8891 5.2
      vertex 53.6 15.8722 5.2101
      vertex 53.6 15.8891 5.2
    endloop
  endfacet
  facet normal 0 -0.857852 -0.513896
    outer loop
      vertex 53.6 15.6101 5.47221
      vertex 55.6 15.5622 5.55217
      vertex 53.6 15.5622 5.55217
    endloop
  endfacet
  facet normal 0 -0.857852 -0.513896
    outer loop
      vertex 55.6 15.5622 5.55217
      vertex 53.6 15.6101 5.47221
      vertex 55.6 15.6101 5.47221
    endloop
  endfacet
  facet normal -0 0.427547 0.903993
    outer loop
      vertex 53.6 16.8478 6.83782
      vertex 55.6 16.7635 6.87769
      vertex 55.6 16.8478 6.83782
    endloop
  endfacet
  facet normal 0 0.427547 0.903993
    outer loop
      vertex 55.6 16.7635 6.87769
      vertex 53.6 16.8478 6.83782
      vertex 53.6 16.7635 6.87769
    endloop
  endfacet
  facet normal 0 -0.90383 0.427893
    outer loop
      vertex 53.6 15.5223 6.36355
      vertex 55.6 15.5622 6.44783
      vertex 53.6 15.5622 6.44783
    endloop
  endfacet
  facet normal 0 -0.90383 0.427893
    outer loop
      vertex 55.6 15.5622 6.44783
      vertex 53.6 15.5223 6.36355
      vertex 55.6 15.5223 6.36355
    endloop
  endfacet
  facet normal 0 -0.989145 0.146945
    outer loop
      vertex 53.6 15.4546 6.09312
      vertex 55.6 15.4683 6.18534
      vertex 53.6 15.4683 6.18534
    endloop
  endfacet
  facet normal 0 -0.989145 0.146945
    outer loop
      vertex 55.6 15.4683 6.18534
      vertex 53.6 15.4546 6.09312
      vertex 55.6 15.4546 6.09312
    endloop
  endfacet
  facet normal 0 0.941572 -0.336812
    outer loop
      vertex 55.6 17.2777 5.63645
      vertex 53.6 17.3091 5.72423
      vertex 55.6 17.3091 5.72423
    endloop
  endfacet
  facet normal 0 0.941572 -0.336812
    outer loop
      vertex 53.6 17.3091 5.72423
      vertex 55.6 17.2777 5.63645
      vertex 53.6 17.2777 5.63645
    endloop
  endfacet
  facet normal 0 -0.998782 0.0493385
    outer loop
      vertex 53.6 15.45 6
      vertex 55.6 15.4546 6.09312
      vertex 53.6 15.4546 6.09312
    endloop
  endfacet
  facet normal 0 -0.998782 0.0493385
    outer loop
      vertex 55.6 15.4546 6.09312
      vertex 53.6 15.45 6
      vertex 55.6 15.45 6
    endloop
  endfacet
  facet normal 0 0.671449 -0.74105
    outer loop
      vertex 53.6 17.0027 5.26564
      vertex 55.6 17.0718 5.32825
      vertex 55.6 17.0027 5.26564
    endloop
  endfacet
  facet normal 0 0.671449 -0.74105
    outer loop
      vertex 55.6 17.0718 5.32825
      vertex 53.6 17.0027 5.26564
      vertex 53.6 17.0718 5.32825
    endloop
  endfacet
  facet normal 0 0.989145 -0.146945
    outer loop
      vertex 55.6 17.3317 5.81466
      vertex 53.6 17.3454 5.90688
      vertex 55.6 17.3454 5.90688
    endloop
  endfacet
  facet normal 0 0.989145 -0.146945
    outer loop
      vertex 53.6 17.3454 5.90688
      vertex 55.6 17.3317 5.81466
      vertex 53.6 17.3317 5.81466
    endloop
  endfacet
  facet normal 0 -0.803386 0.595458
    outer loop
      vertex 53.6 15.6101 6.52779
      vertex 55.6 15.6656 6.60267
      vertex 53.6 15.6656 6.60267
    endloop
  endfacet
  facet normal 0 -0.803386 0.595458
    outer loop
      vertex 55.6 15.6656 6.60267
      vertex 53.6 15.6101 6.52779
      vertex 55.6 15.6101 6.52779
    endloop
  endfacet
  facet normal 0 0.989145 0.146945
    outer loop
      vertex 55.6 17.3454 6.09312
      vertex 53.6 17.3317 6.18534
      vertex 55.6 17.3317 6.18534
    endloop
  endfacet
  facet normal 0 0.989145 0.146945
    outer loop
      vertex 53.6 17.3317 6.18534
      vertex 55.6 17.3454 6.09312
      vertex 53.6 17.3454 6.09312
    endloop
  endfacet
  facet normal 0 -0.970161 -0.24246
    outer loop
      vertex 53.6 15.4909 5.72423
      vertex 55.6 15.4683 5.81466
      vertex 53.6 15.4683 5.81466
    endloop
  endfacet
  facet normal 0 -0.970161 -0.24246
    outer loop
      vertex 55.6 15.4683 5.81466
      vertex 53.6 15.4909 5.72423
      vertex 55.6 15.4909 5.72423
    endloop
  endfacet
  facet normal 0 0.857852 0.513896
    outer loop
      vertex 55.6 17.2378 6.44783
      vertex 53.6 17.1899 6.52779
      vertex 55.6 17.1899 6.52779
    endloop
  endfacet
  facet normal 0 0.857852 0.513896
    outer loop
      vertex 53.6 17.1899 6.52779
      vertex 55.6 17.2378 6.44783
      vertex 53.6 17.2378 6.44783
    endloop
  endfacet
  facet normal 0 -0.941572 -0.336812
    outer loop
      vertex 53.6 15.5223 5.63645
      vertex 55.6 15.4909 5.72423
      vertex 53.6 15.4909 5.72423
    endloop
  endfacet
  facet normal 0 -0.941572 -0.336812
    outer loop
      vertex 55.6 15.4909 5.72423
      vertex 53.6 15.5223 5.63645
      vertex 55.6 15.5223 5.63645
    endloop
  endfacet
  facet normal -0 0.595633 0.803257
    outer loop
      vertex 53.6 17.0027 6.73436
      vertex 55.6 16.9278 6.7899
      vertex 55.6 17.0027 6.73436
    endloop
  endfacet
  facet normal 0 0.595633 0.803257
    outer loop
      vertex 55.6 16.9278 6.7899
      vertex 53.6 17.0027 6.73436
      vertex 53.6 16.9278 6.7899
    endloop
  endfacet
  facet normal 0 0.90383 0.427893
    outer loop
      vertex 55.6 17.2777 6.36355
      vertex 53.6 17.2378 6.44783
      vertex 55.6 17.2378 6.44783
    endloop
  endfacet
  facet normal 0 0.90383 0.427893
    outer loop
      vertex 53.6 17.2378 6.44783
      vertex 55.6 17.2777 6.36355
      vertex 53.6 17.2777 6.36355
    endloop
  endfacet
  facet normal 0 -0.857852 0.513896
    outer loop
      vertex 53.6 15.5622 6.44783
      vertex 55.6 15.6101 6.52779
      vertex 53.6 15.6101 6.52779
    endloop
  endfacet
  facet normal 0 -0.857852 0.513896
    outer loop
      vertex 55.6 15.6101 6.52779
      vertex 53.6 15.5622 6.44783
      vertex 55.6 15.5622 6.44783
    endloop
  endfacet
  facet normal 0 0.803386 0.595458
    outer loop
      vertex 55.6 17.1899 6.52779
      vertex 53.6 17.1344 6.60267
      vertex 55.6 17.1344 6.60267
    endloop
  endfacet
  facet normal 0 0.803386 0.595458
    outer loop
      vertex 53.6 17.1344 6.60267
      vertex 55.6 17.1899 6.52779
      vertex 53.6 17.1899 6.52779
    endloop
  endfacet
  facet normal -0 0.146766 0.989171
    outer loop
      vertex 53.6 16.5853 6.93175
      vertex 55.6 16.4931 6.94543
      vertex 55.6 16.5853 6.93175
    endloop
  endfacet
  facet normal 0 0.146766 0.989171
    outer loop
      vertex 55.6 16.4931 6.94543
      vertex 53.6 16.5853 6.93175
      vertex 53.6 16.4931 6.94543
    endloop
  endfacet
  facet normal 0 -0.146766 0.989171
    outer loop
      vertex 53.6 16.3069 6.94543
      vertex 55.6 16.2147 6.93175
      vertex 55.6 16.3069 6.94543
    endloop
  endfacet
  facet normal 0 -0.146766 0.989171
    outer loop
      vertex 55.6 16.2147 6.93175
      vertex 53.6 16.3069 6.94543
      vertex 53.6 16.2147 6.93175
    endloop
  endfacet
  facet normal -0 0.513865 0.857871
    outer loop
      vertex 53.6 16.9278 6.7899
      vertex 55.6 16.8478 6.83782
      vertex 55.6 16.9278 6.7899
    endloop
  endfacet
  facet normal 0 0.513865 0.857871
    outer loop
      vertex 55.6 16.8478 6.83782
      vertex 53.6 16.9278 6.7899
      vertex 53.6 16.8478 6.83782
    endloop
  endfacet
  facet normal 0 0.741007 0.671497
    outer loop
      vertex 55.6 17.1344 6.60267
      vertex 53.6 17.0718 6.67175
      vertex 55.6 17.0718 6.67175
    endloop
  endfacet
  facet normal 0 0.741007 0.671497
    outer loop
      vertex 53.6 17.0718 6.67175
      vertex 55.6 17.1344 6.60267
      vertex 53.6 17.1344 6.60267
    endloop
  endfacet
  facet normal 0 0.970161 0.24246
    outer loop
      vertex 55.6 17.3317 6.18534
      vertex 53.6 17.3091 6.27577
      vertex 55.6 17.3091 6.27577
    endloop
  endfacet
  facet normal 0 0.970161 0.24246
    outer loop
      vertex 53.6 17.3091 6.27577
      vertex 55.6 17.3317 6.18534
      vertex 53.6 17.3317 6.18534
    endloop
  endfacet
  facet normal 0 -0.049028 0.998797
    outer loop
      vertex 53.6 16.4 6.95
      vertex 55.6 16.3069 6.94543
      vertex 55.6 16.4 6.95
    endloop
  endfacet
  facet normal 0 -0.049028 0.998797
    outer loop
      vertex 55.6 16.3069 6.94543
      vertex 53.6 16.4 6.95
      vertex 53.6 16.3069 6.94543
    endloop
  endfacet
  facet normal 0 -0.998782 -0.0493385
    outer loop
      vertex 53.6 15.4546 5.90688
      vertex 55.6 15.45 6
      vertex 53.6 15.45 6
    endloop
  endfacet
  facet normal 0 -0.998782 -0.0493385
    outer loop
      vertex 55.6 15.45 6
      vertex 53.6 15.4546 5.90688
      vertex 55.6 15.4546 5.90688
    endloop
  endfacet
  facet normal 0 -0.242889 0.970054
    outer loop
      vertex 53.6 16.2147 6.93175
      vertex 55.6 16.1242 6.90909
      vertex 55.6 16.2147 6.93175
    endloop
  endfacet
  facet normal 0 -0.242889 0.970054
    outer loop
      vertex 55.6 16.1242 6.90909
      vertex 53.6 16.2147 6.93175
      vertex 53.6 16.1242 6.90909
    endloop
  endfacet
  facet normal 0 -0.513865 0.857871
    outer loop
      vertex 53.6 15.9522 6.83782
      vertex 55.6 15.8722 6.7899
      vertex 55.6 15.9522 6.83782
    endloop
  endfacet
  facet normal 0 -0.513865 0.857871
    outer loop
      vertex 55.6 15.8722 6.7899
      vertex 53.6 15.9522 6.83782
      vertex 53.6 15.8722 6.7899
    endloop
  endfacet
  facet normal 0 -0.595633 0.803257
    outer loop
      vertex 53.6 15.8722 6.7899
      vertex 55.6 15.7973 6.73436
      vertex 55.6 15.8722 6.7899
    endloop
  endfacet
  facet normal 0 -0.595633 0.803257
    outer loop
      vertex 55.6 15.7973 6.73436
      vertex 53.6 15.8722 6.7899
      vertex 53.6 15.7973 6.73436
    endloop
  endfacet
  facet normal 0 0.970161 -0.24246
    outer loop
      vertex 55.6 17.3091 5.72423
      vertex 53.6 17.3317 5.81466
      vertex 55.6 17.3317 5.81466
    endloop
  endfacet
  facet normal 0 0.970161 -0.24246
    outer loop
      vertex 53.6 17.3317 5.81466
      vertex 55.6 17.3091 5.72423
      vertex 53.6 17.3091 5.72423
    endloop
  endfacet
  facet normal 0 0.998782 0.0493385
    outer loop
      vertex 55.6 17.35 6
      vertex 53.6 17.3454 6.09312
      vertex 55.6 17.3454 6.09312
    endloop
  endfacet
  facet normal 0 0.998782 0.0493385
    outer loop
      vertex 53.6 17.3454 6.09312
      vertex 55.6 17.35 6
      vertex 53.6 17.35 6
    endloop
  endfacet
  facet normal 0 0.857852 -0.513896
    outer loop
      vertex 55.6 17.1899 5.47221
      vertex 53.6 17.2378 5.55217
      vertex 55.6 17.2378 5.55217
    endloop
  endfacet
  facet normal 0 0.857852 -0.513896
    outer loop
      vertex 53.6 17.2378 5.55217
      vertex 55.6 17.1899 5.47221
      vertex 53.6 17.1899 5.47221
    endloop
  endfacet
  facet normal 0 -0.337084 0.941474
    outer loop
      vertex 53.6 16.1242 6.90909
      vertex 55.6 16.0365 6.87769
      vertex 55.6 16.1242 6.90909
    endloop
  endfacet
  facet normal 0 -0.337084 0.941474
    outer loop
      vertex 55.6 16.0365 6.87769
      vertex 53.6 16.1242 6.90909
      vertex 53.6 16.0365 6.87769
    endloop
  endfacet
  facet normal 0 0.90383 -0.427893
    outer loop
      vertex 55.6 17.2378 5.55217
      vertex 53.6 17.2777 5.63645
      vertex 55.6 17.2777 5.63645
    endloop
  endfacet
  facet normal 0 0.90383 -0.427893
    outer loop
      vertex 53.6 17.2777 5.63645
      vertex 55.6 17.2378 5.55217
      vertex 53.6 17.2378 5.55217
    endloop
  endfacet
  facet normal 0 0.803386 -0.595458
    outer loop
      vertex 55.6 17.1344 5.39733
      vertex 53.6 17.1899 5.47221
      vertex 55.6 17.1899 5.47221
    endloop
  endfacet
  facet normal 0 0.803386 -0.595458
    outer loop
      vertex 53.6 17.1899 5.47221
      vertex 55.6 17.1344 5.39733
      vertex 53.6 17.1344 5.39733
    endloop
  endfacet
  facet normal 0 0.998782 -0.0493385
    outer loop
      vertex 55.6 17.3454 5.90688
      vertex 53.6 17.35 6
      vertex 55.6 17.35 6
    endloop
  endfacet
  facet normal 0 0.998782 -0.0493385
    outer loop
      vertex 53.6 17.35 6
      vertex 55.6 17.3454 5.90688
      vertex 53.6 17.3454 5.90688
    endloop
  endfacet
  facet normal -0 0.671449 0.74105
    outer loop
      vertex 53.6 17.0718 6.67175
      vertex 55.6 17.0027 6.73436
      vertex 55.6 17.0718 6.67175
    endloop
  endfacet
  facet normal 0 0.671449 0.74105
    outer loop
      vertex 55.6 17.0027 6.73436
      vertex 53.6 17.0718 6.67175
      vertex 53.6 17.0027 6.73436
    endloop
  endfacet
  facet normal 0 -0.671449 -0.74105
    outer loop
      vertex 53.6 15.7282 5.32825
      vertex 55.6 15.7973 5.26564
      vertex 55.6 15.7282 5.32825
    endloop
  endfacet
  facet normal -0 -0.671449 -0.74105
    outer loop
      vertex 55.6 15.7973 5.26564
      vertex 53.6 15.7282 5.32825
      vertex 53.6 15.7973 5.26564
    endloop
  endfacet
  facet normal 0 -0.595633 -0.803257
    outer loop
      vertex 53.6 15.7973 5.26564
      vertex 55.6 15.8722 5.2101
      vertex 55.6 15.7973 5.26564
    endloop
  endfacet
  facet normal -0 -0.595633 -0.803257
    outer loop
      vertex 55.6 15.8722 5.2101
      vertex 53.6 15.7973 5.26564
      vertex 53.6 15.8722 5.2101
    endloop
  endfacet
  facet normal 0 -0.741007 -0.671497
    outer loop
      vertex 53.6 15.7282 5.32825
      vertex 55.6 15.6656 5.39733
      vertex 53.6 15.6656 5.39733
    endloop
  endfacet
  facet normal 0 -0.741007 -0.671497
    outer loop
      vertex 55.6 15.6656 5.39733
      vertex 53.6 15.7282 5.32825
      vertex 55.6 15.7282 5.32825
    endloop
  endfacet
  facet normal 0 -0.803386 -0.595458
    outer loop
      vertex 53.6 15.6656 5.39733
      vertex 55.6 15.6101 5.47221
      vertex 53.6 15.6101 5.47221
    endloop
  endfacet
  facet normal 0 -0.803386 -0.595458
    outer loop
      vertex 55.6 15.6101 5.47221
      vertex 53.6 15.6656 5.39733
      vertex 55.6 15.6656 5.39733
    endloop
  endfacet
  facet normal 0 0.595633 -0.803257
    outer loop
      vertex 53.6 16.9278 5.2101
      vertex 55.6 17.0027 5.26564
      vertex 55.6 16.9278 5.2101
    endloop
  endfacet
  facet normal 0 0.595633 -0.803257
    outer loop
      vertex 55.6 17.0027 5.26564
      vertex 53.6 16.9278 5.2101
      vertex 53.6 17.0027 5.26564
    endloop
  endfacet
  facet normal 0 0.513001 -0.858388
    outer loop
      vertex 53.6 16.9109 5.2
      vertex 55.6 16.9278 5.2101
      vertex 55.6 16.9109 5.2
    endloop
  endfacet
  facet normal 0 0.513001 -0.858388
    outer loop
      vertex 55.6 16.9278 5.2101
      vertex 53.6 16.9109 5.2
      vertex 53.6 16.9278 5.2101
    endloop
  endfacet
  facet normal 0 -0.989145 -0.146945
    outer loop
      vertex 53.6 15.4683 5.81466
      vertex 55.6 15.4546 5.90688
      vertex 53.6 15.4546 5.90688
    endloop
  endfacet
  facet normal 0 -0.989145 -0.146945
    outer loop
      vertex 55.6 15.4546 5.90688
      vertex 53.6 15.4683 5.81466
      vertex 55.6 15.4683 5.81466
    endloop
  endfacet
  facet normal 0 -0.671449 0.74105
    outer loop
      vertex 53.6 15.7973 6.73436
      vertex 55.6 15.7282 6.67175
      vertex 55.6 15.7973 6.73436
    endloop
  endfacet
  facet normal 0 -0.671449 0.74105
    outer loop
      vertex 55.6 15.7282 6.67175
      vertex 53.6 15.7973 6.73436
      vertex 53.6 15.7282 6.67175
    endloop
  endfacet
  facet normal 0 0.941572 0.336812
    outer loop
      vertex 55.6 17.3091 6.27577
      vertex 53.6 17.2777 6.36355
      vertex 55.6 17.2777 6.36355
    endloop
  endfacet
  facet normal 0 0.941572 0.336812
    outer loop
      vertex 53.6 17.2777 6.36355
      vertex 55.6 17.3091 6.27577
      vertex 53.6 17.3091 6.27577
    endloop
  endfacet
  facet normal -0.148161 -0.987742 0.0491289
    outer loop
      vertex 52.6 15.6039 6.07841
      vertex 52.6 15.6 6
      vertex 53.6 15.45 6
    endloop
  endfacet
  facet normal -0.148151 -0.978229 0.145324
    outer loop
      vertex 53.6 15.4683 6.18534
      vertex 52.6 15.6154 6.15607
      vertex 53.6 15.4546 6.09312
    endloop
  endfacet
  facet normal -0.148161 0.987742 -0.0491289
    outer loop
      vertex 53.6 17.35 6
      vertex 52.6 17.1961 5.92159
      vertex 52.6 17.2 6
    endloop
  endfacet
  facet normal -0.148166 0.0485067 0.987772
    outer loop
      vertex 52.6 16.4784 6.79615
      vertex 52.6 16.4 6.8
      vertex 53.6 16.4 6.95
    endloop
  endfacet
  facet normal -0.148168 0.0484868 0.987773
    outer loop
      vertex 53.6 16.4931 6.94543
      vertex 52.6 16.4784 6.79615
      vertex 53.6 16.4 6.95
    endloop
  endfacet
  facet normal -0.148178 0.893846 -0.423182
    outer loop
      vertex 53.6 17.2777 5.63645
      vertex 52.6 17.1055 5.62288
      vertex 52.6 17.1391 5.69385
    endloop
  endfacet
  facet normal -0.148183 0.333262 0.931117
    outer loop
      vertex 52.6 16.7061 6.7391
      vertex 52.6 16.6322 6.76555
      vertex 53.6 16.6758 6.90909
    endloop
  endfacet
  facet normal -0.148254 0.422619 -0.894099
    outer loop
      vertex 52.6 16.7771 5.29446
      vertex 53.0394 16.7314 5.2
      vertex 52.6 16.7061 5.2609
    endloop
  endfacet
  facet normal -0.148195 0.422917 -0.893968
    outer loop
      vertex 53.0394 16.7314 5.2
      vertex 52.6 16.7771 5.29446
      vertex 53.1487 16.7697 5.2
    endloop
  endfacet
  facet normal -0.148164 -0.423253 -0.893815
    outer loop
      vertex 53.3141 15.9724 5.2
      vertex 52.6 16.0229 5.29446
      vertex 53.1487 16.0303 5.2
    endloop
  endfacet
  facet normal -0.148186 -0.732826 0.664084
    outer loop
      vertex 53.6 15.7282 6.67175
      vertex 52.6 15.8343 6.56569
      vertex 53.6 15.6656 6.60267
    endloop
  endfacet
  facet normal -0.14819 0.987755 0.0487937
    outer loop
      vertex 53.6 17.35 6
      vertex 52.6 17.1961 6.07841
      vertex 53.6 17.3454 6.09312
    endloop
  endfacet
  facet normal -0.148177 -0.848382 0.508223
    outer loop
      vertex 53.6 15.6101 6.52779
      vertex 52.6 15.6945 6.37712
      vertex 53.6 15.5622 6.44783
    endloop
  endfacet
  facet normal -0.148164 0.423253 -0.893815
    outer loop
      vertex 53.1487 16.7697 5.2
      vertex 52.6 16.7771 5.29446
      vertex 53.3141 16.8276 5.2
    endloop
  endfacet
  facet normal -0.14819 0.987755 -0.0487937
    outer loop
      vertex 53.6 17.3454 5.90688
      vertex 52.6 17.1961 5.92159
      vertex 53.6 17.35 6
    endloop
  endfacet
  facet normal -0.148159 0.145147 0.978254
    outer loop
      vertex 53.6 16.5853 6.93175
      vertex 52.6 16.5561 6.78463
      vertex 53.6 16.4931 6.94543
    endloop
  endfacet
  facet normal -0.148155 -0.422829 0.894017
    outer loop
      vertex 53.6 16.0365 6.87769
      vertex 52.6 16.0229 6.70554
      vertex 53.6 15.9522 6.83782
    endloop
  endfacet
  facet normal -0.148174 0.333363 0.931082
    outer loop
      vertex 53.6 16.7635 6.87769
      vertex 52.6 16.7061 6.7391
      vertex 53.6 16.6758 6.90909
    endloop
  endfacet
  facet normal -0.148145 0.58906 -0.794393
    outer loop
      vertex 53.6 16.9278 5.2101
      vertex 52.6 16.8445 5.33482
      vertex 53.6 17.0027 5.26564
    endloop
  endfacet
  facet normal -0.14824 0.333437 -0.931045
    outer loop
      vertex 52.9582 16.6953 5.2
      vertex 52.6 16.7061 5.2609
      vertex 53.0394 16.7314 5.2
    endloop
  endfacet
  facet normal -0.148183 -0.333262 0.931117
    outer loop
      vertex 52.6 16.1678 6.76555
      vertex 52.6 16.0939 6.7391
      vertex 53.6 16.1242 6.90909
    endloop
  endfacet
  facet normal -0.148154 0.959455 0.239784
    outer loop
      vertex 53.6 17.3317 6.18534
      vertex 52.6 17.1846 6.15607
      vertex 53.6 17.3091 6.27577
    endloop
  endfacet
  facet normal -0.148123 -0.930954 0.333743
    outer loop
      vertex 52.6 15.6609 6.30615
      vertex 52.6 15.6344 6.23223
      vertex 53.6 15.4909 6.27577
    endloop
  endfacet
  facet normal -0.148182 0.664037 0.732869
    outer loop
      vertex 53.6 17.0718 6.67175
      vertex 52.6 16.9657 6.56569
      vertex 53.6 17.0027 6.73436
    endloop
  endfacet
  facet normal -0.148151 0.978229 0.145324
    outer loop
      vertex 53.6 17.3454 6.09312
      vertex 52.6 17.1846 6.15607
      vertex 53.6 17.3317 6.18534
    endloop
  endfacet
  facet normal -0.148191 0.589496 0.794061
    outer loop
      vertex 52.6 16.9075 6.61841
      vertex 52.6 16.8445 6.66518
      vertex 53.6 17.0027 6.73436
    endloop
  endfacet
  facet normal -0.148177 -0.848382 -0.508223
    outer loop
      vertex 53.6 15.5622 5.55217
      vertex 52.6 15.6945 5.62288
      vertex 53.6 15.6101 5.47221
    endloop
  endfacet
  facet normal -0.148193 -0.663941 0.732954
    outer loop
      vertex 52.6 15.8925 6.61841
      vertex 52.6 15.8343 6.56569
      vertex 53.6 15.7973 6.73436
    endloop
  endfacet
  facet normal -0.14819 0.978291 -0.144867
    outer loop
      vertex 53.6 17.3454 5.90688
      vertex 52.6 17.1846 5.84393
      vertex 52.6 17.1961 5.92159
    endloop
  endfacet
  facet normal -0.14819 -0.987755 0.0487937
    outer loop
      vertex 53.6 15.4546 6.09312
      vertex 52.6 15.6039 6.07841
      vertex 53.6 15.45 6
    endloop
  endfacet
  facet normal -0.148154 -0.959455 0.239784
    outer loop
      vertex 53.6 15.4909 6.27577
      vertex 52.6 15.6154 6.15607
      vertex 53.6 15.4683 6.18534
    endloop
  endfacet
  facet normal -0.148155 0.422829 0.894017
    outer loop
      vertex 53.6 16.8478 6.83782
      vertex 52.6 16.7771 6.70554
      vertex 53.6 16.7635 6.87769
    endloop
  endfacet
  facet normal -0.148141 0.848609 0.507855
    outer loop
      vertex 52.6 17.1055 6.37712
      vertex 52.6 17.0652 6.44446
      vertex 53.6 17.1899 6.52779
    endloop
  endfacet
  facet normal -0.148207 -0.794103 -0.589437
    outer loop
      vertex 53.6 15.6656 5.39733
      vertex 52.6 15.7348 5.55554
      vertex 52.6 15.7816 5.49249
    endloop
  endfacet
  facet normal -0.148177 0.848382 0.508223
    outer loop
      vertex 53.6 17.2378 6.44783
      vertex 52.6 17.1055 6.37712
      vertex 53.6 17.1899 6.52779
    endloop
  endfacet
  facet normal -0.148207 -0.794103 0.589437
    outer loop
      vertex 52.6 15.7816 6.50751
      vertex 52.6 15.7348 6.44446
      vertex 53.6 15.6656 6.60267
    endloop
  endfacet
  facet normal -0.14818 0.240511 0.959269
    outer loop
      vertex 52.6 16.6322 6.76555
      vertex 52.6 16.5561 6.78463
      vertex 53.6 16.6758 6.90909
    endloop
  endfacet
  facet normal -0.148174 -0.333363 0.931082
    outer loop
      vertex 53.6 16.1242 6.90909
      vertex 52.6 16.0939 6.7391
      vertex 53.6 16.0365 6.87769
    endloop
  endfacet
  facet normal -0.148177 0.848382 -0.508223
    outer loop
      vertex 53.6 17.1899 5.47221
      vertex 52.6 17.1055 5.62288
      vertex 53.6 17.2378 5.55217
    endloop
  endfacet
  facet normal -0.14819 -0.987755 -0.0487937
    outer loop
      vertex 53.6 15.45 6
      vertex 52.6 15.6039 5.92159
      vertex 53.6 15.4546 5.90688
    endloop
  endfacet
  facet normal -0.148173 0.422625 0.89411
    outer loop
      vertex 52.6 16.7771 6.70554
      vertex 52.6 16.7061 6.7391
      vertex 53.6 16.7635 6.87769
    endloop
  endfacet
  facet normal -0.14824 -0.333437 -0.931045
    outer loop
      vertex 53.0394 16.0686 5.2
      vertex 52.6 16.0939 5.2609
      vertex 52.9582 16.1047 5.2
    endloop
  endfacet
  facet normal -0.148149 0.794521 -0.588888
    outer loop
      vertex 53.6 17.1344 5.39733
      vertex 52.6 17.0652 5.55554
      vertex 53.6 17.1899 5.47221
    endloop
  endfacet
  facet normal -0.148173 -0.422625 0.89411
    outer loop
      vertex 52.6 16.0939 6.7391
      vertex 52.6 16.0229 6.70554
      vertex 53.6 16.0365 6.87769
    endloop
  endfacet
  facet normal -0.14818 -0.240511 0.959269
    outer loop
      vertex 52.6 16.2439 6.78463
      vertex 52.6 16.1678 6.76555
      vertex 53.6 16.1242 6.90909
    endloop
  endfacet
  facet normal -0.148186 0.732826 0.664084
    outer loop
      vertex 53.6 17.1344 6.60267
      vertex 52.6 16.9657 6.56569
      vertex 53.6 17.0718 6.67175
    endloop
  endfacet
  facet normal -0.148154 0.240208 0.959349
    outer loop
      vertex 53.6 16.6758 6.90909
      vertex 52.6 16.5561 6.78463
      vertex 53.6 16.5853 6.93175
    endloop
  endfacet
  facet normal -0.148216 -0.240491 -0.959269
    outer loop
      vertex 52.6 16.1678 5.23445
      vertex 52.7235 16.2291 5.2
      vertex 52.84 16.1573 5.2
    endloop
  endfacet
  facet normal -0.148206 -0.24051 -0.959265
    outer loop
      vertex 52.7235 16.2291 5.2
      vertex 52.6 16.1678 5.23445
      vertex 52.6 16.2439 5.21537
    endloop
  endfacet
  facet normal -0.148182 -0.664037 -0.732869
    outer loop
      vertex 53.6 15.7282 5.32825
      vertex 52.6 15.8343 5.43431
      vertex 53.6 15.7973 5.26564
    endloop
  endfacet
  facet normal -0.148145 -0.58906 -0.794393
    outer loop
      vertex 53.6 15.7973 5.26564
      vertex 52.6 15.9555 5.33482
      vertex 53.6 15.8722 5.2101
    endloop
  endfacet
  facet normal -0.148191 -0.589496 -0.794061
    outer loop
      vertex 53.6 15.7973 5.26564
      vertex 52.6 15.8925 5.38159
      vertex 52.6 15.9555 5.33482
    endloop
  endfacet
  facet normal -0.148151 0.978229 -0.145324
    outer loop
      vertex 53.6 17.3317 5.81466
      vertex 52.6 17.1846 5.84393
      vertex 53.6 17.3454 5.90688
    endloop
  endfacet
  facet normal -0.148156 -0.508194 0.848404
    outer loop
      vertex 53.6 15.9522 6.83782
      vertex 52.6 16.0229 6.70554
      vertex 53.6 15.8722 6.7899
    endloop
  endfacet
  facet normal -1 0 0
    outer loop
      vertex 52.6 17.1961 5.92159
      vertex 52.6 17.1961 6.07841
      vertex 52.6 17.2 6
    endloop
  endfacet
  facet normal -1 0 0
    outer loop
      vertex 52.6 17.1846 5.84393
      vertex 52.6 17.1961 6.07841
      vertex 52.6 17.1961 5.92159
    endloop
  endfacet
  facet normal -1 0 0
    outer loop
      vertex 52.6 17.1846 5.84393
      vertex 52.6 17.1846 6.15607
      vertex 52.6 17.1961 6.07841
    endloop
  endfacet
  facet normal -1 0 0
    outer loop
      vertex 52.6 17.1656 5.76777
      vertex 52.6 17.1846 6.15607
      vertex 52.6 17.1846 5.84393
    endloop
  endfacet
  facet normal -1 0 0
    outer loop
      vertex 52.6 17.1656 5.76777
      vertex 52.6 17.1656 6.23223
      vertex 52.6 17.1846 6.15607
    endloop
  endfacet
  facet normal -1 0 0
    outer loop
      vertex 52.6 17.1391 5.69385
      vertex 52.6 17.1656 6.23223
      vertex 52.6 17.1656 5.76777
    endloop
  endfacet
  facet normal -1 0 0
    outer loop
      vertex 52.6 17.1391 5.69385
      vertex 52.6 17.1391 6.30615
      vertex 52.6 17.1656 6.23223
    endloop
  endfacet
  facet normal -1 0 0
    outer loop
      vertex 52.6 17.1055 5.62288
      vertex 52.6 17.1391 6.30615
      vertex 52.6 17.1391 5.69385
    endloop
  endfacet
  facet normal -1 0 0
    outer loop
      vertex 52.6 17.1055 5.62288
      vertex 52.6 17.1055 6.37712
      vertex 52.6 17.1391 6.30615
    endloop
  endfacet
  facet normal -1 0 0
    outer loop
      vertex 52.6 17.0652 5.55554
      vertex 52.6 17.1055 6.37712
      vertex 52.6 17.1055 5.62288
    endloop
  endfacet
  facet normal -1 0 0
    outer loop
      vertex 52.6 17.0652 5.55554
      vertex 52.6 17.0652 6.44446
      vertex 52.6 17.1055 6.37712
    endloop
  endfacet
  facet normal -1 0 0
    outer loop
      vertex 52.6 17.0184 5.49249
      vertex 52.6 17.0652 6.44446
      vertex 52.6 17.0652 5.55554
    endloop
  endfacet
  facet normal -1 0 0
    outer loop
      vertex 52.6 17.0184 5.49249
      vertex 52.6 17.0184 6.50751
      vertex 52.6 17.0652 6.44446
    endloop
  endfacet
  facet normal -1 0 0
    outer loop
      vertex 52.6 16.9657 5.43431
      vertex 52.6 17.0184 6.50751
      vertex 52.6 17.0184 5.49249
    endloop
  endfacet
  facet normal -1 0 0
    outer loop
      vertex 52.6 16.9657 5.43431
      vertex 52.6 16.9657 6.56569
      vertex 52.6 17.0184 6.50751
    endloop
  endfacet
  facet normal -1 0 0
    outer loop
      vertex 52.6 16.9075 5.38159
      vertex 52.6 16.9657 6.56569
      vertex 52.6 16.9657 5.43431
    endloop
  endfacet
  facet normal -1 0 0
    outer loop
      vertex 52.6 16.9075 5.38159
      vertex 52.6 16.9075 6.61841
      vertex 52.6 16.9657 6.56569
    endloop
  endfacet
  facet normal -1 0 0
    outer loop
      vertex 52.6 16.8445 5.33482
      vertex 52.6 16.9075 6.61841
      vertex 52.6 16.9075 5.38159
    endloop
  endfacet
  facet normal -1 0 0
    outer loop
      vertex 52.6 16.8445 5.33482
      vertex 52.6 16.8445 6.66518
      vertex 52.6 16.9075 6.61841
    endloop
  endfacet
  facet normal -1 0 0
    outer loop
      vertex 52.6 16.7771 5.29446
      vertex 52.6 16.8445 6.66518
      vertex 52.6 16.8445 5.33482
    endloop
  endfacet
  facet normal -1 0 0
    outer loop
      vertex 52.6 16.7771 5.29446
      vertex 52.6 16.7771 6.70554
      vertex 52.6 16.8445 6.66518
    endloop
  endfacet
  facet normal -1 0 0
    outer loop
      vertex 52.6 16.7061 5.2609
      vertex 52.6 16.7771 6.70554
      vertex 52.6 16.7771 5.29446
    endloop
  endfacet
  facet normal -1 0 0
    outer loop
      vertex 52.6 16.7061 5.2609
      vertex 52.6 16.7061 6.7391
      vertex 52.6 16.7771 6.70554
    endloop
  endfacet
  facet normal -1 0 0
    outer loop
      vertex 52.6 16.6322 5.23445
      vertex 52.6 16.7061 6.7391
      vertex 52.6 16.7061 5.2609
    endloop
  endfacet
  facet normal -1 0 0
    outer loop
      vertex 52.6 16.6322 5.23445
      vertex 52.6 16.6322 6.76555
      vertex 52.6 16.7061 6.7391
    endloop
  endfacet
  facet normal -1 0 0
    outer loop
      vertex 52.6 16.5561 5.21537
      vertex 52.6 16.6322 6.76555
      vertex 52.6 16.6322 5.23445
    endloop
  endfacet
  facet normal -1 0 0
    outer loop
      vertex 52.6 16.5561 5.21537
      vertex 52.6 16.5561 6.78463
      vertex 52.6 16.6322 6.76555
    endloop
  endfacet
  facet normal -1 0 0
    outer loop
      vertex 52.6 16.4784 5.20385
      vertex 52.6 16.5561 6.78463
      vertex 52.6 16.5561 5.21537
    endloop
  endfacet
  facet normal -1 0 0
    outer loop
      vertex 52.6 16.4784 5.20385
      vertex 52.6 16.4784 6.79615
      vertex 52.6 16.5561 6.78463
    endloop
  endfacet
  facet normal -1 0 0
    outer loop
      vertex 52.6 16.4 5.2
      vertex 52.6 16.4784 6.79615
      vertex 52.6 16.4784 5.20385
    endloop
  endfacet
  facet normal -1 0 0
    outer loop
      vertex 52.6 16.4 5.2
      vertex 52.6 16.4 6.8
      vertex 52.6 16.4784 6.79615
    endloop
  endfacet
  facet normal -1 0 0
    outer loop
      vertex 52.6 16.3216 5.20385
      vertex 52.6 16.4 6.8
      vertex 52.6 16.4 5.2
    endloop
  endfacet
  facet normal -1 0 0
    outer loop
      vertex 52.6 16.3216 5.20385
      vertex 52.6 16.3216 6.79615
      vertex 52.6 16.4 6.8
    endloop
  endfacet
  facet normal -1 0 0
    outer loop
      vertex 52.6 16.2439 5.21537
      vertex 52.6 16.3216 6.79615
      vertex 52.6 16.3216 5.20385
    endloop
  endfacet
  facet normal -1 0 0
    outer loop
      vertex 52.6 16.2439 5.21537
      vertex 52.6 16.2439 6.78463
      vertex 52.6 16.3216 6.79615
    endloop
  endfacet
  facet normal -1 0 0
    outer loop
      vertex 52.6 16.1678 5.23445
      vertex 52.6 16.2439 6.78463
      vertex 52.6 16.2439 5.21537
    endloop
  endfacet
  facet normal -1 0 0
    outer loop
      vertex 52.6 16.1678 5.23445
      vertex 52.6 16.1678 6.76555
      vertex 52.6 16.2439 6.78463
    endloop
  endfacet
  facet normal -1 0 0
    outer loop
      vertex 52.6 16.0939 5.2609
      vertex 52.6 16.1678 6.76555
      vertex 52.6 16.1678 5.23445
    endloop
  endfacet
  facet normal -1 0 0
    outer loop
      vertex 52.6 16.0939 5.2609
      vertex 52.6 16.0939 6.7391
      vertex 52.6 16.1678 6.76555
    endloop
  endfacet
  facet normal -1 0 0
    outer loop
      vertex 52.6 16.0229 5.29446
      vertex 52.6 16.0939 6.7391
      vertex 52.6 16.0939 5.2609
    endloop
  endfacet
  facet normal -1 0 0
    outer loop
      vertex 52.6 16.0229 5.29446
      vertex 52.6 16.0229 6.70554
      vertex 52.6 16.0939 6.7391
    endloop
  endfacet
  facet normal -1 0 0
    outer loop
      vertex 52.6 15.9555 5.33482
      vertex 52.6 16.0229 6.70554
      vertex 52.6 16.0229 5.29446
    endloop
  endfacet
  facet normal -1 0 0
    outer loop
      vertex 52.6 15.9555 5.33482
      vertex 52.6 15.9555 6.66518
      vertex 52.6 16.0229 6.70554
    endloop
  endfacet
  facet normal -1 0 0
    outer loop
      vertex 52.6 15.8925 5.38159
      vertex 52.6 15.9555 6.66518
      vertex 52.6 15.9555 5.33482
    endloop
  endfacet
  facet normal -1 0 0
    outer loop
      vertex 52.6 15.8925 5.38159
      vertex 52.6 15.8925 6.61841
      vertex 52.6 15.9555 6.66518
    endloop
  endfacet
  facet normal -1 0 0
    outer loop
      vertex 52.6 15.8343 5.43431
      vertex 52.6 15.8925 6.61841
      vertex 52.6 15.8925 5.38159
    endloop
  endfacet
  facet normal -1 0 0
    outer loop
      vertex 52.6 15.8343 5.43431
      vertex 52.6 15.8343 6.56569
      vertex 52.6 15.8925 6.61841
    endloop
  endfacet
  facet normal -1 0 0
    outer loop
      vertex 52.6 15.7816 5.49249
      vertex 52.6 15.8343 6.56569
      vertex 52.6 15.8343 5.43431
    endloop
  endfacet
  facet normal -1 0 0
    outer loop
      vertex 52.6 15.7816 5.49249
      vertex 52.6 15.7816 6.50751
      vertex 52.6 15.8343 6.56569
    endloop
  endfacet
  facet normal -1 0 0
    outer loop
      vertex 52.6 15.7348 5.55554
      vertex 52.6 15.7816 6.50751
      vertex 52.6 15.7816 5.49249
    endloop
  endfacet
  facet normal -1 0 0
    outer loop
      vertex 52.6 15.7348 5.55554
      vertex 52.6 15.7348 6.44446
      vertex 52.6 15.7816 6.50751
    endloop
  endfacet
  facet normal -1 0 0
    outer loop
      vertex 52.6 15.6945 5.62288
      vertex 52.6 15.7348 6.44446
      vertex 52.6 15.7348 5.55554
    endloop
  endfacet
  facet normal -1 0 0
    outer loop
      vertex 52.6 15.6945 5.62288
      vertex 52.6 15.6945 6.37712
      vertex 52.6 15.7348 6.44446
    endloop
  endfacet
  facet normal -1 0 0
    outer loop
      vertex 52.6 15.6609 5.69385
      vertex 52.6 15.6945 6.37712
      vertex 52.6 15.6945 5.62288
    endloop
  endfacet
  facet normal -1 0 0
    outer loop
      vertex 52.6 15.6609 5.69385
      vertex 52.6 15.6609 6.30615
      vertex 52.6 15.6945 6.37712
    endloop
  endfacet
  facet normal -1 0 0
    outer loop
      vertex 52.6 15.6344 5.76777
      vertex 52.6 15.6609 6.30615
      vertex 52.6 15.6609 5.69385
    endloop
  endfacet
  facet normal -1 0 0
    outer loop
      vertex 52.6 15.6344 5.76777
      vertex 52.6 15.6344 6.23223
      vertex 52.6 15.6609 6.30615
    endloop
  endfacet
  facet normal -1 0 0
    outer loop
      vertex 52.6 15.6154 5.84393
      vertex 52.6 15.6344 6.23223
      vertex 52.6 15.6344 5.76777
    endloop
  endfacet
  facet normal -1 0 0
    outer loop
      vertex 52.6 15.6154 5.84393
      vertex 52.6 15.6154 6.15607
      vertex 52.6 15.6344 6.23223
    endloop
  endfacet
  facet normal -1 0 0
    outer loop
      vertex 52.6 15.6039 5.92159
      vertex 52.6 15.6154 6.15607
      vertex 52.6 15.6154 5.84393
    endloop
  endfacet
  facet normal -1 0 0
    outer loop
      vertex 52.6 15.6039 5.92159
      vertex 52.6 15.6039 6.07841
      vertex 52.6 15.6154 6.15607
    endloop
  endfacet
  facet normal -1 0 -0
    outer loop
      vertex 52.6 15.6039 6.07841
      vertex 52.6 15.6039 5.92159
      vertex 52.6 15.6 6
    endloop
  endfacet
  facet normal -0.148186 -0.732826 -0.664084
    outer loop
      vertex 53.6 15.6656 5.39733
      vertex 52.6 15.8343 5.43431
      vertex 53.6 15.7282 5.32825
    endloop
  endfacet
  facet normal -0.148181 -0.931177 -0.333094
    outer loop
      vertex 53.6 15.4909 5.72423
      vertex 52.6 15.6609 5.69385
      vertex 53.6 15.5223 5.63645
    endloop
  endfacet
  facet normal -0.148179 -0.893852 0.423169
    outer loop
      vertex 53.6 15.5622 6.44783
      vertex 52.6 15.6945 6.37712
      vertex 53.6 15.5223 6.36355
    endloop
  endfacet
  facet normal -0.148061 -0.146416 -0.97808
    outer loop
      vertex 52.7045 16.2409 5.2
      vertex 52.6 16.2439 5.21537
      vertex 52.6956 16.2499 5.2
    endloop
  endfacet
  facet normal -0.148145 -0.508078 -0.848475
    outer loop
      vertex 53.6 15.8722 5.2101
      vertex 52.6 15.9555 5.33482
      vertex 52.6 16.0229 5.29446
    endloop
  endfacet
  facet normal -0.148176 -0.0515395 -0.987617
    outer loop
      vertex 52.6258 16.3212 5.2
      vertex 52.6 16.3216 5.20385
      vertex 52.625 16.3235 5.2
    endloop
  endfacet
  facet normal -0.147826 -0.507365 -0.848957
    outer loop
      vertex 53.6 15.8722 5.2101
      vertex 53.3141 15.9724 5.2
      vertex 53.6 15.8891 5.2
    endloop
  endfacet
  facet normal -0.148163 -0.508267 -0.848359
    outer loop
      vertex 53.3141 15.9724 5.2
      vertex 53.6 15.8722 5.2101
      vertex 52.6 16.0229 5.29446
    endloop
  endfacet
  facet normal -0.148179 -0.893852 -0.423169
    outer loop
      vertex 53.6 15.5223 5.63645
      vertex 52.6 15.6945 5.62288
      vertex 53.6 15.5622 5.55217
    endloop
  endfacet
  facet normal -0.148235 0.0485062 -0.987762
    outer loop
      vertex 52.625 16.4764 5.2
      vertex 52.6 16.4 5.2
      vertex 52.6 16.4784 5.20385
    endloop
  endfacet
  facet normal -0.148154 -0.240208 0.959349
    outer loop
      vertex 53.6 16.2147 6.93175
      vertex 52.6 16.2439 6.78463
      vertex 53.6 16.1242 6.90909
    endloop
  endfacet
  facet normal -0.148181 0.931177 0.333094
    outer loop
      vertex 53.6 17.3091 6.27577
      vertex 52.6 17.1391 6.30615
      vertex 53.6 17.2777 6.36355
    endloop
  endfacet
  facet normal -0.14812 0.95956 -0.239386
    outer loop
      vertex 53.6 17.3091 5.72423
      vertex 52.6 17.1656 5.76777
      vertex 52.6 17.1846 5.84393
    endloop
  endfacet
  facet normal -0.148168 -0.0484868 0.987773
    outer loop
      vertex 53.6 16.4 6.95
      vertex 52.6 16.3216 6.79615
      vertex 53.6 16.3069 6.94543
    endloop
  endfacet
  facet normal -0.148166 -0.0485067 0.987772
    outer loop
      vertex 52.6 16.4 6.8
      vertex 52.6 16.3216 6.79615
      vertex 53.6 16.4 6.95
    endloop
  endfacet
  facet normal -0.148203 0.732965 0.663927
    outer loop
      vertex 52.6 17.0184 6.50751
      vertex 52.6 16.9657 6.56569
      vertex 53.6 17.1344 6.60267
    endloop
  endfacet
  facet normal -0.148156 0.508194 0.848404
    outer loop
      vertex 53.6 16.9278 6.7899
      vertex 52.6 16.7771 6.70554
      vertex 53.6 16.8478 6.83782
    endloop
  endfacet
  facet normal -0.148145 0.58906 0.794393
    outer loop
      vertex 53.6 17.0027 6.73436
      vertex 52.6 16.8445 6.66518
      vertex 53.6 16.9278 6.7899
    endloop
  endfacet
  facet normal -0.148123 0.930954 -0.333743
    outer loop
      vertex 53.6 17.3091 5.72423
      vertex 52.6 17.1391 5.69385
      vertex 52.6 17.1656 5.76777
    endloop
  endfacet
  facet normal -0.148145 0.508078 0.848475
    outer loop
      vertex 52.6 16.8445 6.66518
      vertex 52.6 16.7771 6.70554
      vertex 53.6 16.9278 6.7899
    endloop
  endfacet
  facet normal -0.148195 -0.422917 -0.893968
    outer loop
      vertex 52.6 16.0229 5.29446
      vertex 53.0394 16.0686 5.2
      vertex 53.1487 16.0303 5.2
    endloop
  endfacet
  facet normal -0.148254 -0.422619 -0.894099
    outer loop
      vertex 53.0394 16.0686 5.2
      vertex 52.6 16.0229 5.29446
      vertex 52.6 16.0939 5.2609
    endloop
  endfacet
  facet normal -0.148168 0.145041 0.978269
    outer loop
      vertex 52.6 16.5561 6.78463
      vertex 52.6 16.4784 6.79615
      vertex 53.6 16.4931 6.94543
    endloop
  endfacet
  facet normal -0.148203 -0.732965 -0.663927
    outer loop
      vertex 53.6 15.6656 5.39733
      vertex 52.6 15.7816 5.49249
      vertex 52.6 15.8343 5.43431
    endloop
  endfacet
  facet normal -0.148159 -0.145147 0.978254
    outer loop
      vertex 53.6 16.3069 6.94543
      vertex 52.6 16.2439 6.78463
      vertex 53.6 16.2147 6.93175
    endloop
  endfacet
  facet normal -0.14812 -0.95956 -0.239386
    outer loop
      vertex 53.6 15.4909 5.72423
      vertex 52.6 15.6154 5.84393
      vertex 52.6 15.6344 5.76777
    endloop
  endfacet
  facet normal -0.14812 0.95956 0.239386
    outer loop
      vertex 52.6 17.1846 6.15607
      vertex 52.6 17.1656 6.23223
      vertex 53.6 17.3091 6.27577
    endloop
  endfacet
  facet normal -0.148061 0.146416 -0.97808
    outer loop
      vertex 52.6956 16.5501 5.2
      vertex 52.6 16.5561 5.21537
      vertex 52.7045 16.5591 5.2
    endloop
  endfacet
  facet normal -0.148181 -0.931177 0.333094
    outer loop
      vertex 53.6 15.5223 6.36355
      vertex 52.6 15.6609 6.30615
      vertex 53.6 15.4909 6.27577
    endloop
  endfacet
  facet normal -0.148191 0.589496 -0.794061
    outer loop
      vertex 53.6 17.0027 5.26564
      vertex 52.6 16.8445 5.33482
      vertex 52.6 16.9075 5.38159
    endloop
  endfacet
  facet normal -0.148016 0.238331 -0.959838
    outer loop
      vertex 52.7045 16.5591 5.2
      vertex 52.6 16.5561 5.21537
      vertex 52.7235 16.5709 5.2
    endloop
  endfacet
  facet normal -0.14819 -0.978291 0.144867
    outer loop
      vertex 52.6 15.6154 6.15607
      vertex 52.6 15.6039 6.07841
      vertex 53.6 15.4546 6.09312
    endloop
  endfacet
  facet normal -0.148181 0.931177 -0.333094
    outer loop
      vertex 53.6 17.2777 5.63645
      vertex 52.6 17.1391 5.69385
      vertex 53.6 17.3091 5.72423
    endloop
  endfacet
  facet normal -0.148141 -0.848609 0.507855
    outer loop
      vertex 52.6 15.7348 6.44446
      vertex 52.6 15.6945 6.37712
      vertex 53.6 15.6101 6.52779
    endloop
  endfacet
  facet normal -0.148016 -0.238331 -0.959838
    outer loop
      vertex 52.7235 16.2291 5.2
      vertex 52.6 16.2439 5.21537
      vertex 52.7045 16.2409 5.2
    endloop
  endfacet
  facet normal -0.148178 -0.893846 0.423182
    outer loop
      vertex 52.6 15.6945 6.37712
      vertex 52.6 15.6609 6.30615
      vertex 53.6 15.5223 6.36355
    endloop
  endfacet
  facet normal -0.148123 -0.930954 -0.333743
    outer loop
      vertex 53.6 15.4909 5.72423
      vertex 52.6 15.6344 5.76777
      vertex 52.6 15.6609 5.69385
    endloop
  endfacet
  facet normal -0.148145 -0.508078 0.848475
    outer loop
      vertex 52.6 16.0229 6.70554
      vertex 52.6 15.9555 6.66518
      vertex 53.6 15.8722 6.7899
    endloop
  endfacet
  facet normal -0.148145 -0.58906 0.794393
    outer loop
      vertex 53.6 15.8722 6.7899
      vertex 52.6 15.9555 6.66518
      vertex 53.6 15.7973 6.73436
    endloop
  endfacet
  facet normal -0.148182 -0.664037 0.732869
    outer loop
      vertex 53.6 15.7973 6.73436
      vertex 52.6 15.8343 6.56569
      vertex 53.6 15.7282 6.67175
    endloop
  endfacet
  facet normal -0.14819 0.978291 0.144867
    outer loop
      vertex 52.6 17.1961 6.07841
      vertex 52.6 17.1846 6.15607
      vertex 53.6 17.3454 6.09312
    endloop
  endfacet
  facet normal -0.148179 0.893852 0.423169
    outer loop
      vertex 53.6 17.2777 6.36355
      vertex 52.6 17.1055 6.37712
      vertex 53.6 17.2378 6.44783
    endloop
  endfacet
  facet normal -0.148179 0.893852 -0.423169
    outer loop
      vertex 53.6 17.2378 5.55217
      vertex 52.6 17.1055 5.62288
      vertex 53.6 17.2777 5.63645
    endloop
  endfacet
  facet normal -0.148176 -0.145058 -0.978265
    outer loop
      vertex 52.6 16.2439 5.21537
      vertex 52.6258 16.3212 5.2
      vertex 52.6956 16.2499 5.2
    endloop
  endfacet
  facet normal -0.148229 -0.145039 -0.97826
    outer loop
      vertex 52.6258 16.3212 5.2
      vertex 52.6 16.2439 5.21537
      vertex 52.6 16.3216 5.20385
    endloop
  endfacet
  facet normal -0.148168 -0.145041 0.978269
    outer loop
      vertex 52.6 16.3216 6.79615
      vertex 52.6 16.2439 6.78463
      vertex 53.6 16.3069 6.94543
    endloop
  endfacet
  facet normal -0.148149 0.794521 0.588888
    outer loop
      vertex 53.6 17.1899 6.52779
      vertex 52.6 17.0652 6.44446
      vertex 53.6 17.1344 6.60267
    endloop
  endfacet
  facet normal -0.148207 0.794103 0.589437
    outer loop
      vertex 52.6 17.0652 6.44446
      vertex 52.6 17.0184 6.50751
      vertex 53.6 17.1344 6.60267
    endloop
  endfacet
  facet normal -0.148151 -0.978229 -0.145324
    outer loop
      vertex 53.6 15.4546 5.90688
      vertex 52.6 15.6154 5.84393
      vertex 53.6 15.4683 5.81466
    endloop
  endfacet
  facet normal -0.148161 0.987742 0.0491289
    outer loop
      vertex 52.6 17.2 6
      vertex 52.6 17.1961 6.07841
      vertex 53.6 17.35 6
    endloop
  endfacet
  facet normal -0.148193 0.663941 0.732954
    outer loop
      vertex 52.6 16.9657 6.56569
      vertex 52.6 16.9075 6.61841
      vertex 53.6 17.0027 6.73436
    endloop
  endfacet
  facet normal -0.148149 -0.794521 0.588888
    outer loop
      vertex 53.6 15.6656 6.60267
      vertex 52.6 15.7348 6.44446
      vertex 53.6 15.6101 6.52779
    endloop
  endfacet
  facet normal -0.148149 -0.794521 -0.588888
    outer loop
      vertex 53.6 15.6101 5.47221
      vertex 52.6 15.7348 5.55554
      vertex 53.6 15.6656 5.39733
    endloop
  endfacet
  facet normal -0.148178 0.893846 0.423182
    outer loop
      vertex 52.6 17.1391 6.30615
      vertex 52.6 17.1055 6.37712
      vertex 53.6 17.2777 6.36355
    endloop
  endfacet
  facet normal -0.14812 -0.95956 0.239386
    outer loop
      vertex 52.6 15.6344 6.23223
      vertex 52.6 15.6154 6.15607
      vertex 53.6 15.4909 6.27577
    endloop
  endfacet
  facet normal -0.148141 0.848609 -0.507855
    outer loop
      vertex 53.6 17.1899 5.47221
      vertex 52.6 17.0652 5.55554
      vertex 52.6 17.1055 5.62288
    endloop
  endfacet
  facet normal -0.148203 -0.732965 0.663927
    outer loop
      vertex 52.6 15.8343 6.56569
      vertex 52.6 15.7816 6.50751
      vertex 53.6 15.6656 6.60267
    endloop
  endfacet
  facet normal -0.148233 0.333259 -0.93111
    outer loop
      vertex 52.6 16.7061 5.2609
      vertex 52.84 16.6427 5.2
      vertex 52.6 16.6322 5.23445
    endloop
  endfacet
  facet normal -0.148264 0.33317 -0.931137
    outer loop
      vertex 52.84 16.6427 5.2
      vertex 52.6 16.7061 5.2609
      vertex 52.9582 16.6953 5.2
    endloop
  endfacet
  facet normal -0.148182 0.664037 -0.732869
    outer loop
      vertex 53.6 17.0027 5.26564
      vertex 52.6 16.9657 5.43431
      vertex 53.6 17.0718 5.32825
    endloop
  endfacet
  facet normal -0.148193 0.663941 -0.732954
    outer loop
      vertex 53.6 17.0027 5.26564
      vertex 52.6 16.9075 5.38159
      vertex 52.6 16.9657 5.43431
    endloop
  endfacet
  facet normal -0.148425 -0.0485048 -0.987733
    outer loop
      vertex 52.625 16.3235 5.2
      vertex 52.6 16.3216 5.20385
      vertex 52.6 16.4 5.2
    endloop
  endfacet
  facet normal -0.148206 0.24051 -0.959265
    outer loop
      vertex 52.6 16.6322 5.23445
      vertex 52.7235 16.5709 5.2
      vertex 52.6 16.5561 5.21537
    endloop
  endfacet
  facet normal -0.148216 0.240491 -0.959269
    outer loop
      vertex 52.7235 16.5709 5.2
      vertex 52.6 16.6322 5.23445
      vertex 52.84 16.6427 5.2
    endloop
  endfacet
  facet normal -0.148123 0.930954 0.333743
    outer loop
      vertex 52.6 17.1656 6.23223
      vertex 52.6 17.1391 6.30615
      vertex 53.6 17.3091 6.27577
    endloop
  endfacet
  facet normal -0.148191 -0.589496 0.794061
    outer loop
      vertex 52.6 15.9555 6.66518
      vertex 52.6 15.8925 6.61841
      vertex 53.6 15.7973 6.73436
    endloop
  endfacet
  facet normal -0.148161 -0.987742 -0.0491289
    outer loop
      vertex 53.6 15.45 6
      vertex 52.6 15.6 6
      vertex 52.6 15.6039 5.92159
    endloop
  endfacet
  facet normal -0.148193 -0.663941 -0.732954
    outer loop
      vertex 53.6 15.7973 5.26564
      vertex 52.6 15.8343 5.43431
      vertex 52.6 15.8925 5.38159
    endloop
  endfacet
  facet normal -0.148178 -0.893846 -0.423182
    outer loop
      vertex 53.6 15.5223 5.63645
      vertex 52.6 15.6609 5.69385
      vertex 52.6 15.6945 5.62288
    endloop
  endfacet
  facet normal -0.148141 -0.848609 -0.507855
    outer loop
      vertex 53.6 15.6101 5.47221
      vertex 52.6 15.6945 5.62288
      vertex 52.6 15.7348 5.55554
    endloop
  endfacet
  facet normal -0.148186 0.732826 -0.664084
    outer loop
      vertex 53.6 17.0718 5.32825
      vertex 52.6 16.9657 5.43431
      vertex 53.6 17.1344 5.39733
    endloop
  endfacet
  facet normal -0.148154 -0.959455 -0.239784
    outer loop
      vertex 53.6 15.4683 5.81466
      vertex 52.6 15.6154 5.84393
      vertex 53.6 15.4909 5.72423
    endloop
  endfacet
  facet normal -0.148154 0.959455 -0.239784
    outer loop
      vertex 53.6 17.3091 5.72423
      vertex 52.6 17.1846 5.84393
      vertex 53.6 17.3317 5.81466
    endloop
  endfacet
  facet normal -0.14819 -0.978291 -0.144867
    outer loop
      vertex 53.6 15.4546 5.90688
      vertex 52.6 15.6039 5.92159
      vertex 52.6 15.6154 5.84393
    endloop
  endfacet
  facet normal -0.148159 0.0493865 -0.98773
    outer loop
      vertex 52.625 16.4764 5.2
      vertex 52.6 16.4784 5.20385
      vertex 52.6258 16.4788 5.2
    endloop
  endfacet
  facet normal -0.148229 0.145039 -0.97826
    outer loop
      vertex 52.6 16.5561 5.21537
      vertex 52.6258 16.4788 5.2
      vertex 52.6 16.4784 5.20385
    endloop
  endfacet
  facet normal -0.148176 0.145058 -0.978265
    outer loop
      vertex 52.6258 16.4788 5.2
      vertex 52.6 16.5561 5.21537
      vertex 52.6956 16.5501 5.2
    endloop
  endfacet
  facet normal -0.148264 -0.33317 -0.931137
    outer loop
      vertex 52.6 16.0939 5.2609
      vertex 52.84 16.1573 5.2
      vertex 52.9582 16.1047 5.2
    endloop
  endfacet
  facet normal -0.148233 -0.333259 -0.93111
    outer loop
      vertex 52.84 16.1573 5.2
      vertex 52.6 16.0939 5.2609
      vertex 52.6 16.1678 5.23445
    endloop
  endfacet
  facet normal -0.148203 0.732965 -0.663927
    outer loop
      vertex 53.6 17.1344 5.39733
      vertex 52.6 16.9657 5.43431
      vertex 52.6 17.0184 5.49249
    endloop
  endfacet
  facet normal -0.147826 0.507365 -0.848957
    outer loop
      vertex 53.3141 16.8276 5.2
      vertex 53.6 16.9278 5.2101
      vertex 53.6 16.9109 5.2
    endloop
  endfacet
  facet normal -0.148163 0.508267 -0.848359
    outer loop
      vertex 53.6 16.9278 5.2101
      vertex 53.3141 16.8276 5.2
      vertex 52.6 16.7771 5.29446
    endloop
  endfacet
  facet normal -0.148207 0.794103 -0.589437
    outer loop
      vertex 53.6 17.1344 5.39733
      vertex 52.6 17.0184 5.49249
      vertex 52.6 17.0652 5.55554
    endloop
  endfacet
  facet normal -0.148145 0.508078 -0.848475
    outer loop
      vertex 53.6 16.9278 5.2101
      vertex 52.6 16.7771 5.29446
      vertex 52.6 16.8445 5.33482
    endloop
  endfacet
  facet normal 0 0 -1
    outer loop
      vertex 53.6 15.8891 5.2
      vertex 55.6 16.9109 5.2
      vertex 55.6 15.8891 5.2
    endloop
  endfacet
  facet normal 0 0 -1
    outer loop
      vertex 53.6 15.8891 5.2
      vertex 53.6 16.9109 5.2
      vertex 55.6 16.9109 5.2
    endloop
  endfacet
  facet normal 0 0 -1
    outer loop
      vertex 53.3141 15.9724 5.2
      vertex 53.6 16.9109 5.2
      vertex 53.6 15.8891 5.2
    endloop
  endfacet
  facet normal 0 0 -1
    outer loop
      vertex 53.3141 15.9724 5.2
      vertex 53.3141 16.8276 5.2
      vertex 53.6 16.9109 5.2
    endloop
  endfacet
  facet normal 0 0 -1
    outer loop
      vertex 53.1487 16.0303 5.2
      vertex 53.3141 16.8276 5.2
      vertex 53.3141 15.9724 5.2
    endloop
  endfacet
  facet normal 0 0 -1
    outer loop
      vertex 53.1487 16.0303 5.2
      vertex 53.1487 16.7697 5.2
      vertex 53.3141 16.8276 5.2
    endloop
  endfacet
  facet normal 0 0 -1
    outer loop
      vertex 53.0394 16.0686 5.2
      vertex 53.1487 16.7697 5.2
      vertex 53.1487 16.0303 5.2
    endloop
  endfacet
  facet normal 0 0 -1
    outer loop
      vertex 53.0394 16.0686 5.2
      vertex 53.0394 16.7314 5.2
      vertex 53.1487 16.7697 5.2
    endloop
  endfacet
  facet normal 0 0 -1
    outer loop
      vertex 52.9582 16.1047 5.2
      vertex 53.0394 16.7314 5.2
      vertex 53.0394 16.0686 5.2
    endloop
  endfacet
  facet normal 0 0 -1
    outer loop
      vertex 52.9582 16.1047 5.2
      vertex 52.9582 16.6953 5.2
      vertex 53.0394 16.7314 5.2
    endloop
  endfacet
  facet normal 0 0 -1
    outer loop
      vertex 52.84 16.1573 5.2
      vertex 52.9582 16.6953 5.2
      vertex 52.9582 16.1047 5.2
    endloop
  endfacet
  facet normal 0 0 -1
    outer loop
      vertex 52.84 16.1573 5.2
      vertex 52.84 16.6427 5.2
      vertex 52.9582 16.6953 5.2
    endloop
  endfacet
  facet normal 0 0 -1
    outer loop
      vertex 52.7235 16.2291 5.2
      vertex 52.84 16.6427 5.2
      vertex 52.84 16.1573 5.2
    endloop
  endfacet
  facet normal 0 0 -1
    outer loop
      vertex 52.7235 16.2291 5.2
      vertex 52.7235 16.5709 5.2
      vertex 52.84 16.6427 5.2
    endloop
  endfacet
  facet normal 0 0 -1
    outer loop
      vertex 52.6956 16.2499 5.2
      vertex 52.7235 16.2291 5.2
      vertex 52.7045 16.2409 5.2
    endloop
  endfacet
  facet normal 0 0 -1
    outer loop
      vertex 52.7235 16.2291 5.2
      vertex 52.6956 16.2499 5.2
      vertex 52.7235 16.5709 5.2
    endloop
  endfacet
  facet normal 0 0 -1
    outer loop
      vertex 52.6956 16.5501 5.2
      vertex 52.7235 16.5709 5.2
      vertex 52.6956 16.2499 5.2
    endloop
  endfacet
  facet normal 0 0 -1
    outer loop
      vertex 52.7235 16.5709 5.2
      vertex 52.6956 16.5501 5.2
      vertex 52.7045 16.5591 5.2
    endloop
  endfacet
  facet normal 0 0 -1
    outer loop
      vertex 52.625 16.3235 5.2
      vertex 52.6956 16.2499 5.2
      vertex 52.6258 16.3212 5.2
    endloop
  endfacet
  facet normal 0 0 -1
    outer loop
      vertex 52.6956 16.2499 5.2
      vertex 52.625 16.3235 5.2
      vertex 52.6956 16.5501 5.2
    endloop
  endfacet
  facet normal 0 0 -1
    outer loop
      vertex 52.625 16.4764 5.2
      vertex 52.6956 16.5501 5.2
      vertex 52.625 16.3235 5.2
    endloop
  endfacet
  facet normal 0 0 -1
    outer loop
      vertex 52.6956 16.5501 5.2
      vertex 52.625 16.4764 5.2
      vertex 52.6258 16.4788 5.2
    endloop
  endfacet
  facet normal 0 -0 -1
    outer loop
      vertex 52.625 16.4764 5.2
      vertex 52.625 16.3235 5.2
      vertex 52.6 16.4 5.2
    endloop
  endfacet
  facet normal -0 0.242919 0.970047
    outer loop
      vertex 53.6 31.0903 6.95694
      vertex 55.6 30.9951 6.98078
      vertex 55.6 31.0903 6.95694
    endloop
  endfacet
  facet normal 0 0.242919 0.970047
    outer loop
      vertex 55.6 30.9951 6.98078
      vertex 53.6 31.0903 6.95694
      vertex 53.6 30.9951 6.98078
    endloop
  endfacet
  facet normal -0 0.0491243 0.998793
    outer loop
      vertex 53.6 30.898 6.99518
      vertex 55.6 30.8 7
      vertex 55.6 30.898 6.99518
    endloop
  endfacet
  facet normal 0 0.0491243 0.998793
    outer loop
      vertex 55.6 30.8 7
      vertex 53.6 30.898 6.99518
      vertex 53.6 30.8 7
    endloop
  endfacet
  facet normal -0 0.427659 0.90394
    outer loop
      vertex 53.6 31.25 6.89204
      vertex 55.6 31.1827 6.92388
      vertex 55.6 31.25 6.89204
    endloop
  endfacet
  facet normal 0 0.427659 0.90394
    outer loop
      vertex 55.6 31.1827 6.92388
      vertex 53.6 31.25 6.89204
      vertex 53.6 31.1827 6.92388
    endloop
  endfacet
  facet normal 0 -0.146696 0.989182
    outer loop
      vertex 53.6 30.702 6.99518
      vertex 55.6 30.6049 6.98078
      vertex 55.6 30.702 6.99518
    endloop
  endfacet
  facet normal 0 -0.146696 0.989182
    outer loop
      vertex 55.6 30.6049 6.98078
      vertex 53.6 30.702 6.99518
      vertex 53.6 30.6049 6.98078
    endloop
  endfacet
  facet normal -0 0.146696 0.989182
    outer loop
      vertex 53.6 30.9951 6.98078
      vertex 55.6 30.898 6.99518
      vertex 55.6 30.9951 6.98078
    endloop
  endfacet
  facet normal 0 0.146696 0.989182
    outer loop
      vertex 55.6 30.898 6.99518
      vertex 53.6 30.9951 6.98078
      vertex 53.6 30.898 6.99518
    endloop
  endfacet
  facet normal 0 -0.427659 0.90394
    outer loop
      vertex 53.6 30.4173 6.92388
      vertex 55.6 30.35 6.89204
      vertex 55.6 30.4173 6.92388
    endloop
  endfacet
  facet normal 0 -0.427659 0.90394
    outer loop
      vertex 55.6 30.35 6.89204
      vertex 53.6 30.4173 6.92388
      vertex 53.6 30.35 6.89204
    endloop
  endfacet
  facet normal 0 -0.242919 0.970047
    outer loop
      vertex 53.6 30.6049 6.98078
      vertex 55.6 30.5097 6.95694
      vertex 55.6 30.6049 6.98078
    endloop
  endfacet
  facet normal 0 -0.242919 0.970047
    outer loop
      vertex 55.6 30.5097 6.95694
      vertex 53.6 30.6049 6.98078
      vertex 53.6 30.5097 6.95694
    endloop
  endfacet
  facet normal -0 0.336879 0.941548
    outer loop
      vertex 53.6 31.1827 6.92388
      vertex 55.6 31.0903 6.95694
      vertex 55.6 31.1827 6.92388
    endloop
  endfacet
  facet normal 0 0.336879 0.941548
    outer loop
      vertex 55.6 31.0903 6.95694
      vertex 53.6 31.1827 6.92388
      vertex 53.6 31.0903 6.95694
    endloop
  endfacet
  facet normal 0 -0.0491243 0.998793
    outer loop
      vertex 53.6 30.8 7
      vertex 55.6 30.702 6.99518
      vertex 55.6 30.8 7
    endloop
  endfacet
  facet normal 0 -0.0491243 0.998793
    outer loop
      vertex 55.6 30.702 6.99518
      vertex 53.6 30.8 7
      vertex 53.6 30.702 6.99518
    endloop
  endfacet
  facet normal 0 -0.336879 0.941548
    outer loop
      vertex 53.6 30.5097 6.95694
      vertex 55.6 30.4173 6.92388
      vertex 55.6 30.5097 6.95694
    endloop
  endfacet
  facet normal 0 -0.336879 0.941548
    outer loop
      vertex 55.6 30.4173 6.92388
      vertex 53.6 30.5097 6.95694
      vertex 53.6 30.4173 6.92388
    endloop
  endfacet
  facet normal -0.148163 0.33316 0.931156
    outer loop
      vertex 53.6 31.1827 6.92388
      vertex 52.6 31.1253 6.7853
      vertex 53.6 31.0903 6.95694
    endloop
  endfacet
  facet normal -0.148199 -0.422937 0.893958
    outer loop
      vertex 53.6 30.4173 6.92388
      vertex 53.4536 30.35 6.86777
      vertex 53.6 30.35 6.89204
    endloop
  endfacet
  facet normal -0.148162 -0.422999 0.893935
    outer loop
      vertex 53.4536 30.35 6.86777
      vertex 53.6 30.4173 6.92388
      vertex 52.6 30.4747 6.7853
    endloop
  endfacet
  facet normal -0.148166 0.0484993 0.987773
    outer loop
      vertex 52.6 30.8833 6.84591
      vertex 52.6 30.8 6.85
      vertex 53.6 30.8 7
    endloop
  endfacet
  facet normal -0.148159 0.0485821 0.98777
    outer loop
      vertex 53.6 30.898 6.99518
      vertex 52.6 30.8833 6.84591
      vertex 53.6 30.8 7
    endloop
  endfacet
  facet normal -0.148199 0.422937 0.893958
    outer loop
      vertex 53.4536 31.25 6.86777
      vertex 53.6 31.1827 6.92388
      vertex 53.6 31.25 6.89204
    endloop
  endfacet
  facet normal -0.148162 0.422999 0.893935
    outer loop
      vertex 53.6 31.1827 6.92388
      vertex 53.4536 31.25 6.86777
      vertex 52.6 31.1253 6.7853
    endloop
  endfacet
  facet normal -0.148233 -0.145297 -0.978221
    outer loop
      vertex 52.711 30.6309 5.15
      vertex 52.6 30.6342 5.16633
      vertex 52.7011 30.641 5.15
    endloop
  endfacet
  facet normal -0.148159 -0.508501 -0.848219
    outer loop
      vertex 52.9184 30.35 5.22431
      vertex 52.6 30.3993 5.25037
      vertex 53.2974 30.35 5.15811
    endloop
  endfacet
  facet normal -0.148162 0.240361 -0.959309
    outer loop
      vertex 52.6 31.0467 5.1866
      vertex 52.7325 30.9823 5.15
      vertex 52.6 30.9658 5.16633
    endloop
  endfacet
  facet normal -0.148152 0.240379 -0.959306
    outer loop
      vertex 52.7325 30.9823 5.15
      vertex 52.6 31.0467 5.1866
      vertex 52.855 31.0578 5.15
    endloop
  endfacet
  facet normal -0.148233 0.145297 -0.978221
    outer loop
      vertex 52.7011 30.959 5.15
      vertex 52.6 30.9658 5.16633
      vertex 52.711 30.9691 5.15
    endloop
  endfacet
  facet normal -0.148156 -0.33298 -0.931222
    outer loop
      vertex 53.0669 30.4479 5.15
      vertex 52.6 30.4747 5.2147
      vertex 52.977 30.4879 5.15
    endloop
  endfacet
  facet normal -0.148159 0.508501 0.848219
    outer loop
      vertex 52.9184 31.25 6.77569
      vertex 52.6 31.2007 6.74963
      vertex 53.2974 31.25 6.84189
    endloop
  endfacet
  facet normal -0.148163 0.145077 0.978264
    outer loop
      vertex 53.6 30.9951 6.98078
      vertex 52.6 30.9658 6.83367
      vertex 53.6 30.898 6.99518
    endloop
  endfacet
  facet normal -0.148156 -0.422975 -0.893947
    outer loop
      vertex 53.2696 30.3769 5.15
      vertex 52.6 30.4747 5.2147
      vertex 53.0669 30.4479 5.15
    endloop
  endfacet
  facet normal -0.148179 0.24036 0.959307
    outer loop
      vertex 52.6 31.0467 6.8134
      vertex 52.6 30.9658 6.83367
      vertex 53.6 31.0903 6.95694
    endloop
  endfacet
  facet normal -0.148273 0.42277 -0.894025
    outer loop
      vertex 53.2696 31.2231 5.15
      vertex 53.2974 31.25 5.15811
      vertex 53.3463 31.25 5.15
    endloop
  endfacet
  facet normal -0.148151 0.422919 -0.893975
    outer loop
      vertex 52.6 31.2007 5.25037
      vertex 53.2696 31.2231 5.15
      vertex 52.6 31.1253 5.2147
    endloop
  endfacet
  facet normal -0.14816 0.422673 -0.89409
    outer loop
      vertex 53.2696 31.2231 5.15
      vertex 52.6 31.2007 5.25037
      vertex 53.2974 31.25 5.15811
    endloop
  endfacet
  facet normal -0.14825 -0.1451 -0.978247
    outer loop
      vertex 52.6 30.6342 5.16633
      vertex 52.6274 30.7163 5.15
      vertex 52.7011 30.641 5.15
    endloop
  endfacet
  facet normal -0.148143 -0.145138 -0.978258
    outer loop
      vertex 52.6274 30.7163 5.15
      vertex 52.6 30.6342 5.16633
      vertex 52.6 30.7167 5.15409
    endloop
  endfacet
  facet normal -0.148162 0.422918 0.893973
    outer loop
      vertex 52.6 31.1253 6.7853
      vertex 53.2974 31.25 6.84189
      vertex 52.6 31.2007 6.74963
    endloop
  endfacet
  facet normal -0.148134 0.422721 0.894071
    outer loop
      vertex 53.2974 31.25 6.84189
      vertex 52.6 31.1253 6.7853
      vertex 53.4536 31.25 6.86777
    endloop
  endfacet
  facet normal -0.148152 -0.240379 -0.959306
    outer loop
      vertex 52.6 30.5533 5.1866
      vertex 52.7325 30.6177 5.15
      vertex 52.855 30.5422 5.15
    endloop
  endfacet
  facet normal -0.148162 -0.240361 -0.959309
    outer loop
      vertex 52.7325 30.6177 5.15
      vertex 52.6 30.5533 5.1866
      vertex 52.6 30.6342 5.16633
    endloop
  endfacet
  facet normal -0.147875 -0.0485014 -0.987816
    outer loop
      vertex 52.6266 30.7189 5.15
      vertex 52.6 30.7167 5.15409
      vertex 52.6 30.8 5.15
    endloop
  endfacet
  facet normal -0.148132 -0.045579 -0.987917
    outer loop
      vertex 52.6274 30.7163 5.15
      vertex 52.6 30.7167 5.15409
      vertex 52.6266 30.7189 5.15
    endloop
  endfacet
  facet normal -0.148167 0.240238 0.959339
    outer loop
      vertex 53.6 31.0903 6.95694
      vertex 52.6 30.9658 6.83367
      vertex 53.6 30.9951 6.98078
    endloop
  endfacet
  facet normal -0.148185 0.332923 0.931237
    outer loop
      vertex 52.6 31.1253 6.7853
      vertex 52.6 31.0467 6.8134
      vertex 53.6 31.0903 6.95694
    endloop
  endfacet
  facet normal -0.148152 -0.508438 0.848258
    outer loop
      vertex 52.6 30.3993 6.74963
      vertex 52.6 30.35 6.72008
      vertex 52.9184 30.35 6.77569
    endloop
  endfacet
  facet normal -0.148152 -0.508438 -0.848258
    outer loop
      vertex 52.9184 30.35 5.22431
      vertex 52.6 30.35 5.27992
      vertex 52.6 30.3993 5.25037
    endloop
  endfacet
  facet normal -0.148159 0.508501 -0.848219
    outer loop
      vertex 53.2974 31.25 5.15811
      vertex 52.6 31.2007 5.25037
      vertex 52.9184 31.25 5.22431
    endloop
  endfacet
  facet normal -0.148185 -0.332923 0.931237
    outer loop
      vertex 52.6 30.5533 6.8134
      vertex 52.6 30.4747 6.7853
      vertex 53.6 30.5097 6.95694
    endloop
  endfacet
  facet normal -0.148156 0.33298 -0.931222
    outer loop
      vertex 52.977 31.1121 5.15
      vertex 52.6 31.1253 5.2147
      vertex 53.0669 31.1521 5.15
    endloop
  endfacet
  facet normal -0.148159 -0.508501 0.848219
    outer loop
      vertex 53.2974 30.35 6.84189
      vertex 52.6 30.3993 6.74963
      vertex 52.9184 30.35 6.77569
    endloop
  endfacet
  facet normal -0.148152 0.508438 0.848258
    outer loop
      vertex 52.6 31.25 6.72008
      vertex 52.6 31.2007 6.74963
      vertex 52.9184 31.25 6.77569
    endloop
  endfacet
  facet normal -0.148163 -0.33316 0.931156
    outer loop
      vertex 53.6 30.5097 6.95694
      vertex 52.6 30.4747 6.7853
      vertex 53.6 30.4173 6.92388
    endloop
  endfacet
  facet normal -0.147875 0.0485014 -0.987816
    outer loop
      vertex 52.6266 30.8811 5.15
      vertex 52.6 30.8 5.15
      vertex 52.6 30.8833 5.15409
    endloop
  endfacet
  facet normal -0.148164 -0.332892 -0.931252
    outer loop
      vertex 52.6 30.4747 5.2147
      vertex 52.855 30.5422 5.15
      vertex 52.977 30.4879 5.15
    endloop
  endfacet
  facet normal -0.148153 -0.332925 -0.931242
    outer loop
      vertex 52.855 30.5422 5.15
      vertex 52.6 30.4747 5.2147
      vertex 52.6 30.5533 5.1866
    endloop
  endfacet
  facet normal -0.148153 0.332925 -0.931242
    outer loop
      vertex 52.6 31.1253 5.2147
      vertex 52.855 31.0578 5.15
      vertex 52.6 31.0467 5.1866
    endloop
  endfacet
  facet normal -0.148164 0.332892 -0.931252
    outer loop
      vertex 52.855 31.0578 5.15
      vertex 52.6 31.1253 5.2147
      vertex 52.977 31.1121 5.15
    endloop
  endfacet
  facet normal -0.148159 -0.0485821 0.98777
    outer loop
      vertex 53.6 30.8 7
      vertex 52.6 30.7167 6.84591
      vertex 53.6 30.702 6.99518
    endloop
  endfacet
  facet normal -0.148166 -0.0484993 0.987773
    outer loop
      vertex 52.6 30.8 6.85
      vertex 52.6 30.7167 6.84591
      vertex 53.6 30.8 7
    endloop
  endfacet
  facet normal -0.148273 -0.42277 -0.894025
    outer loop
      vertex 53.2974 30.35 5.15811
      vertex 53.2696 30.3769 5.15
      vertex 53.3463 30.35 5.15
    endloop
  endfacet
  facet normal -0.14816 -0.422673 -0.89409
    outer loop
      vertex 52.6 30.3993 5.25037
      vertex 53.2696 30.3769 5.15
      vertex 53.2974 30.35 5.15811
    endloop
  endfacet
  facet normal -0.148151 -0.422919 -0.893975
    outer loop
      vertex 53.2696 30.3769 5.15
      vertex 52.6 30.3993 5.25037
      vertex 52.6 30.4747 5.2147
    endloop
  endfacet
  facet normal -0.148158 0.145138 0.978256
    outer loop
      vertex 52.6 30.9658 6.83367
      vertex 52.6 30.8833 6.84591
      vertex 53.6 30.898 6.99518
    endloop
  endfacet
  facet normal -0.148134 -0.422721 0.894071
    outer loop
      vertex 52.6 30.4747 6.7853
      vertex 53.2974 30.35 6.84189
      vertex 53.4536 30.35 6.86777
    endloop
  endfacet
  facet normal -0.148162 -0.422918 0.893973
    outer loop
      vertex 53.2974 30.35 6.84189
      vertex 52.6 30.4747 6.7853
      vertex 52.6 30.3993 6.74963
    endloop
  endfacet
  facet normal -0.148132 0.045579 -0.987917
    outer loop
      vertex 52.6266 30.8811 5.15
      vertex 52.6 30.8833 5.15409
      vertex 52.6274 30.8837 5.15
    endloop
  endfacet
  facet normal -0.148266 -0.241494 -0.959009
    outer loop
      vertex 52.7325 30.6177 5.15
      vertex 52.6 30.6342 5.16633
      vertex 52.711 30.6309 5.15
    endloop
  endfacet
  facet normal -0.148179 -0.24036 0.959307
    outer loop
      vertex 52.6 30.6342 6.83367
      vertex 52.6 30.5533 6.8134
      vertex 53.6 30.5097 6.95694
    endloop
  endfacet
  facet normal -0.148167 -0.240238 0.959339
    outer loop
      vertex 53.6 30.6049 6.98078
      vertex 52.6 30.6342 6.83367
      vertex 53.6 30.5097 6.95694
    endloop
  endfacet
  facet normal -0.148156 0.422975 -0.893947
    outer loop
      vertex 53.0669 31.1521 5.15
      vertex 52.6 31.1253 5.2147
      vertex 53.2696 31.2231 5.15
    endloop
  endfacet
  facet normal -0.148143 0.145138 -0.978258
    outer loop
      vertex 52.6 30.9658 5.16633
      vertex 52.6274 30.8837 5.15
      vertex 52.6 30.8833 5.15409
    endloop
  endfacet
  facet normal -0.14825 0.1451 -0.978247
    outer loop
      vertex 52.6274 30.8837 5.15
      vertex 52.6 30.9658 5.16633
      vertex 52.7011 30.959 5.15
    endloop
  endfacet
  facet normal -0.148163 -0.145077 0.978264
    outer loop
      vertex 53.6 30.702 6.99518
      vertex 52.6 30.6342 6.83367
      vertex 53.6 30.6049 6.98078
    endloop
  endfacet
  facet normal -0.148266 0.241494 -0.959009
    outer loop
      vertex 52.711 30.9691 5.15
      vertex 52.6 30.9658 5.16633
      vertex 52.7325 30.9823 5.15
    endloop
  endfacet
  facet normal -0.148158 -0.145138 0.978256
    outer loop
      vertex 52.6 30.7167 6.84591
      vertex 52.6 30.6342 6.83367
      vertex 53.6 30.702 6.99518
    endloop
  endfacet
  facet normal -0.148152 0.508438 -0.848258
    outer loop
      vertex 52.9184 31.25 5.22431
      vertex 52.6 31.2007 5.25037
      vertex 52.6 31.25 5.27992
    endloop
  endfacet
  facet normal -1 0 0
    outer loop
      vertex 52.6 31.1253 5.2147
      vertex 52.6 31.25 5.27992
      vertex 52.6 31.2007 5.25037
    endloop
  endfacet
  facet normal -1 -0 0
    outer loop
      vertex 52.6 31.25 5.27992
      vertex 52.6 31.1253 5.2147
      vertex 52.6 31.25 6.72008
    endloop
  endfacet
  facet normal -1 0 0
    outer loop
      vertex 52.6 31.1253 6.7853
      vertex 52.6 31.25 6.72008
      vertex 52.6 31.1253 5.2147
    endloop
  endfacet
  facet normal -1 0 0
    outer loop
      vertex 52.6 31.25 6.72008
      vertex 52.6 31.1253 6.7853
      vertex 52.6 31.2007 6.74963
    endloop
  endfacet
  facet normal -1 0 0
    outer loop
      vertex 52.6 31.0467 5.1866
      vertex 52.6 31.1253 6.7853
      vertex 52.6 31.1253 5.2147
    endloop
  endfacet
  facet normal -1 0 0
    outer loop
      vertex 52.6 31.0467 5.1866
      vertex 52.6 31.0467 6.8134
      vertex 52.6 31.1253 6.7853
    endloop
  endfacet
  facet normal -1 0 0
    outer loop
      vertex 52.6 30.9658 5.16633
      vertex 52.6 31.0467 6.8134
      vertex 52.6 31.0467 5.1866
    endloop
  endfacet
  facet normal -1 0 0
    outer loop
      vertex 52.6 30.9658 5.16633
      vertex 52.6 30.9658 6.83367
      vertex 52.6 31.0467 6.8134
    endloop
  endfacet
  facet normal -1 0 0
    outer loop
      vertex 52.6 30.8833 5.15409
      vertex 52.6 30.9658 6.83367
      vertex 52.6 30.9658 5.16633
    endloop
  endfacet
  facet normal -1 0 0
    outer loop
      vertex 52.6 30.8833 5.15409
      vertex 52.6 30.8833 6.84591
      vertex 52.6 30.9658 6.83367
    endloop
  endfacet
  facet normal -1 0 0
    outer loop
      vertex 52.6 30.8 5.15
      vertex 52.6 30.8833 6.84591
      vertex 52.6 30.8833 5.15409
    endloop
  endfacet
  facet normal -1 0 0
    outer loop
      vertex 52.6 30.8 5.15
      vertex 52.6 30.8 6.85
      vertex 52.6 30.8833 6.84591
    endloop
  endfacet
  facet normal -1 0 0
    outer loop
      vertex 52.6 30.7167 5.15409
      vertex 52.6 30.8 6.85
      vertex 52.6 30.8 5.15
    endloop
  endfacet
  facet normal -1 0 0
    outer loop
      vertex 52.6 30.7167 5.15409
      vertex 52.6 30.7167 6.84591
      vertex 52.6 30.8 6.85
    endloop
  endfacet
  facet normal -1 0 0
    outer loop
      vertex 52.6 30.6342 5.16633
      vertex 52.6 30.7167 6.84591
      vertex 52.6 30.7167 5.15409
    endloop
  endfacet
  facet normal -1 0 0
    outer loop
      vertex 52.6 30.6342 5.16633
      vertex 52.6 30.6342 6.83367
      vertex 52.6 30.7167 6.84591
    endloop
  endfacet
  facet normal -1 0 0
    outer loop
      vertex 52.6 30.5533 5.1866
      vertex 52.6 30.6342 6.83367
      vertex 52.6 30.6342 5.16633
    endloop
  endfacet
  facet normal -1 0 0
    outer loop
      vertex 52.6 30.5533 5.1866
      vertex 52.6 30.5533 6.8134
      vertex 52.6 30.6342 6.83367
    endloop
  endfacet
  facet normal -1 0 0
    outer loop
      vertex 52.6 30.4747 5.2147
      vertex 52.6 30.5533 6.8134
      vertex 52.6 30.5533 5.1866
    endloop
  endfacet
  facet normal -1 0 0
    outer loop
      vertex 52.6 30.4747 5.2147
      vertex 52.6 30.4747 6.7853
      vertex 52.6 30.5533 6.8134
    endloop
  endfacet
  facet normal -1 0 0
    outer loop
      vertex 52.6 30.35 5.27992
      vertex 52.6 30.4747 5.2147
      vertex 52.6 30.3993 5.25037
    endloop
  endfacet
  facet normal -1 0 0
    outer loop
      vertex 52.6 30.4747 5.2147
      vertex 52.6 30.35 5.27992
      vertex 52.6 30.4747 6.7853
    endloop
  endfacet
  facet normal -1 0 0
    outer loop
      vertex 52.6 30.35 6.72008
      vertex 52.6 30.4747 6.7853
      vertex 52.6 30.35 5.27992
    endloop
  endfacet
  facet normal -1 0 0
    outer loop
      vertex 52.6 30.4747 6.7853
      vertex 52.6 30.35 6.72008
      vertex 52.6 30.3993 6.74963
    endloop
  endfacet
  facet normal 0 0 -1
    outer loop
      vertex 53.3463 30.35 5.15
      vertex 55.6 31.25 5.15
      vertex 55.6 30.35 5.15
    endloop
  endfacet
  facet normal 0 0 -1
    outer loop
      vertex 53.3463 30.35 5.15
      vertex 53.3463 31.25 5.15
      vertex 55.6 31.25 5.15
    endloop
  endfacet
  facet normal 0 0 -1
    outer loop
      vertex 53.2696 30.3769 5.15
      vertex 53.3463 31.25 5.15
      vertex 53.3463 30.35 5.15
    endloop
  endfacet
  facet normal 0 0 -1
    outer loop
      vertex 53.2696 30.3769 5.15
      vertex 53.2696 31.2231 5.15
      vertex 53.3463 31.25 5.15
    endloop
  endfacet
  facet normal 0 0 -1
    outer loop
      vertex 53.0669 30.4479 5.15
      vertex 53.2696 31.2231 5.15
      vertex 53.2696 30.3769 5.15
    endloop
  endfacet
  facet normal 0 0 -1
    outer loop
      vertex 53.0669 30.4479 5.15
      vertex 53.0669 31.1521 5.15
      vertex 53.2696 31.2231 5.15
    endloop
  endfacet
  facet normal 0 0 -1
    outer loop
      vertex 52.977 30.4879 5.15
      vertex 53.0669 31.1521 5.15
      vertex 53.0669 30.4479 5.15
    endloop
  endfacet
  facet normal 0 0 -1
    outer loop
      vertex 52.977 30.4879 5.15
      vertex 52.977 31.1121 5.15
      vertex 53.0669 31.1521 5.15
    endloop
  endfacet
  facet normal 0 0 -1
    outer loop
      vertex 52.855 30.5422 5.15
      vertex 52.977 31.1121 5.15
      vertex 52.977 30.4879 5.15
    endloop
  endfacet
  facet normal 0 0 -1
    outer loop
      vertex 52.855 30.5422 5.15
      vertex 52.855 31.0578 5.15
      vertex 52.977 31.1121 5.15
    endloop
  endfacet
  facet normal 0 0 -1
    outer loop
      vertex 52.7325 30.6177 5.15
      vertex 52.855 31.0578 5.15
      vertex 52.855 30.5422 5.15
    endloop
  endfacet
  facet normal 0 0 -1
    outer loop
      vertex 52.7325 30.6177 5.15
      vertex 52.7325 30.9823 5.15
      vertex 52.855 31.0578 5.15
    endloop
  endfacet
  facet normal 0 0 -1
    outer loop
      vertex 52.7011 30.641 5.15
      vertex 52.7325 30.6177 5.15
      vertex 52.711 30.6309 5.15
    endloop
  endfacet
  facet normal 0 0 -1
    outer loop
      vertex 52.7325 30.6177 5.15
      vertex 52.7011 30.641 5.15
      vertex 52.7325 30.9823 5.15
    endloop
  endfacet
  facet normal 0 0 -1
    outer loop
      vertex 52.7011 30.959 5.15
      vertex 52.7325 30.9823 5.15
      vertex 52.7011 30.641 5.15
    endloop
  endfacet
  facet normal 0 0 -1
    outer loop
      vertex 52.7325 30.9823 5.15
      vertex 52.7011 30.959 5.15
      vertex 52.711 30.9691 5.15
    endloop
  endfacet
  facet normal 0 0 -1
    outer loop
      vertex 52.6266 30.7189 5.15
      vertex 52.7011 30.641 5.15
      vertex 52.6274 30.7163 5.15
    endloop
  endfacet
  facet normal 0 0 -1
    outer loop
      vertex 52.7011 30.641 5.15
      vertex 52.6266 30.7189 5.15
      vertex 52.7011 30.959 5.15
    endloop
  endfacet
  facet normal 0 0 -1
    outer loop
      vertex 52.6266 30.8811 5.15
      vertex 52.7011 30.959 5.15
      vertex 52.6266 30.7189 5.15
    endloop
  endfacet
  facet normal 0 0 -1
    outer loop
      vertex 52.7011 30.959 5.15
      vertex 52.6266 30.8811 5.15
      vertex 52.6274 30.8837 5.15
    endloop
  endfacet
  facet normal 0 -0 -1
    outer loop
      vertex 52.6266 30.8811 5.15
      vertex 52.6266 30.7189 5.15
      vertex 52.6 30.8 5.15
    endloop
  endfacet
  facet normal 0 1 -0
    outer loop
      vertex 55.6 31.25 5.15
      vertex 53.6 31.25 6.89204
      vertex 55.6 31.25 6.89204
    endloop
  endfacet
  facet normal 0 1 0
    outer loop
      vertex 53.3463 31.25 5.15
      vertex 53.6 31.25 6.89204
      vertex 55.6 31.25 5.15
    endloop
  endfacet
  facet normal 0 1 0
    outer loop
      vertex 53.4536 31.25 6.86777
      vertex 53.3463 31.25 5.15
      vertex 53.2974 31.25 6.84189
    endloop
  endfacet
  facet normal -0 1 0
    outer loop
      vertex 53.2974 31.25 5.15811
      vertex 53.2974 31.25 6.84189
      vertex 53.3463 31.25 5.15
    endloop
  endfacet
  facet normal 0 1 0
    outer loop
      vertex 53.2974 31.25 6.84189
      vertex 53.2974 31.25 5.15811
      vertex 52.9184 31.25 6.77569
    endloop
  endfacet
  facet normal 0 1 0
    outer loop
      vertex 52.6 31.25 6.72008
      vertex 52.9184 31.25 5.22431
      vertex 52.6 31.25 5.27992
    endloop
  endfacet
  facet normal 0 1 0
    outer loop
      vertex 52.9184 31.25 6.77569
      vertex 52.9184 31.25 5.22431
      vertex 52.6 31.25 6.72008
    endloop
  endfacet
  facet normal 0 1 0
    outer loop
      vertex 53.6 31.25 6.89204
      vertex 53.3463 31.25 5.15
      vertex 53.4536 31.25 6.86777
    endloop
  endfacet
  facet normal -0 1 0
    outer loop
      vertex 52.9184 31.25 5.22431
      vertex 52.9184 31.25 6.77569
      vertex 53.2974 31.25 5.15811
    endloop
  endfacet
  facet normal 0 -1 0
    outer loop
      vertex 53.3463 30.35 5.15
      vertex 53.6 30.35 6.89204
      vertex 53.4536 30.35 6.86777
    endloop
  endfacet
  facet normal 0 -1 0
    outer loop
      vertex 53.3463 30.35 5.15
      vertex 53.4536 30.35 6.86777
      vertex 53.2974 30.35 6.84189
    endloop
  endfacet
  facet normal 0 -1 0
    outer loop
      vertex 53.2974 30.35 5.15811
      vertex 53.2974 30.35 6.84189
      vertex 52.9184 30.35 6.77569
    endloop
  endfacet
  facet normal 0 -1 0
    outer loop
      vertex 52.9184 30.35 5.22431
      vertex 52.9184 30.35 6.77569
      vertex 52.6 30.35 6.72008
    endloop
  endfacet
  facet normal 0 -1 0
    outer loop
      vertex 52.9184 30.35 5.22431
      vertex 52.6 30.35 6.72008
      vertex 52.6 30.35 5.27992
    endloop
  endfacet
  facet normal 0 -1 0
    outer loop
      vertex 52.9184 30.35 6.77569
      vertex 52.9184 30.35 5.22431
      vertex 53.2974 30.35 5.15811
    endloop
  endfacet
  facet normal 0 -1 0
    outer loop
      vertex 53.2974 30.35 6.84189
      vertex 53.2974 30.35 5.15811
      vertex 53.3463 30.35 5.15
    endloop
  endfacet
  facet normal 0 -1 -0
    outer loop
      vertex 53.6 30.35 6.89204
      vertex 53.3463 30.35 5.15
      vertex 55.6 30.35 5.15
    endloop
  endfacet
  facet normal 0 -1 0
    outer loop
      vertex 53.6 30.35 6.89204
      vertex 55.6 30.35 5.15
      vertex 55.6 30.35 6.89204
    endloop
  endfacet
  facet normal 1 0 0
    outer loop
      vertex 35.6 30.5 8.6
      vertex 35.6 26.4258 8.6
      vertex 35.6 30.5 5.1
    endloop
  endfacet
  facet normal 1 0 0
    outer loop
      vertex 35.6 45.6 8.6
      vertex 35.6 42.6 4.6
      vertex 35.6 45.6 1.6
    endloop
  endfacet
  facet normal 1 0 0
    outer loop
      vertex 35.6 45.6 8.6
      vertex 35.6 40.6 4.6
      vertex 35.6 42.6 4.6
    endloop
  endfacet
  facet normal 1 -0 0
    outer loop
      vertex 35.6 37.5 8.6
      vertex 35.6 40.6 4.6
      vertex 35.6 45.6 8.6
    endloop
  endfacet
  facet normal 1 -0 0
    outer loop
      vertex 35.6 37.5 5.1
      vertex 35.6 40.6 4.6
      vertex 35.6 37.5 8.6
    endloop
  endfacet
  facet normal 1 0 0
    outer loop
      vertex 35.6 40.6 4.6
      vertex 35.6 37.5 5.1
      vertex 35.6 40.6 1.6
    endloop
  endfacet
  facet normal 1 -0 0
    outer loop
      vertex 35.6 30.5 5.1
      vertex 35.6 40.6 1.6
      vertex 35.6 37.5 5.1
    endloop
  endfacet
  facet normal 1 0 0
    outer loop
      vertex 35.6 30.5 5.1
      vertex 35.6 26.4258 1.6
      vertex 35.6 40.6 1.6
    endloop
  endfacet
  facet normal 1 0 0
    outer loop
      vertex 35.6 26.4258 1.6
      vertex 35.6 30.5 5.1
      vertex 35.6 26.4258 8.6
    endloop
  endfacet
  facet normal 1 0 0
    outer loop
      vertex 35.6 45.6 1.6
      vertex 35.6 42.6 4.6
      vertex 35.6 42.6 1.6
    endloop
  endfacet
  facet normal 1 0 0
    outer loop
      vertex 35.6 6.5 8.6
      vertex 35.6 1.6 8.6
      vertex 35.6 6.5 5.1
    endloop
  endfacet
  facet normal 1 0 0
    outer loop
      vertex 35.6 13.5 5.1
      vertex 35.6 20.7742 8.6
      vertex 35.6 13.5 8.6
    endloop
  endfacet
  facet normal 1 0 0
    outer loop
      vertex 35.6 20.7742 8.6
      vertex 35.6 13.5 5.1
      vertex 35.6 20.7742 1.6
    endloop
  endfacet
  facet normal 1 0 0
    outer loop
      vertex 35.6 1.6 1.6
      vertex 35.6 13.5 5.1
      vertex 35.6 6.5 5.1
    endloop
  endfacet
  facet normal 1 0 0
    outer loop
      vertex 35.6 13.5 5.1
      vertex 35.6 1.6 1.6
      vertex 35.6 20.7742 1.6
    endloop
  endfacet
  facet normal 1 0 0
    outer loop
      vertex 35.6 1.6 1.6
      vertex 35.6 6.5 5.1
      vertex 35.6 1.6 8.6
    endloop
  endfacet
  facet normal -0 0 1
    outer loop
      vertex 1.6 42.6 8.6
      vertex 28.6 40.6 8.6
      vertex 28.6 42.6 8.6
    endloop
  endfacet
  facet normal 0 0 1
    outer loop
      vertex 28.6 40.6 8.6
      vertex 1.6 42.6 8.6
      vertex 1.6 40.6 8.6
    endloop
  endfacet
  facet normal 0 0 1
    outer loop
      vertex 28.6 42.6 8.6
      vertex 35.6 45.6 8.6
      vertex 28.6 45.6 8.6
    endloop
  endfacet
  facet normal 0 0 1
    outer loop
      vertex 28.6 40.6 8.6
      vertex 35.6 45.6 8.6
      vertex 28.6 42.6 8.6
    endloop
  endfacet
  facet normal 0 0 1
    outer loop
      vertex 35.6 45.6 8.6
      vertex 28.6 40.6 8.6
      vertex 35.6 37.5 8.6
    endloop
  endfacet
  facet normal 0 0 1
    outer loop
      vertex 35.6 37.5 8.6
      vertex 28.6 40.6 8.6
      vertex 28.6 37.5 8.6
    endloop
  endfacet
  facet normal -0 0 1
    outer loop
      vertex 28.6 6.5 8.6
      vertex 35.6 1.6 8.6
      vertex 35.6 6.5 8.6
    endloop
  endfacet
  facet normal 0 0 1
    outer loop
      vertex 35.6 1.6 8.6
      vertex 28.6 6.5 8.6
      vertex 28.6 1.6 8.6
    endloop
  endfacet
  facet normal 0 0 1
    outer loop
      vertex 30.4732 24.0935 8.6
      vertex 27.7938 24.9063 8.6
      vertex 30.4327 23.9317 8.6
    endloop
  endfacet
  facet normal 0 0 1
    outer loop
      vertex 30.4 23.6 8.6
      vertex 28.3584 21.0999 8.6
      vertex 28.6 20.7742 8.6
    endloop
  endfacet
  facet normal -0 0 1
    outer loop
      vertex 27.6865 24.4779 8.6
      vertex 30.4327 23.9317 8.6
      vertex 27.7938 24.9063 8.6
    endloop
  endfacet
  facet normal 0 0 1
    outer loop
      vertex 30.4 23.6 8.6
      vertex 28.1314 21.4787 8.6
      vertex 28.3584 21.0999 8.6
    endloop
  endfacet
  facet normal 0 0 1
    outer loop
      vertex 30.4327 23.9317 8.6
      vertex 27.6865 24.4779 8.6
      vertex 30.4082 23.7666 8.6
    endloop
  endfacet
  facet normal 0 0 1
    outer loop
      vertex 30.4 23.6 8.6
      vertex 27.9425 21.8779 8.6
      vertex 28.1314 21.4787 8.6
    endloop
  endfacet
  facet normal -0 0 1
    outer loop
      vertex 27.6217 24.0411 8.6
      vertex 30.4082 23.7666 8.6
      vertex 27.6865 24.4779 8.6
    endloop
  endfacet
  facet normal 0 0 1
    outer loop
      vertex 30.4 23.6 8.6
      vertex 27.7938 22.2937 8.6
      vertex 27.9425 21.8779 8.6
    endloop
  endfacet
  facet normal 0 0 1
    outer loop
      vertex 30.4082 23.7666 8.6
      vertex 27.6217 24.0411 8.6
      vertex 30.4 23.6 8.6
    endloop
  endfacet
  facet normal 0 0 1
    outer loop
      vertex 30.4 23.6 8.6
      vertex 27.6865 22.7221 8.6
      vertex 27.7938 22.2937 8.6
    endloop
  endfacet
  facet normal 0 0 1
    outer loop
      vertex 27.6 23.6 8.6
      vertex 30.4 23.6 8.6
      vertex 27.6217 24.0411 8.6
    endloop
  endfacet
  facet normal 0 0 1
    outer loop
      vertex 30.4 23.6 8.6
      vertex 27.6217 23.1589 8.6
      vertex 27.6865 22.7221 8.6
    endloop
  endfacet
  facet normal 0 0 1
    outer loop
      vertex 30.4 23.6 8.6
      vertex 27.6 23.6 8.6
      vertex 27.6217 23.1589 8.6
    endloop
  endfacet
  facet normal 0 0 1
    outer loop
      vertex 32.4317 25.2673 8.6
      vertex 35.6 26.4258 8.6
      vertex 35.6 30.5 8.6
    endloop
  endfacet
  facet normal 0 -0 1
    outer loop
      vertex 33.7918 23.7666 8.6
      vertex 35.6 26.4258 8.6
      vertex 33.7673 23.9317 8.6
    endloop
  endfacet
  facet normal 0 0 1
    outer loop
      vertex 35.6 20.7742 8.6
      vertex 33.8 23.6 8.6
      vertex 33.7918 23.4334 8.6
    endloop
  endfacet
  facet normal 0 0 1
    outer loop
      vertex 35.6 26.4258 8.6
      vertex 33.8 23.6 8.6
      vertex 35.6 20.7742 8.6
    endloop
  endfacet
  facet normal 0 -0 1
    outer loop
      vertex 33.8 23.6 8.6
      vertex 35.6 26.4258 8.6
      vertex 33.7918 23.7666 8.6
    endloop
  endfacet
  facet normal 0 0 1
    outer loop
      vertex 35.6 26.4258 8.6
      vertex 33.7268 24.0935 8.6
      vertex 33.7673 23.9317 8.6
    endloop
  endfacet
  facet normal 0 0 1
    outer loop
      vertex 35.6 26.4258 8.6
      vertex 33.6706 24.2506 8.6
      vertex 33.7268 24.0935 8.6
    endloop
  endfacet
  facet normal 0 0 1
    outer loop
      vertex 35.6 26.4258 8.6
      vertex 33.5993 24.4014 8.6
      vertex 33.6706 24.2506 8.6
    endloop
  endfacet
  facet normal 0 0 1
    outer loop
      vertex 35.6 26.4258 8.6
      vertex 33.5135 24.5445 8.6
      vertex 33.5993 24.4014 8.6
    endloop
  endfacet
  facet normal 0 0 1
    outer loop
      vertex 35.6 26.4258 8.6
      vertex 33.4141 24.6785 8.6
      vertex 33.5135 24.5445 8.6
    endloop
  endfacet
  facet normal 0 0 1
    outer loop
      vertex 35.6 26.4258 8.6
      vertex 33.3021 24.8021 8.6
      vertex 33.4141 24.6785 8.6
    endloop
  endfacet
  facet normal 0 0 1
    outer loop
      vertex 35.6 26.4258 8.6
      vertex 33.1785 24.9141 8.6
      vertex 33.3021 24.8021 8.6
    endloop
  endfacet
  facet normal 0 0 1
    outer loop
      vertex 35.6 26.4258 8.6
      vertex 33.0445 25.0135 8.6
      vertex 33.1785 24.9141 8.6
    endloop
  endfacet
  facet normal 0 0 1
    outer loop
      vertex 35.6 26.4258 8.6
      vertex 32.9014 25.0993 8.6
      vertex 33.0445 25.0135 8.6
    endloop
  endfacet
  facet normal 0 0 1
    outer loop
      vertex 35.6 26.4258 8.6
      vertex 32.7506 25.1706 8.6
      vertex 32.9014 25.0993 8.6
    endloop
  endfacet
  facet normal 0 0 1
    outer loop
      vertex 35.6 26.4258 8.6
      vertex 32.5935 25.2268 8.6
      vertex 32.7506 25.1706 8.6
    endloop
  endfacet
  facet normal 0 0 1
    outer loop
      vertex 35.6 26.4258 8.6
      vertex 32.4317 25.2673 8.6
      vertex 32.5935 25.2268 8.6
    endloop
  endfacet
  facet normal 0 0 1
    outer loop
      vertex 35.6 30.5 8.6
      vertex 32.2666 25.2918 8.6
      vertex 32.4317 25.2673 8.6
    endloop
  endfacet
  facet normal 0 0 1
    outer loop
      vertex 35.6 30.5 8.6
      vertex 32.1 25.3 8.6
      vertex 32.2666 25.2918 8.6
    endloop
  endfacet
  facet normal -0 0 1
    outer loop
      vertex 28.6 30.5 8.6
      vertex 32.1 25.3 8.6
      vertex 35.6 30.5 8.6
    endloop
  endfacet
  facet normal 0 0 1
    outer loop
      vertex 32.1 25.3 8.6
      vertex 28.6 30.5 8.6
      vertex 31.9334 25.2918 8.6
    endloop
  endfacet
  facet normal 0 0 1
    outer loop
      vertex 31.9334 25.2918 8.6
      vertex 28.6 30.5 8.6
      vertex 31.7683 25.2673 8.6
    endloop
  endfacet
  facet normal -0 0 1
    outer loop
      vertex 28.6 26.4258 8.6
      vertex 31.7683 25.2673 8.6
      vertex 28.6 30.5 8.6
    endloop
  endfacet
  facet normal 0 0 1
    outer loop
      vertex 31.7683 25.2673 8.6
      vertex 28.6 26.4258 8.6
      vertex 31.6065 25.2268 8.6
    endloop
  endfacet
  facet normal 0 0 1
    outer loop
      vertex 31.6065 25.2268 8.6
      vertex 28.6 26.4258 8.6
      vertex 31.4494 25.1706 8.6
    endloop
  endfacet
  facet normal 0 0 1
    outer loop
      vertex 31.4494 25.1706 8.6
      vertex 28.6 26.4258 8.6
      vertex 31.2986 25.0993 8.6
    endloop
  endfacet
  facet normal 0 0 1
    outer loop
      vertex 31.2986 25.0993 8.6
      vertex 28.6 26.4258 8.6
      vertex 31.1555 25.0135 8.6
    endloop
  endfacet
  facet normal 0 0 1
    outer loop
      vertex 31.1555 25.0135 8.6
      vertex 28.6 26.4258 8.6
      vertex 31.0215 24.9141 8.6
    endloop
  endfacet
  facet normal -0 0 1
    outer loop
      vertex 27.9425 25.3221 8.6
      vertex 30.5294 24.2506 8.6
      vertex 28.1314 25.7213 8.6
    endloop
  endfacet
  facet normal 0 0 1
    outer loop
      vertex 30.6007 24.4014 8.6
      vertex 28.1314 25.7213 8.6
      vertex 30.5294 24.2506 8.6
    endloop
  endfacet
  facet normal -0 0 1
    outer loop
      vertex 28.1314 25.7213 8.6
      vertex 30.6007 24.4014 8.6
      vertex 28.3584 26.1001 8.6
    endloop
  endfacet
  facet normal 0 0 1
    outer loop
      vertex 30.6865 24.5445 8.6
      vertex 28.3584 26.1001 8.6
      vertex 30.6007 24.4014 8.6
    endloop
  endfacet
  facet normal -0 0 1
    outer loop
      vertex 28.3584 26.1001 8.6
      vertex 30.6865 24.5445 8.6
      vertex 28.6 26.4258 8.6
    endloop
  endfacet
  facet normal 0 0 1
    outer loop
      vertex 30.7859 24.6785 8.6
      vertex 28.6 26.4258 8.6
      vertex 30.6865 24.5445 8.6
    endloop
  endfacet
  facet normal 0 0 1
    outer loop
      vertex 30.8979 24.8021 8.6
      vertex 28.6 26.4258 8.6
      vertex 30.7859 24.6785 8.6
    endloop
  endfacet
  facet normal 0 0 1
    outer loop
      vertex 31.0215 24.9141 8.6
      vertex 28.6 26.4258 8.6
      vertex 30.8979 24.8021 8.6
    endloop
  endfacet
  facet normal 0 0 1
    outer loop
      vertex 36.5783 24.0411 8.6
      vertex 36.5783 23.1589 8.6
      vertex 36.6 23.6 8.6
    endloop
  endfacet
  facet normal 0 0 1
    outer loop
      vertex 36.5135 24.4779 8.6
      vertex 36.5783 23.1589 8.6
      vertex 36.5783 24.0411 8.6
    endloop
  endfacet
  facet normal 0 0 1
    outer loop
      vertex 36.5135 24.4779 8.6
      vertex 36.5135 22.7221 8.6
      vertex 36.5783 23.1589 8.6
    endloop
  endfacet
  facet normal 0 0 1
    outer loop
      vertex 36.4062 24.9063 8.6
      vertex 36.5135 22.7221 8.6
      vertex 36.5135 24.4779 8.6
    endloop
  endfacet
  facet normal 0 0 1
    outer loop
      vertex 36.4062 24.9063 8.6
      vertex 36.4062 22.2937 8.6
      vertex 36.5135 22.7221 8.6
    endloop
  endfacet
  facet normal 0 0 1
    outer loop
      vertex 36.2575 25.3221 8.6
      vertex 36.4062 22.2937 8.6
      vertex 36.4062 24.9063 8.6
    endloop
  endfacet
  facet normal 0 0 1
    outer loop
      vertex 36.2575 25.3221 8.6
      vertex 36.2575 21.8779 8.6
      vertex 36.4062 22.2937 8.6
    endloop
  endfacet
  facet normal 0 0 1
    outer loop
      vertex 36.0686 25.7213 8.6
      vertex 36.2575 21.8779 8.6
      vertex 36.2575 25.3221 8.6
    endloop
  endfacet
  facet normal 0 0 1
    outer loop
      vertex 36.0686 25.7213 8.6
      vertex 36.0686 21.4787 8.6
      vertex 36.2575 21.8779 8.6
    endloop
  endfacet
  facet normal 0 0 1
    outer loop
      vertex 35.8416 26.1001 8.6
      vertex 36.0686 21.4787 8.6
      vertex 36.0686 25.7213 8.6
    endloop
  endfacet
  facet normal 0 0 1
    outer loop
      vertex 35.8416 26.1001 8.6
      vertex 35.8416 21.0999 8.6
      vertex 36.0686 21.4787 8.6
    endloop
  endfacet
  facet normal 0 0 1
    outer loop
      vertex 35.6 26.4258 8.6
      vertex 35.8416 21.0999 8.6
      vertex 35.8416 26.1001 8.6
    endloop
  endfacet
  facet normal 0 0 1
    outer loop
      vertex 35.8416 21.0999 8.6
      vertex 35.6 26.4258 8.6
      vertex 35.6 20.7742 8.6
    endloop
  endfacet
  facet normal -0 0 1
    outer loop
      vertex 33.7673 23.2683 8.6
      vertex 35.6 20.7742 8.6
      vertex 33.7918 23.4334 8.6
    endloop
  endfacet
  facet normal -0 0 1
    outer loop
      vertex 33.7268 23.1065 8.6
      vertex 35.6 20.7742 8.6
      vertex 33.7673 23.2683 8.6
    endloop
  endfacet
  facet normal -0 0 1
    outer loop
      vertex 33.6706 22.9494 8.6
      vertex 35.6 20.7742 8.6
      vertex 33.7268 23.1065 8.6
    endloop
  endfacet
  facet normal -0 0 1
    outer loop
      vertex 33.5993 22.7986 8.6
      vertex 35.6 20.7742 8.6
      vertex 33.6706 22.9494 8.6
    endloop
  endfacet
  facet normal -0 0 1
    outer loop
      vertex 33.5135 22.6555 8.6
      vertex 35.6 20.7742 8.6
      vertex 33.5993 22.7986 8.6
    endloop
  endfacet
  facet normal -0 0 1
    outer loop
      vertex 33.4141 22.5215 8.6
      vertex 35.6 20.7742 8.6
      vertex 33.5135 22.6555 8.6
    endloop
  endfacet
  facet normal -0 0 1
    outer loop
      vertex 33.3021 22.3979 8.6
      vertex 35.6 20.7742 8.6
      vertex 33.4141 22.5215 8.6
    endloop
  endfacet
  facet normal -0 0 1
    outer loop
      vertex 33.1785 22.2859 8.6
      vertex 35.6 20.7742 8.6
      vertex 33.3021 22.3979 8.6
    endloop
  endfacet
  facet normal -0 0 1
    outer loop
      vertex 33.0445 22.1865 8.6
      vertex 35.6 20.7742 8.6
      vertex 33.1785 22.2859 8.6
    endloop
  endfacet
  facet normal -0 0 1
    outer loop
      vertex 32.9014 22.1007 8.6
      vertex 35.6 20.7742 8.6
      vertex 33.0445 22.1865 8.6
    endloop
  endfacet
  facet normal -0 0 1
    outer loop
      vertex 32.7506 22.0294 8.6
      vertex 35.6 20.7742 8.6
      vertex 32.9014 22.1007 8.6
    endloop
  endfacet
  facet normal -0 0 1
    outer loop
      vertex 32.5935 21.9732 8.6
      vertex 35.6 20.7742 8.6
      vertex 32.7506 22.0294 8.6
    endloop
  endfacet
  facet normal -0 0 1
    outer loop
      vertex 32.4317 21.9327 8.6
      vertex 35.6 20.7742 8.6
      vertex 32.5935 21.9732 8.6
    endloop
  endfacet
  facet normal -0 0 1
    outer loop
      vertex 32.2666 21.9082 8.6
      vertex 35.6 20.7742 8.6
      vertex 32.4317 21.9327 8.6
    endloop
  endfacet
  facet normal 0 0 1
    outer loop
      vertex 35.6 20.7742 8.6
      vertex 32.2666 21.9082 8.6
      vertex 35.6 13.5 8.6
    endloop
  endfacet
  facet normal -0 0 1
    outer loop
      vertex 32.1 21.9 8.6
      vertex 35.6 13.5 8.6
      vertex 32.2666 21.9082 8.6
    endloop
  endfacet
  facet normal 0 0 1
    outer loop
      vertex 28.6 13.5 8.6
      vertex 32.1 21.9 8.6
      vertex 31.9334 21.9082 8.6
    endloop
  endfacet
  facet normal 0 0 1
    outer loop
      vertex 28.6 20.7742 8.6
      vertex 31.9334 21.9082 8.6
      vertex 31.7683 21.9327 8.6
    endloop
  endfacet
  facet normal 0 0 1
    outer loop
      vertex 28.6 20.7742 8.6
      vertex 31.7683 21.9327 8.6
      vertex 31.6065 21.9732 8.6
    endloop
  endfacet
  facet normal 0 0 1
    outer loop
      vertex 28.6 20.7742 8.6
      vertex 31.6065 21.9732 8.6
      vertex 31.4494 22.0294 8.6
    endloop
  endfacet
  facet normal 0 0 1
    outer loop
      vertex 28.6 20.7742 8.6
      vertex 31.4494 22.0294 8.6
      vertex 31.2986 22.1007 8.6
    endloop
  endfacet
  facet normal 0 0 1
    outer loop
      vertex 28.6 20.7742 8.6
      vertex 31.2986 22.1007 8.6
      vertex 31.1555 22.1865 8.6
    endloop
  endfacet
  facet normal 0 0 1
    outer loop
      vertex 28.6 20.7742 8.6
      vertex 31.1555 22.1865 8.6
      vertex 31.0215 22.2859 8.6
    endloop
  endfacet
  facet normal 0 0 1
    outer loop
      vertex 28.6 20.7742 8.6
      vertex 31.0215 22.2859 8.6
      vertex 30.8979 22.3979 8.6
    endloop
  endfacet
  facet normal 0 0 1
    outer loop
      vertex 28.6 20.7742 8.6
      vertex 30.8979 22.3979 8.6
      vertex 30.7859 22.5215 8.6
    endloop
  endfacet
  facet normal 0 0 1
    outer loop
      vertex 28.6 20.7742 8.6
      vertex 30.7859 22.5215 8.6
      vertex 30.6865 22.6555 8.6
    endloop
  endfacet
  facet normal 0 0 1
    outer loop
      vertex 28.6 20.7742 8.6
      vertex 30.6865 22.6555 8.6
      vertex 30.6007 22.7986 8.6
    endloop
  endfacet
  facet normal 0 0 1
    outer loop
      vertex 30.5294 24.2506 8.6
      vertex 27.9425 25.3221 8.6
      vertex 30.4732 24.0935 8.6
    endloop
  endfacet
  facet normal -0 0 1
    outer loop
      vertex 27.7938 24.9063 8.6
      vertex 30.4732 24.0935 8.6
      vertex 27.9425 25.3221 8.6
    endloop
  endfacet
  facet normal 0 0 1
    outer loop
      vertex 30.4 23.6 8.6
      vertex 28.6 20.7742 8.6
      vertex 30.4082 23.4334 8.6
    endloop
  endfacet
  facet normal 0 0 1
    outer loop
      vertex 30.4082 23.4334 8.6
      vertex 28.6 20.7742 8.6
      vertex 30.4327 23.2683 8.6
    endloop
  endfacet
  facet normal 0 0 1
    outer loop
      vertex 30.4327 23.2683 8.6
      vertex 28.6 20.7742 8.6
      vertex 30.4732 23.1065 8.6
    endloop
  endfacet
  facet normal 0 0 1
    outer loop
      vertex 30.4732 23.1065 8.6
      vertex 28.6 20.7742 8.6
      vertex 30.5294 22.9494 8.6
    endloop
  endfacet
  facet normal 0 0 1
    outer loop
      vertex 30.5294 22.9494 8.6
      vertex 28.6 20.7742 8.6
      vertex 30.6007 22.7986 8.6
    endloop
  endfacet
  facet normal 0 0 1
    outer loop
      vertex 31.9334 21.9082 8.6
      vertex 28.6 20.7742 8.6
      vertex 28.6 13.5 8.6
    endloop
  endfacet
  facet normal 0 0 1
    outer loop
      vertex 32.1 21.9 8.6
      vertex 28.6 13.5 8.6
      vertex 35.6 13.5 8.6
    endloop
  endfacet
  facet normal -1 0 0
    outer loop
      vertex 28.6 42.6 1.6
      vertex 28.6 45.6 8.6
      vertex 28.6 45.6 1.6
    endloop
  endfacet
  facet normal -1 -0 0
    outer loop
      vertex 28.6 45.6 8.6
      vertex 28.6 42.6 1.6
      vertex 28.6 42.6 8.6
    endloop
  endfacet
  facet normal -1 0 0
    outer loop
      vertex 28.6 20.7742 1.6
      vertex 28.6 13.5 5.1
      vertex 28.6 20.7742 8.6
    endloop
  endfacet
  facet normal -1 0 0
    outer loop
      vertex 28.6 1.6 1.6
      vertex 28.6 13.5 5.1
      vertex 28.6 20.7742 1.6
    endloop
  endfacet
  facet normal -1 -0 0
    outer loop
      vertex 28.6 13.5 5.1
      vertex 28.6 1.6 1.6
      vertex 28.6 6.5 5.1
    endloop
  endfacet
  facet normal -1 0 0
    outer loop
      vertex 28.6 1.6 8.6
      vertex 28.6 6.5 5.1
      vertex 28.6 1.6 1.6
    endloop
  endfacet
  facet normal -1 0 0
    outer loop
      vertex 28.6 6.5 5.1
      vertex 28.6 1.6 8.6
      vertex 28.6 6.5 8.6
    endloop
  endfacet
  facet normal -1 -0 0
    outer loop
      vertex 28.6 20.7742 8.6
      vertex 28.6 13.5 5.1
      vertex 28.6 13.5 8.6
    endloop
  endfacet
  facet normal -1 0 0
    outer loop
      vertex 28.6 40.6 1.6
      vertex 28.6 37.5 5.1
      vertex 28.6 40.6 8.6
    endloop
  endfacet
  facet normal -1 0 0
    outer loop
      vertex 28.6 40.6 1.6
      vertex 28.6 30.5 5.1
      vertex 28.6 37.5 5.1
    endloop
  endfacet
  facet normal -1 0 0
    outer loop
      vertex 28.6 26.4258 1.6
      vertex 28.6 30.5 5.1
      vertex 28.6 40.6 1.6
    endloop
  endfacet
  facet normal -1 0 0
    outer loop
      vertex 28.6 26.4258 8.6
      vertex 28.6 30.5 5.1
      vertex 28.6 26.4258 1.6
    endloop
  endfacet
  facet normal -1 0 0
    outer loop
      vertex 28.6 30.5 5.1
      vertex 28.6 26.4258 8.6
      vertex 28.6 30.5 8.6
    endloop
  endfacet
  facet normal -1 -0 0
    outer loop
      vertex 28.6 40.6 8.6
      vertex 28.6 37.5 5.1
      vertex 28.6 37.5 8.6
    endloop
  endfacet
  facet normal 0 1 -0
    outer loop
      vertex 28.6 42.6 1.6
      vertex 1.6 42.6 8.6
      vertex 28.6 42.6 8.6
    endloop
  endfacet
  facet normal 0 1 0
    outer loop
      vertex 1.6 42.6 8.6
      vertex 28.6 42.6 1.6
      vertex 1.6 42.6 1.6
    endloop
  endfacet
  facet normal 0 -1 0
    outer loop
      vertex 1.6 40.6 1.6
      vertex 28.6 40.6 8.6
      vertex 1.6 40.6 8.6
    endloop
  endfacet
  facet normal 0 -1 -0
    outer loop
      vertex 28.6 40.6 8.6
      vertex 1.6 40.6 1.6
      vertex 28.6 40.6 1.6
    endloop
  endfacet
  facet normal -0 0 1
    outer loop
      vertex 35.6 42.6 4.6
      vertex 55.6 40.6 4.6
      vertex 55.6 42.6 4.6
    endloop
  endfacet
  facet normal 0 0 1
    outer loop
      vertex 55.6 40.6 4.6
      vertex 35.6 42.6 4.6
      vertex 35.6 40.6 4.6
    endloop
  endfacet
  facet normal 0 1 -0
    outer loop
      vertex 55.6 42.6 1.6
      vertex 35.6 42.6 4.6
      vertex 55.6 42.6 4.6
    endloop
  endfacet
  facet normal 0 1 0
    outer loop
      vertex 35.6 42.6 4.6
      vertex 55.6 42.6 1.6
      vertex 35.6 42.6 1.6
    endloop
  endfacet
  facet normal 0 -1 0
    outer loop
      vertex 35.6 40.6 1.6
      vertex 55.6 40.6 4.6
      vertex 35.6 40.6 4.6
    endloop
  endfacet
  facet normal 0 -1 -0
    outer loop
      vertex 55.6 40.6 4.6
      vertex 35.6 40.6 1.6
      vertex 55.6 40.6 1.6
    endloop
  endfacet
  facet normal -0.803155 0.59577 0
    outer loop
      vertex 28.3584 26.1001 1.6
      vertex 28.6 26.4258 8.6
      vertex 28.6 26.4258 1.6
    endloop
  endfacet
  facet normal -0.803155 0.59577 0
    outer loop
      vertex 28.6 26.4258 8.6
      vertex 28.3584 26.1001 1.6
      vertex 28.3584 26.1001 8.6
    endloop
  endfacet
  facet normal 0.989174 0.146746 0
    outer loop
      vertex 36.5783 24.0411 8.6
      vertex 36.5135 24.4779 1.6
      vertex 36.5135 24.4779 8.6
    endloop
  endfacet
  facet normal 0.989174 0.146746 0
    outer loop
      vertex 36.5135 24.4779 1.6
      vertex 36.5783 24.0411 8.6
      vertex 36.5783 24.0411 1.6
    endloop
  endfacet
  facet normal 0.998792 0.0491358 0
    outer loop
      vertex 36.6 23.6 8.6
      vertex 36.5783 24.0411 1.6
      vertex 36.5783 24.0411 8.6
    endloop
  endfacet
  facet normal 0.998792 0.0491358 0
    outer loop
      vertex 36.5783 24.0411 1.6
      vertex 36.6 23.6 8.6
      vertex 36.6 23.6 1.6
    endloop
  endfacet
  facet normal 0.970036 0.242962 0
    outer loop
      vertex 36.5135 24.4779 8.6
      vertex 36.4062 24.9063 1.6
      vertex 36.4062 24.9063 8.6
    endloop
  endfacet
  facet normal 0.970036 0.242962 0
    outer loop
      vertex 36.4062 24.9063 1.6
      vertex 36.5135 24.4779 8.6
      vertex 36.5135 24.4779 1.6
    endloop
  endfacet
  facet normal -0.941598 0.336738 0
    outer loop
      vertex 27.7938 24.9063 1.6
      vertex 27.9425 25.3221 8.6
      vertex 27.9425 25.3221 1.6
    endloop
  endfacet
  facet normal -0.941598 0.336738 0
    outer loop
      vertex 27.9425 25.3221 8.6
      vertex 27.7938 24.9063 1.6
      vertex 27.7938 24.9063 8.6
    endloop
  endfacet
  facet normal 0.941598 -0.336738 0
    outer loop
      vertex 36.2575 21.8779 8.6
      vertex 36.4062 22.2937 1.6
      vertex 36.4062 22.2937 8.6
    endloop
  endfacet
  facet normal 0.941598 -0.336738 0
    outer loop
      vertex 36.4062 22.2937 1.6
      vertex 36.2575 21.8779 8.6
      vertex 36.2575 21.8779 1.6
    endloop
  endfacet
  facet normal -0.989174 -0.146746 0
    outer loop
      vertex 27.6865 22.7221 1.6
      vertex 27.6217 23.1589 8.6
      vertex 27.6217 23.1589 1.6
    endloop
  endfacet
  facet normal -0.989174 -0.146746 0
    outer loop
      vertex 27.6217 23.1589 8.6
      vertex 27.6865 22.7221 1.6
      vertex 27.6865 22.7221 8.6
    endloop
  endfacet
  facet normal -0.857773 0.514029 0
    outer loop
      vertex 28.1314 25.7213 1.6
      vertex 28.3584 26.1001 8.6
      vertex 28.3584 26.1001 1.6
    endloop
  endfacet
  facet normal -0.857773 0.514029 0
    outer loop
      vertex 28.3584 26.1001 8.6
      vertex 28.1314 25.7213 1.6
      vertex 28.1314 25.7213 8.6
    endloop
  endfacet
  facet normal -0.970036 -0.242962 0
    outer loop
      vertex 27.7938 22.2937 1.6
      vertex 27.6865 22.7221 8.6
      vertex 27.6865 22.7221 1.6
    endloop
  endfacet
  facet normal -0.970036 -0.242962 0
    outer loop
      vertex 27.6865 22.7221 8.6
      vertex 27.7938 22.2937 1.6
      vertex 27.7938 22.2937 8.6
    endloop
  endfacet
  facet normal 0.857773 -0.514029 0
    outer loop
      vertex 35.8416 21.0999 8.6
      vertex 36.0686 21.4787 1.6
      vertex 36.0686 21.4787 8.6
    endloop
  endfacet
  facet normal 0.857773 -0.514029 0
    outer loop
      vertex 36.0686 21.4787 1.6
      vertex 35.8416 21.0999 8.6
      vertex 35.8416 21.0999 1.6
    endloop
  endfacet
  facet normal -0.970036 0.242962 0
    outer loop
      vertex 27.6865 24.4779 1.6
      vertex 27.7938 24.9063 8.6
      vertex 27.7938 24.9063 1.6
    endloop
  endfacet
  facet normal -0.970036 0.242962 0
    outer loop
      vertex 27.7938 24.9063 8.6
      vertex 27.6865 24.4779 1.6
      vertex 27.6865 24.4779 8.6
    endloop
  endfacet
  facet normal 0.903908 -0.427726 0
    outer loop
      vertex 36.0686 21.4787 8.6
      vertex 36.2575 21.8779 1.6
      vertex 36.2575 21.8779 8.6
    endloop
  endfacet
  facet normal 0.903908 -0.427726 0
    outer loop
      vertex 36.2575 21.8779 1.6
      vertex 36.0686 21.4787 8.6
      vertex 36.0686 21.4787 1.6
    endloop
  endfacet
  facet normal -0.941598 -0.336738 0
    outer loop
      vertex 27.9425 21.8779 1.6
      vertex 27.7938 22.2937 8.6
      vertex 27.7938 22.2937 1.6
    endloop
  endfacet
  facet normal -0.941598 -0.336738 0
    outer loop
      vertex 27.7938 22.2937 8.6
      vertex 27.9425 21.8779 1.6
      vertex 27.9425 21.8779 8.6
    endloop
  endfacet
  facet normal 0.903908 0.427726 0
    outer loop
      vertex 36.2575 25.3221 8.6
      vertex 36.0686 25.7213 1.6
      vertex 36.0686 25.7213 8.6
    endloop
  endfacet
  facet normal 0.903908 0.427726 0
    outer loop
      vertex 36.0686 25.7213 1.6
      vertex 36.2575 25.3221 8.6
      vertex 36.2575 25.3221 1.6
    endloop
  endfacet
  facet normal -0.989174 0.146746 0
    outer loop
      vertex 27.6217 24.0411 1.6
      vertex 27.6865 24.4779 8.6
      vertex 27.6865 24.4779 1.6
    endloop
  endfacet
  facet normal -0.989174 0.146746 0
    outer loop
      vertex 27.6865 24.4779 8.6
      vertex 27.6217 24.0411 1.6
      vertex 27.6217 24.0411 8.6
    endloop
  endfacet
  facet normal 0.803155 0.59577 0
    outer loop
      vertex 35.8416 26.1001 8.6
      vertex 35.6 26.4258 1.6
      vertex 35.6 26.4258 8.6
    endloop
  endfacet
  facet normal 0.803155 0.59577 0
    outer loop
      vertex 35.6 26.4258 1.6
      vertex 35.8416 26.1001 8.6
      vertex 35.8416 26.1001 1.6
    endloop
  endfacet
  facet normal 0.970036 -0.242962 0
    outer loop
      vertex 36.4062 22.2937 8.6
      vertex 36.5135 22.7221 1.6
      vertex 36.5135 22.7221 8.6
    endloop
  endfacet
  facet normal 0.970036 -0.242962 0
    outer loop
      vertex 36.5135 22.7221 1.6
      vertex 36.4062 22.2937 8.6
      vertex 36.4062 22.2937 1.6
    endloop
  endfacet
  facet normal 0.941598 0.336738 0
    outer loop
      vertex 36.4062 24.9063 8.6
      vertex 36.2575 25.3221 1.6
      vertex 36.2575 25.3221 8.6
    endloop
  endfacet
  facet normal 0.941598 0.336738 0
    outer loop
      vertex 36.2575 25.3221 1.6
      vertex 36.4062 24.9063 8.6
      vertex 36.4062 24.9063 1.6
    endloop
  endfacet
  facet normal 0.989174 -0.146746 0
    outer loop
      vertex 36.5135 22.7221 8.6
      vertex 36.5783 23.1589 1.6
      vertex 36.5783 23.1589 8.6
    endloop
  endfacet
  facet normal 0.989174 -0.146746 0
    outer loop
      vertex 36.5783 23.1589 1.6
      vertex 36.5135 22.7221 8.6
      vertex 36.5135 22.7221 1.6
    endloop
  endfacet
  facet normal 0.998792 -0.0491358 0
    outer loop
      vertex 36.5783 23.1589 8.6
      vertex 36.6 23.6 1.6
      vertex 36.6 23.6 8.6
    endloop
  endfacet
  facet normal 0.998792 -0.0491358 0
    outer loop
      vertex 36.6 23.6 1.6
      vertex 36.5783 23.1589 8.6
      vertex 36.5783 23.1589 1.6
    endloop
  endfacet
  facet normal -0.903908 0.427726 0
    outer loop
      vertex 27.9425 25.3221 1.6
      vertex 28.1314 25.7213 8.6
      vertex 28.1314 25.7213 1.6
    endloop
  endfacet
  facet normal -0.903908 0.427726 0
    outer loop
      vertex 28.1314 25.7213 8.6
      vertex 27.9425 25.3221 1.6
      vertex 27.9425 25.3221 8.6
    endloop
  endfacet
  facet normal -0.803155 -0.59577 0
    outer loop
      vertex 28.6 20.7742 1.6
      vertex 28.3584 21.0999 8.6
      vertex 28.3584 21.0999 1.6
    endloop
  endfacet
  facet normal -0.803155 -0.59577 0
    outer loop
      vertex 28.3584 21.0999 8.6
      vertex 28.6 20.7742 1.6
      vertex 28.6 20.7742 8.6
    endloop
  endfacet
  facet normal -0.998792 0.0491358 0
    outer loop
      vertex 27.6 23.6 1.6
      vertex 27.6217 24.0411 8.6
      vertex 27.6217 24.0411 1.6
    endloop
  endfacet
  facet normal -0.998792 0.0491358 0
    outer loop
      vertex 27.6217 24.0411 8.6
      vertex 27.6 23.6 1.6
      vertex 27.6 23.6 8.6
    endloop
  endfacet
  facet normal 0.803155 -0.59577 0
    outer loop
      vertex 35.6 20.7742 8.6
      vertex 35.8416 21.0999 1.6
      vertex 35.8416 21.0999 8.6
    endloop
  endfacet
  facet normal 0.803155 -0.59577 0
    outer loop
      vertex 35.8416 21.0999 1.6
      vertex 35.6 20.7742 8.6
      vertex 35.6 20.7742 1.6
    endloop
  endfacet
  facet normal 0.857773 0.514029 0
    outer loop
      vertex 36.0686 25.7213 8.6
      vertex 35.8416 26.1001 1.6
      vertex 35.8416 26.1001 8.6
    endloop
  endfacet
  facet normal 0.857773 0.514029 0
    outer loop
      vertex 35.8416 26.1001 1.6
      vertex 36.0686 25.7213 8.6
      vertex 36.0686 25.7213 1.6
    endloop
  endfacet
  facet normal -0.903908 -0.427726 0
    outer loop
      vertex 28.1314 21.4787 1.6
      vertex 27.9425 21.8779 8.6
      vertex 27.9425 21.8779 1.6
    endloop
  endfacet
  facet normal -0.903908 -0.427726 0
    outer loop
      vertex 27.9425 21.8779 8.6
      vertex 28.1314 21.4787 1.6
      vertex 28.1314 21.4787 8.6
    endloop
  endfacet
  facet normal -0.857773 -0.514029 0
    outer loop
      vertex 28.3584 21.0999 1.6
      vertex 28.1314 21.4787 8.6
      vertex 28.1314 21.4787 1.6
    endloop
  endfacet
  facet normal -0.857773 -0.514029 0
    outer loop
      vertex 28.1314 21.4787 8.6
      vertex 28.3584 21.0999 1.6
      vertex 28.3584 21.0999 8.6
    endloop
  endfacet
  facet normal -0.998792 -0.0491358 0
    outer loop
      vertex 27.6217 23.1589 1.6
      vertex 27.6 23.6 8.6
      vertex 27.6 23.6 1.6
    endloop
  endfacet
  facet normal -0.998792 -0.0491358 0
    outer loop
      vertex 27.6 23.6 8.6
      vertex 27.6217 23.1589 1.6
      vertex 27.6217 23.1589 8.6
    endloop
  endfacet
  facet normal 0 0 -1
    outer loop
      vertex 55.6 20.4 7.8
      vertex 57.2 26.8 7.8
      vertex 57.2 20.4 7.8
    endloop
  endfacet
  facet normal -0 0 -1
    outer loop
      vertex 57.2 26.8 7.8
      vertex 55.6 20.4 7.8
      vertex 55.6 26.8 7.8
    endloop
  endfacet
  facet normal -0 0 1
    outer loop
      vertex 55.6 26.8 4.2
      vertex 57.2 20.4 4.2
      vertex 57.2 26.8 4.2
    endloop
  endfacet
  facet normal 0 0 1
    outer loop
      vertex 57.2 20.4 4.2
      vertex 55.6 26.8 4.2
      vertex 55.6 20.4 4.2
    endloop
  endfacet
  facet normal 0 -1 0
    outer loop
      vertex 55.6 26.8 4.2
      vertex 57.2 26.8 7.8
      vertex 55.6 26.8 7.8
    endloop
  endfacet
  facet normal 0 -1 -0
    outer loop
      vertex 57.2 26.8 7.8
      vertex 55.6 26.8 4.2
      vertex 57.2 26.8 4.2
    endloop
  endfacet
  facet normal 0 1 -0
    outer loop
      vertex 57.2 20.4 4.2
      vertex 55.6 20.4 7.8
      vertex 57.2 20.4 7.8
    endloop
  endfacet
  facet normal 0 1 0
    outer loop
      vertex 55.6 20.4 7.8
      vertex 57.2 20.4 4.2
      vertex 55.6 20.4 4.2
    endloop
  endfacet
  facet normal -0 0 1
    outer loop
      vertex 28.6 13.5 5.1
      vertex 35.6 6.5 5.1
      vertex 35.6 13.5 5.1
    endloop
  endfacet
  facet normal 0 0 1
    outer loop
      vertex 35.6 6.5 5.1
      vertex 28.6 13.5 5.1
      vertex 28.6 6.5 5.1
    endloop
  endfacet
  facet normal 0 -1 0
    outer loop
      vertex 28.6 13.5 5.1
      vertex 35.6 13.5 8.6
      vertex 28.6 13.5 8.6
    endloop
  endfacet
  facet normal 0 -1 -0
    outer loop
      vertex 35.6 13.5 8.6
      vertex 28.6 13.5 5.1
      vertex 35.6 13.5 5.1
    endloop
  endfacet
  facet normal 0 1 -0
    outer loop
      vertex 35.6 6.5 5.1
      vertex 28.6 6.5 8.6
      vertex 35.6 6.5 8.6
    endloop
  endfacet
  facet normal 0 1 0
    outer loop
      vertex 28.6 6.5 8.6
      vertex 35.6 6.5 5.1
      vertex 28.6 6.5 5.1
    endloop
  endfacet
  facet normal -0 0 1
    outer loop
      vertex 28.6 37.5 5.1
      vertex 35.6 30.5 5.1
      vertex 35.6 37.5 5.1
    endloop
  endfacet
  facet normal 0 0 1
    outer loop
      vertex 35.6 30.5 5.1
      vertex 28.6 37.5 5.1
      vertex 28.6 30.5 5.1
    endloop
  endfacet
  facet normal 0 -1 0
    outer loop
      vertex 28.6 37.5 5.1
      vertex 35.6 37.5 8.6
      vertex 28.6 37.5 8.6
    endloop
  endfacet
  facet normal 0 -1 -0
    outer loop
      vertex 35.6 37.5 8.6
      vertex 28.6 37.5 5.1
      vertex 35.6 37.5 5.1
    endloop
  endfacet
  facet normal 0 1 -0
    outer loop
      vertex 35.6 30.5 5.1
      vertex 28.6 30.5 8.6
      vertex 35.6 30.5 8.6
    endloop
  endfacet
  facet normal 0 1 0
    outer loop
      vertex 28.6 30.5 8.6
      vertex 35.6 30.5 5.1
      vertex 28.6 30.5 5.1
    endloop
  endfacet
  facet normal 0.336961 0.941519 -0
    outer loop
      vertex 31.2001 20.6335 0
      vertex 30.9137 20.736 3
      vertex 31.2001 20.6335 3
    endloop
  endfacet
  facet normal 0.336961 0.941519 0
    outer loop
      vertex 30.9137 20.736 3
      vertex 31.2001 20.6335 0
      vertex 30.9137 20.736 0
    endloop
  endfacet
  facet normal -0.989145 -0.146942 0
    outer loop
      vertex 35.1851 23.9039 0
      vertex 35.1404 24.2048 3
      vertex 35.1404 24.2048 0
    endloop
  endfacet
  facet normal -0.989145 -0.146942 0
    outer loop
      vertex 35.1404 24.2048 3
      vertex 35.1851 23.9039 0
      vertex 35.1851 23.9039 3
    endloop
  endfacet
  facet normal -0.9988 -0.0489705 0
    outer loop
      vertex 35.2 23.6 0
      vertex 35.1851 23.9039 3
      vertex 35.1851 23.9039 0
    endloop
  endfacet
  facet normal -0.9988 -0.0489705 0
    outer loop
      vertex 35.1851 23.9039 3
      vertex 35.2 23.6 0
      vertex 35.2 23.6 3
    endloop
  endfacet
  facet normal -0.970046 -0.242922 0
    outer loop
      vertex 35.1404 24.2048 0
      vertex 35.0665 24.4999 3
      vertex 35.0665 24.4999 0
    endloop
  endfacet
  facet normal -0.970046 -0.242922 0
    outer loop
      vertex 35.0665 24.4999 3
      vertex 35.1404 24.2048 0
      vertex 35.1404 24.2048 3
    endloop
  endfacet
  facet normal 0.989145 -0.146942 0
    outer loop
      vertex 29.0149 23.9039 3
      vertex 29.0596 24.2048 0
      vertex 29.0596 24.2048 3
    endloop
  endfacet
  facet normal 0.989145 -0.146942 0
    outer loop
      vertex 29.0596 24.2048 0
      vertex 29.0149 23.9039 3
      vertex 29.0149 23.9039 0
    endloop
  endfacet
  facet normal 0.242922 0.970046 -0
    outer loop
      vertex 31.4952 20.5596 0
      vertex 31.2001 20.6335 3
      vertex 31.4952 20.5596 3
    endloop
  endfacet
  facet normal 0.242922 0.970046 0
    outer loop
      vertex 31.2001 20.6335 3
      vertex 31.4952 20.5596 0
      vertex 31.2001 20.6335 0
    endloop
  endfacet
  facet normal -0.336961 -0.941519 0
    outer loop
      vertex 32.9999 26.5665 0
      vertex 33.2863 26.464 3
      vertex 32.9999 26.5665 3
    endloop
  endfacet
  facet normal -0.336961 -0.941519 -0
    outer loop
      vertex 33.2863 26.464 3
      vertex 32.9999 26.5665 0
      vertex 33.2863 26.464 0
    endloop
  endfacet
  facet normal 0.514012 -0.857783 0
    outer loop
      vertex 30.3777 26.1776 0
      vertex 30.6387 26.334 3
      vertex 30.3777 26.1776 3
    endloop
  endfacet
  facet normal 0.514012 -0.857783 0
    outer loop
      vertex 30.6387 26.334 3
      vertex 30.3777 26.1776 0
      vertex 30.6387 26.334 0
    endloop
  endfacet
  facet normal 0.904072 0.42738 0
    outer loop
      vertex 29.366 22.1387 3
      vertex 29.236 22.4137 0
      vertex 29.236 22.4137 3
    endloop
  endfacet
  facet normal 0.904072 0.42738 0
    outer loop
      vertex 29.236 22.4137 0
      vertex 29.366 22.1387 3
      vertex 29.366 22.1387 0
    endloop
  endfacet
  facet normal 0.242922 -0.970046 0
    outer loop
      vertex 31.2001 26.5665 0
      vertex 31.4952 26.6404 3
      vertex 31.2001 26.5665 3
    endloop
  endfacet
  facet normal 0.242922 -0.970046 0
    outer loop
      vertex 31.4952 26.6404 3
      vertex 31.2001 26.5665 0
      vertex 31.4952 26.6404 0
    endloop
  endfacet
  facet normal 0.857783 0.514012 0
    outer loop
      vertex 29.5224 21.8777 3
      vertex 29.366 22.1387 0
      vertex 29.366 22.1387 3
    endloop
  endfacet
  facet normal 0.857783 0.514012 0
    outer loop
      vertex 29.366 22.1387 0
      vertex 29.5224 21.8777 3
      vertex 29.5224 21.8777 0
    endloop
  endfacet
  facet normal -0.242922 0.970046 0
    outer loop
      vertex 32.9999 20.6335 0
      vertex 32.7048 20.5596 3
      vertex 32.9999 20.6335 3
    endloop
  endfacet
  facet normal -0.242922 0.970046 0
    outer loop
      vertex 32.7048 20.5596 3
      vertex 32.9999 20.6335 0
      vertex 32.7048 20.5596 0
    endloop
  endfacet
  facet normal 0.595943 0.803027 -0
    outer loop
      vertex 30.3777 21.0224 0
      vertex 30.1334 21.2037 3
      vertex 30.3777 21.0224 3
    endloop
  endfacet
  facet normal 0.595943 0.803027 0
    outer loop
      vertex 30.1334 21.2037 3
      vertex 30.3777 21.0224 0
      vertex 30.1334 21.2037 0
    endloop
  endfacet
  facet normal -0.514012 0.857783 0
    outer loop
      vertex 33.8223 21.0224 0
      vertex 33.5613 20.866 3
      vertex 33.8223 21.0224 3
    endloop
  endfacet
  facet normal -0.514012 0.857783 0
    outer loop
      vertex 33.5613 20.866 3
      vertex 33.8223 21.0224 0
      vertex 33.5613 20.866 0
    endloop
  endfacet
  facet normal -0.803027 0.595943 0
    outer loop
      vertex 34.4963 21.6334 0
      vertex 34.6776 21.8777 3
      vertex 34.6776 21.8777 0
    endloop
  endfacet
  facet normal -0.803027 0.595943 0
    outer loop
      vertex 34.6776 21.8777 3
      vertex 34.4963 21.6334 0
      vertex 34.4963 21.6334 3
    endloop
  endfacet
  facet normal -0.146942 -0.989145 0
    outer loop
      vertex 32.4039 26.6851 0
      vertex 32.7048 26.6404 3
      vertex 32.4039 26.6851 3
    endloop
  endfacet
  facet normal -0.146942 -0.989145 -0
    outer loop
      vertex 32.7048 26.6404 3
      vertex 32.4039 26.6851 0
      vertex 32.7048 26.6404 0
    endloop
  endfacet
  facet normal 0.595943 -0.803027 0
    outer loop
      vertex 30.1334 25.9963 0
      vertex 30.3777 26.1776 3
      vertex 30.1334 25.9963 3
    endloop
  endfacet
  facet normal 0.595943 -0.803027 0
    outer loop
      vertex 30.3777 26.1776 3
      vertex 30.1334 25.9963 0
      vertex 30.3777 26.1776 0
    endloop
  endfacet
  facet normal 0.803027 -0.595943 0
    outer loop
      vertex 29.5224 25.3223 3
      vertex 29.7037 25.5666 0
      vertex 29.7037 25.5666 3
    endloop
  endfacet
  facet normal 0.803027 -0.595943 0
    outer loop
      vertex 29.7037 25.5666 0
      vertex 29.5224 25.3223 3
      vertex 29.5224 25.3223 0
    endloop
  endfacet
  facet normal -0.989145 0.146942 0
    outer loop
      vertex 35.1404 22.9952 0
      vertex 35.1851 23.2961 3
      vertex 35.1851 23.2961 0
    endloop
  endfacet
  facet normal -0.989145 0.146942 0
    outer loop
      vertex 35.1851 23.2961 3
      vertex 35.1404 22.9952 0
      vertex 35.1404 22.9952 3
    endloop
  endfacet
  facet normal 0.941519 -0.336961 0
    outer loop
      vertex 29.1335 24.4999 3
      vertex 29.236 24.7863 0
      vertex 29.236 24.7863 3
    endloop
  endfacet
  facet normal 0.941519 -0.336961 0
    outer loop
      vertex 29.236 24.7863 0
      vertex 29.1335 24.4999 3
      vertex 29.1335 24.4999 0
    endloop
  endfacet
  facet normal -0.42738 -0.904072 0
    outer loop
      vertex 33.2863 26.464 0
      vertex 33.5613 26.334 3
      vertex 33.2863 26.464 3
    endloop
  endfacet
  facet normal -0.42738 -0.904072 -0
    outer loop
      vertex 33.5613 26.334 3
      vertex 33.2863 26.464 0
      vertex 33.5613 26.334 0
    endloop
  endfacet
  facet normal 0.941519 0.336961 0
    outer loop
      vertex 29.236 22.4137 3
      vertex 29.1335 22.7001 0
      vertex 29.1335 22.7001 3
    endloop
  endfacet
  facet normal 0.941519 0.336961 0
    outer loop
      vertex 29.1335 22.7001 0
      vertex 29.236 22.4137 3
      vertex 29.236 22.4137 0
    endloop
  endfacet
  facet normal -0.970046 0.242922 0
    outer loop
      vertex 35.0665 22.7001 0
      vertex 35.1404 22.9952 3
      vertex 35.1404 22.9952 0
    endloop
  endfacet
  facet normal -0.970046 0.242922 0
    outer loop
      vertex 35.1404 22.9952 3
      vertex 35.0665 22.7001 0
      vertex 35.0665 22.7001 3
    endloop
  endfacet
  facet normal 0.0489705 -0.9988 0
    outer loop
      vertex 31.7961 26.6851 0
      vertex 32.1 26.7 3
      vertex 31.7961 26.6851 3
    endloop
  endfacet
  facet normal 0.0489705 -0.9988 0
    outer loop
      vertex 32.1 26.7 3
      vertex 31.7961 26.6851 0
      vertex 32.1 26.7 0
    endloop
  endfacet
  facet normal 0.42738 -0.904072 0
    outer loop
      vertex 30.6387 26.334 0
      vertex 30.9137 26.464 3
      vertex 30.6387 26.334 3
    endloop
  endfacet
  facet normal 0.42738 -0.904072 0
    outer loop
      vertex 30.9137 26.464 3
      vertex 30.6387 26.334 0
      vertex 30.9137 26.464 0
    endloop
  endfacet
  facet normal 0.671576 -0.740936 0
    outer loop
      vertex 29.908 25.792 0
      vertex 30.1334 25.9963 3
      vertex 29.908 25.792 3
    endloop
  endfacet
  facet normal 0.671576 -0.740936 0
    outer loop
      vertex 30.1334 25.9963 3
      vertex 29.908 25.792 0
      vertex 30.1334 25.9963 0
    endloop
  endfacet
  facet normal -0.336961 0.941519 0
    outer loop
      vertex 33.2863 20.736 0
      vertex 32.9999 20.6335 3
      vertex 33.2863 20.736 3
    endloop
  endfacet
  facet normal -0.336961 0.941519 0
    outer loop
      vertex 32.9999 20.6335 3
      vertex 33.2863 20.736 0
      vertex 32.9999 20.6335 0
    endloop
  endfacet
  facet normal 0.336961 -0.941519 0
    outer loop
      vertex 30.9137 26.464 0
      vertex 31.2001 26.5665 3
      vertex 30.9137 26.464 3
    endloop
  endfacet
  facet normal 0.336961 -0.941519 0
    outer loop
      vertex 31.2001 26.5665 3
      vertex 30.9137 26.464 0
      vertex 31.2001 26.5665 0
    endloop
  endfacet
  facet normal -0.803027 -0.595943 0
    outer loop
      vertex 34.6776 25.3223 0
      vertex 34.4963 25.5666 3
      vertex 34.4963 25.5666 0
    endloop
  endfacet
  facet normal -0.803027 -0.595943 0
    outer loop
      vertex 34.4963 25.5666 3
      vertex 34.6776 25.3223 0
      vertex 34.6776 25.3223 3
    endloop
  endfacet
  facet normal 0.857783 -0.514012 0
    outer loop
      vertex 29.366 25.0613 3
      vertex 29.5224 25.3223 0
      vertex 29.5224 25.3223 3
    endloop
  endfacet
  facet normal 0.857783 -0.514012 0
    outer loop
      vertex 29.5224 25.3223 0
      vertex 29.366 25.0613 3
      vertex 29.366 25.0613 0
    endloop
  endfacet
  facet normal -0.9988 0.0489705 0
    outer loop
      vertex 35.1851 23.2961 0
      vertex 35.2 23.6 3
      vertex 35.2 23.6 0
    endloop
  endfacet
  facet normal -0.9988 0.0489705 0
    outer loop
      vertex 35.2 23.6 3
      vertex 35.1851 23.2961 0
      vertex 35.1851 23.2961 3
    endloop
  endfacet
  facet normal -0.904072 0.42738 0
    outer loop
      vertex 34.834 22.1387 0
      vertex 34.964 22.4137 3
      vertex 34.964 22.4137 0
    endloop
  endfacet
  facet normal -0.904072 0.42738 0
    outer loop
      vertex 34.964 22.4137 3
      vertex 34.834 22.1387 0
      vertex 34.834 22.1387 3
    endloop
  endfacet
  facet normal -0.857783 -0.514012 0
    outer loop
      vertex 34.834 25.0613 0
      vertex 34.6776 25.3223 3
      vertex 34.6776 25.3223 0
    endloop
  endfacet
  facet normal -0.857783 -0.514012 0
    outer loop
      vertex 34.6776 25.3223 3
      vertex 34.834 25.0613 0
      vertex 34.834 25.0613 3
    endloop
  endfacet
  facet normal 0 0 -1
    outer loop
      vertex 33.8 23.6 3
      vertex 35.2 23.6 3
      vertex 35.1851 23.2961 3
    endloop
  endfacet
  facet normal 0 0 -1
    outer loop
      vertex 33.7918 23.4334 3
      vertex 35.1851 23.2961 3
      vertex 35.1404 22.9952 3
    endloop
  endfacet
  facet normal 0 0 -1
    outer loop
      vertex 35.2 23.6 3
      vertex 33.8 23.6 3
      vertex 35.1851 23.9039 3
    endloop
  endfacet
  facet normal 0 0 -1
    outer loop
      vertex 33.7673 23.2683 3
      vertex 35.1404 22.9952 3
      vertex 35.0665 22.7001 3
    endloop
  endfacet
  facet normal 0 0 -1
    outer loop
      vertex 33.7918 23.7666 3
      vertex 35.1851 23.9039 3
      vertex 33.8 23.6 3
    endloop
  endfacet
  facet normal 0 0 -1
    outer loop
      vertex 33.7268 23.1065 3
      vertex 35.0665 22.7001 3
      vertex 34.964 22.4137 3
    endloop
  endfacet
  facet normal -0 0 -1
    outer loop
      vertex 35.1851 23.9039 3
      vertex 33.7918 23.7666 3
      vertex 35.1404 24.2048 3
    endloop
  endfacet
  facet normal 0 0 -1
    outer loop
      vertex 33.6706 22.9494 3
      vertex 34.964 22.4137 3
      vertex 34.834 22.1387 3
    endloop
  endfacet
  facet normal 0 0 -1
    outer loop
      vertex 33.7673 23.9317 3
      vertex 35.1404 24.2048 3
      vertex 33.7918 23.7666 3
    endloop
  endfacet
  facet normal 0 0 -1
    outer loop
      vertex 33.5993 22.7986 3
      vertex 34.834 22.1387 3
      vertex 34.6776 21.8777 3
    endloop
  endfacet
  facet normal -0 0 -1
    outer loop
      vertex 35.1404 24.2048 3
      vertex 33.7673 23.9317 3
      vertex 35.0665 24.4999 3
    endloop
  endfacet
  facet normal 0 0 -1
    outer loop
      vertex 33.5135 22.6555 3
      vertex 34.6776 21.8777 3
      vertex 34.4963 21.6334 3
    endloop
  endfacet
  facet normal 0 0 -1
    outer loop
      vertex 33.7268 24.0935 3
      vertex 35.0665 24.4999 3
      vertex 33.7673 23.9317 3
    endloop
  endfacet
  facet normal 0 0 -1
    outer loop
      vertex 33.4141 22.5215 3
      vertex 34.4963 21.6334 3
      vertex 34.292 21.408 3
    endloop
  endfacet
  facet normal -0 0 -1
    outer loop
      vertex 35.0665 24.4999 3
      vertex 33.7268 24.0935 3
      vertex 34.964 24.7863 3
    endloop
  endfacet
  facet normal 0 0 -1
    outer loop
      vertex 33.3021 22.3979 3
      vertex 34.292 21.408 3
      vertex 34.0666 21.2037 3
    endloop
  endfacet
  facet normal 0 0 -1
    outer loop
      vertex 33.6706 24.2506 3
      vertex 34.964 24.7863 3
      vertex 33.7268 24.0935 3
    endloop
  endfacet
  facet normal 0 0 -1
    outer loop
      vertex 33.1785 22.2859 3
      vertex 34.0666 21.2037 3
      vertex 33.8223 21.0224 3
    endloop
  endfacet
  facet normal -0 0 -1
    outer loop
      vertex 34.964 24.7863 3
      vertex 33.6706 24.2506 3
      vertex 34.834 25.0613 3
    endloop
  endfacet
  facet normal 0 0 -1
    outer loop
      vertex 33.5993 24.4014 3
      vertex 34.834 25.0613 3
      vertex 33.6706 24.2506 3
    endloop
  endfacet
  facet normal 0 0 -1
    outer loop
      vertex 35.1851 23.2961 3
      vertex 33.7918 23.4334 3
      vertex 33.8 23.6 3
    endloop
  endfacet
  facet normal 0 0 -1
    outer loop
      vertex 35.1404 22.9952 3
      vertex 33.7673 23.2683 3
      vertex 33.7918 23.4334 3
    endloop
  endfacet
  facet normal 0 0 -1
    outer loop
      vertex 35.0665 22.7001 3
      vertex 33.7268 23.1065 3
      vertex 33.7673 23.2683 3
    endloop
  endfacet
  facet normal 0 0 -1
    outer loop
      vertex 34.964 22.4137 3
      vertex 33.6706 22.9494 3
      vertex 33.7268 23.1065 3
    endloop
  endfacet
  facet normal 0 0 -1
    outer loop
      vertex 34.834 22.1387 3
      vertex 33.5993 22.7986 3
      vertex 33.6706 22.9494 3
    endloop
  endfacet
  facet normal 0 0 -1
    outer loop
      vertex 33.0445 22.1865 3
      vertex 33.8223 21.0224 3
      vertex 33.5613 20.866 3
    endloop
  endfacet
  facet normal 0 0 -1
    outer loop
      vertex 34.6776 21.8777 3
      vertex 33.5135 22.6555 3
      vertex 33.5993 22.7986 3
    endloop
  endfacet
  facet normal 0 0 -1
    outer loop
      vertex 34.4963 21.6334 3
      vertex 33.4141 22.5215 3
      vertex 33.5135 22.6555 3
    endloop
  endfacet
  facet normal 0 0 -1
    outer loop
      vertex 34.292 21.408 3
      vertex 33.3021 22.3979 3
      vertex 33.4141 22.5215 3
    endloop
  endfacet
  facet normal 0 0 -1
    outer loop
      vertex 32.9014 22.1007 3
      vertex 33.5613 20.866 3
      vertex 33.2863 20.736 3
    endloop
  endfacet
  facet normal 0 0 -1
    outer loop
      vertex 34.0666 21.2037 3
      vertex 33.1785 22.2859 3
      vertex 33.3021 22.3979 3
    endloop
  endfacet
  facet normal 0 0 -1
    outer loop
      vertex 33.8223 21.0224 3
      vertex 33.0445 22.1865 3
      vertex 33.1785 22.2859 3
    endloop
  endfacet
  facet normal 0 0 -1
    outer loop
      vertex 32.7506 22.0294 3
      vertex 33.2863 20.736 3
      vertex 32.9999 20.6335 3
    endloop
  endfacet
  facet normal 0 0 -1
    outer loop
      vertex 33.5613 20.866 3
      vertex 32.9014 22.1007 3
      vertex 33.0445 22.1865 3
    endloop
  endfacet
  facet normal 0 0 -1
    outer loop
      vertex 33.2863 20.736 3
      vertex 32.7506 22.0294 3
      vertex 32.9014 22.1007 3
    endloop
  endfacet
  facet normal 0 0 -1
    outer loop
      vertex 32.5935 21.9732 3
      vertex 32.9999 20.6335 3
      vertex 32.7048 20.5596 3
    endloop
  endfacet
  facet normal 0 0 -1
    outer loop
      vertex 32.9999 20.6335 3
      vertex 32.5935 21.9732 3
      vertex 32.7506 22.0294 3
    endloop
  endfacet
  facet normal 0 0 -1
    outer loop
      vertex 32.7048 20.5596 3
      vertex 32.4317 21.9327 3
      vertex 32.5935 21.9732 3
    endloop
  endfacet
  facet normal 0 0 -1
    outer loop
      vertex 32.4039 20.5149 3
      vertex 32.4317 21.9327 3
      vertex 32.7048 20.5596 3
    endloop
  endfacet
  facet normal 0 0 -1
    outer loop
      vertex 32.4039 20.5149 3
      vertex 32.2666 21.9082 3
      vertex 32.4317 21.9327 3
    endloop
  endfacet
  facet normal 0 0 -1
    outer loop
      vertex 32.1 20.5 3
      vertex 32.2666 21.9082 3
      vertex 32.4039 20.5149 3
    endloop
  endfacet
  facet normal 0 0 -1
    outer loop
      vertex 32.1 20.5 3
      vertex 32.1 21.9 3
      vertex 32.2666 21.9082 3
    endloop
  endfacet
  facet normal 0 0 -1
    outer loop
      vertex 32.1 20.5 3
      vertex 31.9334 21.9082 3
      vertex 32.1 21.9 3
    endloop
  endfacet
  facet normal 0 0 -1
    outer loop
      vertex 31.7961 20.5149 3
      vertex 31.9334 21.9082 3
      vertex 32.1 20.5 3
    endloop
  endfacet
  facet normal 0 0 -1
    outer loop
      vertex 31.7961 20.5149 3
      vertex 31.7683 21.9327 3
      vertex 31.9334 21.9082 3
    endloop
  endfacet
  facet normal 0 0 -1
    outer loop
      vertex 31.4952 20.5596 3
      vertex 31.7683 21.9327 3
      vertex 31.7961 20.5149 3
    endloop
  endfacet
  facet normal -0 0 -1
    outer loop
      vertex 31.7683 21.9327 3
      vertex 31.4952 20.5596 3
      vertex 31.6065 21.9732 3
    endloop
  endfacet
  facet normal 0 0 -1
    outer loop
      vertex 31.2001 20.6335 3
      vertex 31.6065 21.9732 3
      vertex 31.4952 20.5596 3
    endloop
  endfacet
  facet normal -0 0 -1
    outer loop
      vertex 31.6065 21.9732 3
      vertex 31.2001 20.6335 3
      vertex 31.4494 22.0294 3
    endloop
  endfacet
  facet normal 0 0 -1
    outer loop
      vertex 30.9137 20.736 3
      vertex 31.4494 22.0294 3
      vertex 31.2001 20.6335 3
    endloop
  endfacet
  facet normal -0 0 -1
    outer loop
      vertex 31.4494 22.0294 3
      vertex 30.9137 20.736 3
      vertex 31.2986 22.1007 3
    endloop
  endfacet
  facet normal 0 0 -1
    outer loop
      vertex 30.6387 20.866 3
      vertex 31.2986 22.1007 3
      vertex 30.9137 20.736 3
    endloop
  endfacet
  facet normal -0 0 -1
    outer loop
      vertex 31.2986 22.1007 3
      vertex 30.6387 20.866 3
      vertex 31.1555 22.1865 3
    endloop
  endfacet
  facet normal 0 0 -1
    outer loop
      vertex 30.3777 21.0224 3
      vertex 31.1555 22.1865 3
      vertex 30.6387 20.866 3
    endloop
  endfacet
  facet normal -0 0 -1
    outer loop
      vertex 31.1555 22.1865 3
      vertex 30.3777 21.0224 3
      vertex 31.0215 22.2859 3
    endloop
  endfacet
  facet normal 0 0 -1
    outer loop
      vertex 30.1334 21.2037 3
      vertex 31.0215 22.2859 3
      vertex 30.3777 21.0224 3
    endloop
  endfacet
  facet normal -0 0 -1
    outer loop
      vertex 31.0215 22.2859 3
      vertex 30.1334 21.2037 3
      vertex 30.8979 22.3979 3
    endloop
  endfacet
  facet normal 0 0 -1
    outer loop
      vertex 29.908 21.408 3
      vertex 30.8979 22.3979 3
      vertex 30.1334 21.2037 3
    endloop
  endfacet
  facet normal -0 0 -1
    outer loop
      vertex 30.8979 22.3979 3
      vertex 29.908 21.408 3
      vertex 30.7859 22.5215 3
    endloop
  endfacet
  facet normal 0 0 -1
    outer loop
      vertex 29.7037 21.6334 3
      vertex 30.7859 22.5215 3
      vertex 29.908 21.408 3
    endloop
  endfacet
  facet normal -0 0 -1
    outer loop
      vertex 30.7859 22.5215 3
      vertex 29.7037 21.6334 3
      vertex 30.6865 22.6555 3
    endloop
  endfacet
  facet normal 0 0 -1
    outer loop
      vertex 29.5224 21.8777 3
      vertex 30.6865 22.6555 3
      vertex 29.7037 21.6334 3
    endloop
  endfacet
  facet normal 0 0 -1
    outer loop
      vertex 29.366 22.1387 3
      vertex 30.6007 22.7986 3
      vertex 29.5224 21.8777 3
    endloop
  endfacet
  facet normal -0 0 -1
    outer loop
      vertex 30.6865 22.6555 3
      vertex 29.5224 21.8777 3
      vertex 30.6007 22.7986 3
    endloop
  endfacet
  facet normal -0 0 -1
    outer loop
      vertex 34.834 25.0613 3
      vertex 33.5993 24.4014 3
      vertex 34.6776 25.3223 3
    endloop
  endfacet
  facet normal 0 0 -1
    outer loop
      vertex 33.5135 24.5445 3
      vertex 34.6776 25.3223 3
      vertex 33.5993 24.4014 3
    endloop
  endfacet
  facet normal -0 0 -1
    outer loop
      vertex 34.6776 25.3223 3
      vertex 33.5135 24.5445 3
      vertex 34.4963 25.5666 3
    endloop
  endfacet
  facet normal 0 0 -1
    outer loop
      vertex 33.4141 24.6785 3
      vertex 34.4963 25.5666 3
      vertex 33.5135 24.5445 3
    endloop
  endfacet
  facet normal -0 0 -1
    outer loop
      vertex 34.4963 25.5666 3
      vertex 33.4141 24.6785 3
      vertex 34.292 25.792 3
    endloop
  endfacet
  facet normal 0 0 -1
    outer loop
      vertex 33.3021 24.8021 3
      vertex 34.292 25.792 3
      vertex 33.4141 24.6785 3
    endloop
  endfacet
  facet normal -0 0 -1
    outer loop
      vertex 34.292 25.792 3
      vertex 33.3021 24.8021 3
      vertex 34.0666 25.9963 3
    endloop
  endfacet
  facet normal 0 0 -1
    outer loop
      vertex 33.1785 24.9141 3
      vertex 34.0666 25.9963 3
      vertex 33.3021 24.8021 3
    endloop
  endfacet
  facet normal -0 0 -1
    outer loop
      vertex 34.0666 25.9963 3
      vertex 33.1785 24.9141 3
      vertex 33.8223 26.1776 3
    endloop
  endfacet
  facet normal 0 0 -1
    outer loop
      vertex 33.0445 25.0135 3
      vertex 33.8223 26.1776 3
      vertex 33.1785 24.9141 3
    endloop
  endfacet
  facet normal -0 0 -1
    outer loop
      vertex 33.8223 26.1776 3
      vertex 33.0445 25.0135 3
      vertex 33.5613 26.334 3
    endloop
  endfacet
  facet normal 0 0 -1
    outer loop
      vertex 32.9014 25.0993 3
      vertex 33.5613 26.334 3
      vertex 33.0445 25.0135 3
    endloop
  endfacet
  facet normal -0 0 -1
    outer loop
      vertex 33.5613 26.334 3
      vertex 32.9014 25.0993 3
      vertex 33.2863 26.464 3
    endloop
  endfacet
  facet normal 0 0 -1
    outer loop
      vertex 32.7506 25.1706 3
      vertex 33.2863 26.464 3
      vertex 32.9014 25.0993 3
    endloop
  endfacet
  facet normal -0 0 -1
    outer loop
      vertex 33.2863 26.464 3
      vertex 32.7506 25.1706 3
      vertex 32.9999 26.5665 3
    endloop
  endfacet
  facet normal 0 0 -1
    outer loop
      vertex 32.5935 25.2268 3
      vertex 32.9999 26.5665 3
      vertex 32.7506 25.1706 3
    endloop
  endfacet
  facet normal -0 0 -1
    outer loop
      vertex 32.9999 26.5665 3
      vertex 32.5935 25.2268 3
      vertex 32.7048 26.6404 3
    endloop
  endfacet
  facet normal 0 0 -1
    outer loop
      vertex 32.4317 25.2673 3
      vertex 32.7048 26.6404 3
      vertex 32.5935 25.2268 3
    endloop
  endfacet
  facet normal 0 0 -1
    outer loop
      vertex 32.4317 25.2673 3
      vertex 32.4039 26.6851 3
      vertex 32.7048 26.6404 3
    endloop
  endfacet
  facet normal 0 0 -1
    outer loop
      vertex 32.2666 25.2918 3
      vertex 32.4039 26.6851 3
      vertex 32.4317 25.2673 3
    endloop
  endfacet
  facet normal 0 0 -1
    outer loop
      vertex 32.1 25.3 3
      vertex 32.4039 26.6851 3
      vertex 32.2666 25.2918 3
    endloop
  endfacet
  facet normal 0 0 -1
    outer loop
      vertex 32.1 25.3 3
      vertex 32.1 26.7 3
      vertex 32.4039 26.6851 3
    endloop
  endfacet
  facet normal 0 0 -1
    outer loop
      vertex 31.9334 25.2918 3
      vertex 32.1 26.7 3
      vertex 32.1 25.3 3
    endloop
  endfacet
  facet normal 0 0 -1
    outer loop
      vertex 31.9334 25.2918 3
      vertex 31.7961 26.6851 3
      vertex 32.1 26.7 3
    endloop
  endfacet
  facet normal 0 0 -1
    outer loop
      vertex 31.7683 25.2673 3
      vertex 31.7961 26.6851 3
      vertex 31.9334 25.2918 3
    endloop
  endfacet
  facet normal 0 0 -1
    outer loop
      vertex 31.4952 26.6404 3
      vertex 31.7683 25.2673 3
      vertex 31.6065 25.2268 3
    endloop
  endfacet
  facet normal 0 0 -1
    outer loop
      vertex 31.7683 25.2673 3
      vertex 31.4952 26.6404 3
      vertex 31.7961 26.6851 3
    endloop
  endfacet
  facet normal 0 0 -1
    outer loop
      vertex 31.2001 26.5665 3
      vertex 31.6065 25.2268 3
      vertex 31.4494 25.1706 3
    endloop
  endfacet
  facet normal 0 0 -1
    outer loop
      vertex 30.9137 26.464 3
      vertex 31.4494 25.1706 3
      vertex 31.2986 25.0993 3
    endloop
  endfacet
  facet normal 0 0 -1
    outer loop
      vertex 31.6065 25.2268 3
      vertex 31.2001 26.5665 3
      vertex 31.4952 26.6404 3
    endloop
  endfacet
  facet normal 0 0 -1
    outer loop
      vertex 30.6387 26.334 3
      vertex 31.2986 25.0993 3
      vertex 31.1555 25.0135 3
    endloop
  endfacet
  facet normal 0 0 -1
    outer loop
      vertex 30.3777 26.1776 3
      vertex 31.1555 25.0135 3
      vertex 31.0215 24.9141 3
    endloop
  endfacet
  facet normal 0 0 -1
    outer loop
      vertex 31.4494 25.1706 3
      vertex 30.9137 26.464 3
      vertex 31.2001 26.5665 3
    endloop
  endfacet
  facet normal 0 0 -1
    outer loop
      vertex 30.1334 25.9963 3
      vertex 31.0215 24.9141 3
      vertex 30.8979 24.8021 3
    endloop
  endfacet
  facet normal 0 0 -1
    outer loop
      vertex 29.908 25.792 3
      vertex 30.8979 24.8021 3
      vertex 30.7859 24.6785 3
    endloop
  endfacet
  facet normal 0 0 -1
    outer loop
      vertex 29.7037 25.5666 3
      vertex 30.7859 24.6785 3
      vertex 30.6865 24.5445 3
    endloop
  endfacet
  facet normal 0 0 -1
    outer loop
      vertex 31.2986 25.0993 3
      vertex 30.6387 26.334 3
      vertex 30.9137 26.464 3
    endloop
  endfacet
  facet normal 0 0 -1
    outer loop
      vertex 29.5224 25.3223 3
      vertex 30.6865 24.5445 3
      vertex 30.6007 24.4014 3
    endloop
  endfacet
  facet normal 0 0 -1
    outer loop
      vertex 29.366 25.0613 3
      vertex 30.6007 24.4014 3
      vertex 30.5294 24.2506 3
    endloop
  endfacet
  facet normal 0 0 -1
    outer loop
      vertex 29.236 24.7863 3
      vertex 30.5294 24.2506 3
      vertex 30.4732 24.0935 3
    endloop
  endfacet
  facet normal 0 0 -1
    outer loop
      vertex 29.1335 24.4999 3
      vertex 30.4732 24.0935 3
      vertex 30.4327 23.9317 3
    endloop
  endfacet
  facet normal 0 0 -1
    outer loop
      vertex 29.0596 24.2048 3
      vertex 30.4327 23.9317 3
      vertex 30.4082 23.7666 3
    endloop
  endfacet
  facet normal 0 0 -1
    outer loop
      vertex 31.1555 25.0135 3
      vertex 30.3777 26.1776 3
      vertex 30.6387 26.334 3
    endloop
  endfacet
  facet normal 0 0 -1
    outer loop
      vertex 29.0149 23.9039 3
      vertex 30.4082 23.7666 3
      vertex 30.4 23.6 3
    endloop
  endfacet
  facet normal -0 0 -1
    outer loop
      vertex 30.6007 22.7986 3
      vertex 29.366 22.1387 3
      vertex 30.5294 22.9494 3
    endloop
  endfacet
  facet normal 0 0 -1
    outer loop
      vertex 29.236 22.4137 3
      vertex 30.5294 22.9494 3
      vertex 29.366 22.1387 3
    endloop
  endfacet
  facet normal 0 0 -1
    outer loop
      vertex 31.0215 24.9141 3
      vertex 30.1334 25.9963 3
      vertex 30.3777 26.1776 3
    endloop
  endfacet
  facet normal -0 0 -1
    outer loop
      vertex 30.5294 22.9494 3
      vertex 29.236 22.4137 3
      vertex 30.4732 23.1065 3
    endloop
  endfacet
  facet normal 0 0 -1
    outer loop
      vertex 30.8979 24.8021 3
      vertex 29.908 25.792 3
      vertex 30.1334 25.9963 3
    endloop
  endfacet
  facet normal 0 0 -1
    outer loop
      vertex 29.1335 22.7001 3
      vertex 30.4732 23.1065 3
      vertex 29.236 22.4137 3
    endloop
  endfacet
  facet normal 0 0 -1
    outer loop
      vertex 30.7859 24.6785 3
      vertex 29.7037 25.5666 3
      vertex 29.908 25.792 3
    endloop
  endfacet
  facet normal -0 0 -1
    outer loop
      vertex 30.4732 23.1065 3
      vertex 29.1335 22.7001 3
      vertex 30.4327 23.2683 3
    endloop
  endfacet
  facet normal 0 0 -1
    outer loop
      vertex 30.6865 24.5445 3
      vertex 29.5224 25.3223 3
      vertex 29.7037 25.5666 3
    endloop
  endfacet
  facet normal 0 0 -1
    outer loop
      vertex 29.0596 22.9952 3
      vertex 30.4327 23.2683 3
      vertex 29.1335 22.7001 3
    endloop
  endfacet
  facet normal 0 0 -1
    outer loop
      vertex 30.6007 24.4014 3
      vertex 29.366 25.0613 3
      vertex 29.5224 25.3223 3
    endloop
  endfacet
  facet normal -0 0 -1
    outer loop
      vertex 30.4327 23.2683 3
      vertex 29.0596 22.9952 3
      vertex 30.4082 23.4334 3
    endloop
  endfacet
  facet normal 0 0 -1
    outer loop
      vertex 30.5294 24.2506 3
      vertex 29.236 24.7863 3
      vertex 29.366 25.0613 3
    endloop
  endfacet
  facet normal 0 0 -1
    outer loop
      vertex 29.0149 23.2961 3
      vertex 30.4082 23.4334 3
      vertex 29.0596 22.9952 3
    endloop
  endfacet
  facet normal 0 0 -1
    outer loop
      vertex 30.4732 24.0935 3
      vertex 29.1335 24.4999 3
      vertex 29.236 24.7863 3
    endloop
  endfacet
  facet normal -0 0 -1
    outer loop
      vertex 30.4082 23.4334 3
      vertex 29.0149 23.2961 3
      vertex 30.4 23.6 3
    endloop
  endfacet
  facet normal 0 0 -1
    outer loop
      vertex 30.4327 23.9317 3
      vertex 29.0596 24.2048 3
      vertex 29.1335 24.4999 3
    endloop
  endfacet
  facet normal 0 0 -1
    outer loop
      vertex 29 23.6 3
      vertex 30.4 23.6 3
      vertex 29.0149 23.2961 3
    endloop
  endfacet
  facet normal 0 0 -1
    outer loop
      vertex 30.4082 23.7666 3
      vertex 29.0149 23.9039 3
      vertex 29.0596 24.2048 3
    endloop
  endfacet
  facet normal 0 0 -1
    outer loop
      vertex 30.4 23.6 3
      vertex 29 23.6 3
      vertex 29.0149 23.9039 3
    endloop
  endfacet
  facet normal -0.595943 -0.803027 0
    outer loop
      vertex 33.8223 26.1776 0
      vertex 34.0666 25.9963 3
      vertex 33.8223 26.1776 3
    endloop
  endfacet
  facet normal -0.595943 -0.803027 -0
    outer loop
      vertex 34.0666 25.9963 3
      vertex 33.8223 26.1776 0
      vertex 34.0666 25.9963 0
    endloop
  endfacet
  facet normal 0.514012 0.857783 -0
    outer loop
      vertex 30.6387 20.866 0
      vertex 30.3777 21.0224 3
      vertex 30.6387 20.866 3
    endloop
  endfacet
  facet normal 0.514012 0.857783 0
    outer loop
      vertex 30.3777 21.0224 3
      vertex 30.6387 20.866 0
      vertex 30.3777 21.0224 0
    endloop
  endfacet
  facet normal -0.514012 -0.857783 0
    outer loop
      vertex 33.5613 26.334 0
      vertex 33.8223 26.1776 3
      vertex 33.5613 26.334 3
    endloop
  endfacet
  facet normal -0.514012 -0.857783 -0
    outer loop
      vertex 33.8223 26.1776 3
      vertex 33.5613 26.334 0
      vertex 33.8223 26.1776 0
    endloop
  endfacet
  facet normal -0.146942 0.989145 0
    outer loop
      vertex 32.7048 20.5596 0
      vertex 32.4039 20.5149 3
      vertex 32.7048 20.5596 3
    endloop
  endfacet
  facet normal -0.146942 0.989145 0
    outer loop
      vertex 32.4039 20.5149 3
      vertex 32.7048 20.5596 0
      vertex 32.4039 20.5149 0
    endloop
  endfacet
  facet normal -0.941519 -0.336961 0
    outer loop
      vertex 35.0665 24.4999 0
      vertex 34.964 24.7863 3
      vertex 34.964 24.7863 0
    endloop
  endfacet
  facet normal -0.941519 -0.336961 0
    outer loop
      vertex 34.964 24.7863 3
      vertex 35.0665 24.4999 0
      vertex 35.0665 24.4999 3
    endloop
  endfacet
  facet normal -0.857783 0.514012 0
    outer loop
      vertex 34.6776 21.8777 0
      vertex 34.834 22.1387 3
      vertex 34.834 22.1387 0
    endloop
  endfacet
  facet normal -0.857783 0.514012 0
    outer loop
      vertex 34.834 22.1387 3
      vertex 34.6776 21.8777 0
      vertex 34.6776 21.8777 3
    endloop
  endfacet
  facet normal 0.9988 0.0489705 0
    outer loop
      vertex 29.0149 23.2961 3
      vertex 29 23.6 0
      vertex 29 23.6 3
    endloop
  endfacet
  facet normal 0.9988 0.0489705 0
    outer loop
      vertex 29 23.6 0
      vertex 29.0149 23.2961 3
      vertex 29.0149 23.2961 0
    endloop
  endfacet
  facet normal -0.941519 0.336961 0
    outer loop
      vertex 34.964 22.4137 0
      vertex 35.0665 22.7001 3
      vertex 35.0665 22.7001 0
    endloop
  endfacet
  facet normal -0.941519 0.336961 0
    outer loop
      vertex 35.0665 22.7001 3
      vertex 34.964 22.4137 0
      vertex 34.964 22.4137 3
    endloop
  endfacet
  facet normal 0.146942 -0.989145 0
    outer loop
      vertex 31.4952 26.6404 0
      vertex 31.7961 26.6851 3
      vertex 31.4952 26.6404 3
    endloop
  endfacet
  facet normal 0.146942 -0.989145 0
    outer loop
      vertex 31.7961 26.6851 3
      vertex 31.4952 26.6404 0
      vertex 31.7961 26.6851 0
    endloop
  endfacet
  facet normal -0.740936 -0.671576 0
    outer loop
      vertex 34.4963 25.5666 0
      vertex 34.292 25.792 3
      vertex 34.292 25.792 0
    endloop
  endfacet
  facet normal -0.740936 -0.671576 0
    outer loop
      vertex 34.292 25.792 3
      vertex 34.4963 25.5666 0
      vertex 34.4963 25.5666 3
    endloop
  endfacet
  facet normal -0.0489705 -0.9988 0
    outer loop
      vertex 32.1 26.7 0
      vertex 32.4039 26.6851 3
      vertex 32.1 26.7 3
    endloop
  endfacet
  facet normal -0.0489705 -0.9988 -0
    outer loop
      vertex 32.4039 26.6851 3
      vertex 32.1 26.7 0
      vertex 32.4039 26.6851 0
    endloop
  endfacet
  facet normal -0.904072 -0.42738 0
    outer loop
      vertex 34.964 24.7863 0
      vertex 34.834 25.0613 3
      vertex 34.834 25.0613 0
    endloop
  endfacet
  facet normal -0.904072 -0.42738 0
    outer loop
      vertex 34.834 25.0613 3
      vertex 34.964 24.7863 0
      vertex 34.964 24.7863 3
    endloop
  endfacet
  facet normal 0.146942 0.989145 -0
    outer loop
      vertex 31.7961 20.5149 0
      vertex 31.4952 20.5596 3
      vertex 31.7961 20.5149 3
    endloop
  endfacet
  facet normal 0.146942 0.989145 0
    outer loop
      vertex 31.4952 20.5596 3
      vertex 31.7961 20.5149 0
      vertex 31.4952 20.5596 0
    endloop
  endfacet
  facet normal -0.671576 0.740936 0
    outer loop
      vertex 34.292 21.408 0
      vertex 34.0666 21.2037 3
      vertex 34.292 21.408 3
    endloop
  endfacet
  facet normal -0.671576 0.740936 0
    outer loop
      vertex 34.0666 21.2037 3
      vertex 34.292 21.408 0
      vertex 34.0666 21.2037 0
    endloop
  endfacet
  facet normal 0.0489705 0.9988 -0
    outer loop
      vertex 32.1 20.5 0
      vertex 31.7961 20.5149 3
      vertex 32.1 20.5 3
    endloop
  endfacet
  facet normal 0.0489705 0.9988 0
    outer loop
      vertex 31.7961 20.5149 3
      vertex 32.1 20.5 0
      vertex 31.7961 20.5149 0
    endloop
  endfacet
  facet normal 0.740936 -0.671576 0
    outer loop
      vertex 29.7037 25.5666 3
      vertex 29.908 25.792 0
      vertex 29.908 25.792 3
    endloop
  endfacet
  facet normal 0.740936 -0.671576 0
    outer loop
      vertex 29.908 25.792 0
      vertex 29.7037 25.5666 3
      vertex 29.7037 25.5666 0
    endloop
  endfacet
  facet normal -0.671576 -0.740936 0
    outer loop
      vertex 34.0666 25.9963 0
      vertex 34.292 25.792 3
      vertex 34.0666 25.9963 3
    endloop
  endfacet
  facet normal -0.671576 -0.740936 -0
    outer loop
      vertex 34.292 25.792 3
      vertex 34.0666 25.9963 0
      vertex 34.292 25.792 0
    endloop
  endfacet
  facet normal 0.904072 -0.42738 0
    outer loop
      vertex 29.236 24.7863 3
      vertex 29.366 25.0613 0
      vertex 29.366 25.0613 3
    endloop
  endfacet
  facet normal 0.904072 -0.42738 0
    outer loop
      vertex 29.366 25.0613 0
      vertex 29.236 24.7863 3
      vertex 29.236 24.7863 0
    endloop
  endfacet
  facet normal 0.671576 0.740936 -0
    outer loop
      vertex 30.1334 21.2037 0
      vertex 29.908 21.408 3
      vertex 30.1334 21.2037 3
    endloop
  endfacet
  facet normal 0.671576 0.740936 0
    outer loop
      vertex 29.908 21.408 3
      vertex 30.1334 21.2037 0
      vertex 29.908 21.408 0
    endloop
  endfacet
  facet normal 0.970046 -0.242922 0
    outer loop
      vertex 29.0596 24.2048 3
      vertex 29.1335 24.4999 0
      vertex 29.1335 24.4999 3
    endloop
  endfacet
  facet normal 0.970046 -0.242922 0
    outer loop
      vertex 29.1335 24.4999 0
      vertex 29.0596 24.2048 3
      vertex 29.0596 24.2048 0
    endloop
  endfacet
  facet normal -0.242922 -0.970046 0
    outer loop
      vertex 32.7048 26.6404 0
      vertex 32.9999 26.5665 3
      vertex 32.7048 26.6404 3
    endloop
  endfacet
  facet normal -0.242922 -0.970046 -0
    outer loop
      vertex 32.9999 26.5665 3
      vertex 32.7048 26.6404 0
      vertex 32.9999 26.5665 0
    endloop
  endfacet
  facet normal 0.970046 0.242922 0
    outer loop
      vertex 29.1335 22.7001 3
      vertex 29.0596 22.9952 0
      vertex 29.0596 22.9952 3
    endloop
  endfacet
  facet normal 0.970046 0.242922 0
    outer loop
      vertex 29.0596 22.9952 0
      vertex 29.1335 22.7001 3
      vertex 29.1335 22.7001 0
    endloop
  endfacet
  facet normal 0.42738 0.904072 -0
    outer loop
      vertex 30.9137 20.736 0
      vertex 30.6387 20.866 3
      vertex 30.9137 20.736 3
    endloop
  endfacet
  facet normal 0.42738 0.904072 0
    outer loop
      vertex 30.6387 20.866 3
      vertex 30.9137 20.736 0
      vertex 30.6387 20.866 0
    endloop
  endfacet
  facet normal 0.740936 0.671576 0
    outer loop
      vertex 29.908 21.408 3
      vertex 29.7037 21.6334 0
      vertex 29.7037 21.6334 3
    endloop
  endfacet
  facet normal 0.740936 0.671576 0
    outer loop
      vertex 29.7037 21.6334 0
      vertex 29.908 21.408 3
      vertex 29.908 21.408 0
    endloop
  endfacet
  facet normal -0.42738 0.904072 0
    outer loop
      vertex 33.5613 20.866 0
      vertex 33.2863 20.736 3
      vertex 33.5613 20.866 3
    endloop
  endfacet
  facet normal -0.42738 0.904072 0
    outer loop
      vertex 33.2863 20.736 3
      vertex 33.5613 20.866 0
      vertex 33.2863 20.736 0
    endloop
  endfacet
  facet normal -0.0489705 0.9988 0
    outer loop
      vertex 32.4039 20.5149 0
      vertex 32.1 20.5 3
      vertex 32.4039 20.5149 3
    endloop
  endfacet
  facet normal -0.0489705 0.9988 0
    outer loop
      vertex 32.1 20.5 3
      vertex 32.4039 20.5149 0
      vertex 32.1 20.5 0
    endloop
  endfacet
  facet normal 0.989145 0.146942 0
    outer loop
      vertex 29.0596 22.9952 3
      vertex 29.0149 23.2961 0
      vertex 29.0149 23.2961 3
    endloop
  endfacet
  facet normal 0.989145 0.146942 0
    outer loop
      vertex 29.0149 23.2961 0
      vertex 29.0596 22.9952 3
      vertex 29.0596 22.9952 0
    endloop
  endfacet
  facet normal -0.595943 0.803027 0
    outer loop
      vertex 34.0666 21.2037 0
      vertex 33.8223 21.0224 3
      vertex 34.0666 21.2037 3
    endloop
  endfacet
  facet normal -0.595943 0.803027 0
    outer loop
      vertex 33.8223 21.0224 3
      vertex 34.0666 21.2037 0
      vertex 33.8223 21.0224 0
    endloop
  endfacet
  facet normal 0.803027 0.595943 0
    outer loop
      vertex 29.7037 21.6334 3
      vertex 29.5224 21.8777 0
      vertex 29.5224 21.8777 3
    endloop
  endfacet
  facet normal 0.803027 0.595943 0
    outer loop
      vertex 29.5224 21.8777 0
      vertex 29.7037 21.6334 3
      vertex 29.7037 21.6334 0
    endloop
  endfacet
  facet normal 0.9988 -0.0489705 0
    outer loop
      vertex 29 23.6 3
      vertex 29.0149 23.9039 0
      vertex 29.0149 23.9039 3
    endloop
  endfacet
  facet normal 0.9988 -0.0489705 0
    outer loop
      vertex 29.0149 23.9039 0
      vertex 29 23.6 3
      vertex 29 23.6 0
    endloop
  endfacet
  facet normal -0.740936 0.671576 0
    outer loop
      vertex 34.292 21.408 0
      vertex 34.4963 21.6334 3
      vertex 34.4963 21.6334 0
    endloop
  endfacet
  facet normal -0.740936 0.671576 0
    outer loop
      vertex 34.4963 21.6334 3
      vertex 34.292 21.408 0
      vertex 34.292 21.408 3
    endloop
  endfacet
  facet normal -0.989168 -0.146788 0
    outer loop
      vertex 33.7918 23.7666 3
      vertex 33.7673 23.9317 8.6
      vertex 33.7673 23.9317 3
    endloop
  endfacet
  facet normal -0.989168 -0.146788 0
    outer loop
      vertex 33.7673 23.9317 8.6
      vertex 33.7918 23.7666 3
      vertex 33.7918 23.7666 8.6
    endloop
  endfacet
  facet normal -0.998791 -0.0491602 0
    outer loop
      vertex 33.8 23.6 3
      vertex 33.7918 23.7666 8.6
      vertex 33.7918 23.7666 3
    endloop
  endfacet
  facet normal -0.998791 -0.0491602 0
    outer loop
      vertex 33.7918 23.7666 8.6
      vertex 33.8 23.6 3
      vertex 33.8 23.6 8.6
    endloop
  endfacet
  facet normal -0.970072 -0.242818 0
    outer loop
      vertex 33.7673 23.9317 3
      vertex 33.7268 24.0935 8.6
      vertex 33.7268 24.0935 3
    endloop
  endfacet
  facet normal -0.970072 -0.242818 0
    outer loop
      vertex 33.7268 24.0935 8.6
      vertex 33.7673 23.9317 3
      vertex 33.7673 23.9317 8.6
    endloop
  endfacet
  facet normal 0.998791 0.0491602 0
    outer loop
      vertex 30.4082 23.4334 8.6
      vertex 30.4 23.6 3
      vertex 30.4 23.6 8.6
    endloop
  endfacet
  facet normal 0.998791 0.0491602 0
    outer loop
      vertex 30.4 23.6 3
      vertex 30.4082 23.4334 8.6
      vertex 30.4082 23.4334 3
    endloop
  endfacet
  facet normal 0.857652 -0.514231 0
    outer loop
      vertex 30.6007 24.4014 8.6
      vertex 30.6865 24.5445 3
      vertex 30.6865 24.5445 8.6
    endloop
  endfacet
  facet normal 0.857652 -0.514231 0
    outer loop
      vertex 30.6865 24.5445 3
      vertex 30.6007 24.4014 8.6
      vertex 30.6007 24.4014 3
    endloop
  endfacet
  facet normal 0.989168 0.146788 0
    outer loop
      vertex 30.4327 23.2683 8.6
      vertex 30.4082 23.4334 3
      vertex 30.4082 23.4334 8.6
    endloop
  endfacet
  facet normal 0.989168 0.146788 0
    outer loop
      vertex 30.4082 23.4334 3
      vertex 30.4327 23.2683 8.6
      vertex 30.4327 23.2683 3
    endloop
  endfacet
  facet normal 0.33683 0.941566 -0
    outer loop
      vertex 31.6065 21.9732 3
      vertex 31.4494 22.0294 8.6
      vertex 31.6065 21.9732 8.6
    endloop
  endfacet
  facet normal 0.33683 0.941566 0
    outer loop
      vertex 31.4494 22.0294 8.6
      vertex 31.6065 21.9732 3
      vertex 31.4494 22.0294 3
    endloop
  endfacet
  facet normal -0.741024 -0.671478 0
    outer loop
      vertex 33.4141 24.6785 3
      vertex 33.3021 24.8021 8.6
      vertex 33.3021 24.8021 3
    endloop
  endfacet
  facet normal -0.741024 -0.671478 0
    outer loop
      vertex 33.3021 24.8021 8.6
      vertex 33.4141 24.6785 3
      vertex 33.4141 24.6785 8.6
    endloop
  endfacet
  facet normal 0.941566 -0.33683 0
    outer loop
      vertex 30.4732 24.0935 8.6
      vertex 30.5294 24.2506 3
      vertex 30.5294 24.2506 8.6
    endloop
  endfacet
  facet normal 0.941566 -0.33683 0
    outer loop
      vertex 30.5294 24.2506 3
      vertex 30.4732 24.0935 8.6
      vertex 30.4732 24.0935 3
    endloop
  endfacet
  facet normal -0.146788 0.989168 0
    outer loop
      vertex 32.4317 21.9327 3
      vertex 32.2666 21.9082 8.6
      vertex 32.4317 21.9327 8.6
    endloop
  endfacet
  facet normal -0.146788 0.989168 0
    outer loop
      vertex 32.2666 21.9082 8.6
      vertex 32.4317 21.9327 3
      vertex 32.2666 21.9082 3
    endloop
  endfacet
  facet normal -0.0491602 -0.998791 0
    outer loop
      vertex 32.1 25.3 3
      vertex 32.2666 25.2918 8.6
      vertex 32.1 25.3 8.6
    endloop
  endfacet
  facet normal -0.0491602 -0.998791 -0
    outer loop
      vertex 32.2666 25.2918 8.6
      vertex 32.1 25.3 3
      vertex 32.2666 25.2918 3
    endloop
  endfacet
  facet normal -0.33683 0.941566 0
    outer loop
      vertex 32.7506 22.0294 3
      vertex 32.5935 21.9732 8.6
      vertex 32.7506 22.0294 8.6
    endloop
  endfacet
  facet normal -0.33683 0.941566 0
    outer loop
      vertex 32.5935 21.9732 8.6
      vertex 32.7506 22.0294 3
      vertex 32.5935 21.9732 3
    endloop
  endfacet
  facet normal 0.242818 -0.970072 0
    outer loop
      vertex 31.6065 25.2268 3
      vertex 31.7683 25.2673 8.6
      vertex 31.6065 25.2268 8.6
    endloop
  endfacet
  facet normal 0.242818 -0.970072 0
    outer loop
      vertex 31.7683 25.2673 8.6
      vertex 31.6065 25.2268 3
      vertex 31.7683 25.2673 3
    endloop
  endfacet
  facet normal -0.998791 0.0491602 0
    outer loop
      vertex 33.7918 23.4334 3
      vertex 33.8 23.6 8.6
      vertex 33.8 23.6 3
    endloop
  endfacet
  facet normal -0.998791 0.0491602 0
    outer loop
      vertex 33.8 23.6 8.6
      vertex 33.7918 23.4334 3
      vertex 33.7918 23.4334 8.6
    endloop
  endfacet
  facet normal -0.33683 -0.941566 0
    outer loop
      vertex 32.5935 25.2268 3
      vertex 32.7506 25.1706 8.6
      vertex 32.5935 25.2268 8.6
    endloop
  endfacet
  facet normal -0.33683 -0.941566 -0
    outer loop
      vertex 32.7506 25.1706 8.6
      vertex 32.5935 25.2268 3
      vertex 32.7506 25.1706 3
    endloop
  endfacet
  facet normal -0.741024 0.671478 0
    outer loop
      vertex 33.3021 22.3979 3
      vertex 33.4141 22.5215 8.6
      vertex 33.4141 22.5215 3
    endloop
  endfacet
  facet normal -0.741024 0.671478 0
    outer loop
      vertex 33.4141 22.5215 8.6
      vertex 33.3021 22.3979 3
      vertex 33.3021 22.3979 8.6
    endloop
  endfacet
  facet normal 0.595772 0.803154 -0
    outer loop
      vertex 31.1555 22.1865 3
      vertex 31.0215 22.2859 8.6
      vertex 31.1555 22.1865 8.6
    endloop
  endfacet
  facet normal 0.595772 0.803154 0
    outer loop
      vertex 31.0215 22.2859 8.6
      vertex 31.1555 22.1865 3
      vertex 31.0215 22.2859 3
    endloop
  endfacet
  facet normal -0.904043 -0.427442 0
    outer loop
      vertex 33.6706 24.2506 3
      vertex 33.5993 24.4014 8.6
      vertex 33.5993 24.4014 3
    endloop
  endfacet
  facet normal -0.904043 -0.427442 0
    outer loop
      vertex 33.5993 24.4014 8.6
      vertex 33.6706 24.2506 3
      vertex 33.6706 24.2506 8.6
    endloop
  endfacet
  facet normal -0.514231 0.857652 0
    outer loop
      vertex 33.0445 22.1865 3
      vertex 32.9014 22.1007 8.6
      vertex 33.0445 22.1865 8.6
    endloop
  endfacet
  facet normal -0.514231 0.857652 0
    outer loop
      vertex 32.9014 22.1007 8.6
      vertex 33.0445 22.1865 3
      vertex 32.9014 22.1007 3
    endloop
  endfacet
  facet normal 0.514231 0.857652 -0
    outer loop
      vertex 31.2986 22.1007 3
      vertex 31.1555 22.1865 8.6
      vertex 31.2986 22.1007 8.6
    endloop
  endfacet
  facet normal 0.514231 0.857652 0
    outer loop
      vertex 31.1555 22.1865 8.6
      vertex 31.2986 22.1007 3
      vertex 31.1555 22.1865 3
    endloop
  endfacet
  facet normal 0.941566 0.33683 0
    outer loop
      vertex 30.5294 22.9494 8.6
      vertex 30.4732 23.1065 3
      vertex 30.4732 23.1065 8.6
    endloop
  endfacet
  facet normal 0.941566 0.33683 0
    outer loop
      vertex 30.4732 23.1065 3
      vertex 30.5294 22.9494 8.6
      vertex 30.5294 22.9494 3
    endloop
  endfacet
  facet normal 0.671478 0.741024 -0
    outer loop
      vertex 31.0215 22.2859 3
      vertex 30.8979 22.3979 8.6
      vertex 31.0215 22.2859 8.6
    endloop
  endfacet
  facet normal 0.671478 0.741024 0
    outer loop
      vertex 30.8979 22.3979 8.6
      vertex 31.0215 22.2859 3
      vertex 30.8979 22.3979 3
    endloop
  endfacet
  facet normal -0.941566 -0.33683 0
    outer loop
      vertex 33.7268 24.0935 3
      vertex 33.6706 24.2506 8.6
      vertex 33.6706 24.2506 3
    endloop
  endfacet
  facet normal -0.941566 -0.33683 0
    outer loop
      vertex 33.6706 24.2506 8.6
      vertex 33.7268 24.0935 3
      vertex 33.7268 24.0935 8.6
    endloop
  endfacet
  facet normal 0.514231 -0.857652 0
    outer loop
      vertex 31.1555 25.0135 3
      vertex 31.2986 25.0993 8.6
      vertex 31.1555 25.0135 8.6
    endloop
  endfacet
  facet normal 0.514231 -0.857652 0
    outer loop
      vertex 31.2986 25.0993 8.6
      vertex 31.1555 25.0135 3
      vertex 31.2986 25.0993 3
    endloop
  endfacet
  facet normal 0.741024 -0.671478 0
    outer loop
      vertex 30.7859 24.6785 8.6
      vertex 30.8979 24.8021 3
      vertex 30.8979 24.8021 8.6
    endloop
  endfacet
  facet normal 0.741024 -0.671478 0
    outer loop
      vertex 30.8979 24.8021 3
      vertex 30.7859 24.6785 8.6
      vertex 30.7859 24.6785 3
    endloop
  endfacet
  facet normal -0.242818 0.970072 0
    outer loop
      vertex 32.5935 21.9732 3
      vertex 32.4317 21.9327 8.6
      vertex 32.5935 21.9732 8.6
    endloop
  endfacet
  facet normal -0.242818 0.970072 0
    outer loop
      vertex 32.4317 21.9327 8.6
      vertex 32.5935 21.9732 3
      vertex 32.4317 21.9327 3
    endloop
  endfacet
  facet normal 0.0491602 -0.998791 0
    outer loop
      vertex 31.9334 25.2918 3
      vertex 32.1 25.3 8.6
      vertex 31.9334 25.2918 8.6
    endloop
  endfacet
  facet normal 0.0491602 -0.998791 0
    outer loop
      vertex 32.1 25.3 8.6
      vertex 31.9334 25.2918 3
      vertex 32.1 25.3 3
    endloop
  endfacet
  facet normal -0.514231 -0.857652 0
    outer loop
      vertex 32.9014 25.0993 3
      vertex 33.0445 25.0135 8.6
      vertex 32.9014 25.0993 8.6
    endloop
  endfacet
  facet normal -0.514231 -0.857652 -0
    outer loop
      vertex 33.0445 25.0135 8.6
      vertex 32.9014 25.0993 3
      vertex 33.0445 25.0135 3
    endloop
  endfacet
  facet normal 0.146788 -0.989168 0
    outer loop
      vertex 31.7683 25.2673 3
      vertex 31.9334 25.2918 8.6
      vertex 31.7683 25.2673 8.6
    endloop
  endfacet
  facet normal 0.146788 -0.989168 0
    outer loop
      vertex 31.9334 25.2918 8.6
      vertex 31.7683 25.2673 3
      vertex 31.9334 25.2918 3
    endloop
  endfacet
  facet normal -0.595772 -0.803154 0
    outer loop
      vertex 33.0445 25.0135 3
      vertex 33.1785 24.9141 8.6
      vertex 33.0445 25.0135 8.6
    endloop
  endfacet
  facet normal -0.595772 -0.803154 -0
    outer loop
      vertex 33.1785 24.9141 8.6
      vertex 33.0445 25.0135 3
      vertex 33.1785 24.9141 3
    endloop
  endfacet
  facet normal 0.904043 0.427442 0
    outer loop
      vertex 30.6007 22.7986 8.6
      vertex 30.5294 22.9494 3
      vertex 30.5294 22.9494 8.6
    endloop
  endfacet
  facet normal 0.904043 0.427442 0
    outer loop
      vertex 30.5294 22.9494 3
      vertex 30.6007 22.7986 8.6
      vertex 30.6007 22.7986 3
    endloop
  endfacet
  facet normal 0.33683 -0.941566 0
    outer loop
      vertex 31.4494 25.1706 3
      vertex 31.6065 25.2268 8.6
      vertex 31.4494 25.1706 8.6
    endloop
  endfacet
  facet normal 0.33683 -0.941566 0
    outer loop
      vertex 31.6065 25.2268 8.6
      vertex 31.4494 25.1706 3
      vertex 31.6065 25.2268 3
    endloop
  endfacet
  facet normal -0.242818 -0.970072 0
    outer loop
      vertex 32.4317 25.2673 3
      vertex 32.5935 25.2268 8.6
      vertex 32.4317 25.2673 8.6
    endloop
  endfacet
  facet normal -0.242818 -0.970072 -0
    outer loop
      vertex 32.5935 25.2268 8.6
      vertex 32.4317 25.2673 3
      vertex 32.5935 25.2268 3
    endloop
  endfacet
  facet normal 0.427442 0.904043 -0
    outer loop
      vertex 31.4494 22.0294 3
      vertex 31.2986 22.1007 8.6
      vertex 31.4494 22.0294 8.6
    endloop
  endfacet
  facet normal 0.427442 0.904043 0
    outer loop
      vertex 31.2986 22.1007 8.6
      vertex 31.4494 22.0294 3
      vertex 31.2986 22.1007 3
    endloop
  endfacet
  facet normal -0.803154 -0.595772 0
    outer loop
      vertex 33.5135 24.5445 3
      vertex 33.4141 24.6785 8.6
      vertex 33.4141 24.6785 3
    endloop
  endfacet
  facet normal -0.803154 -0.595772 0
    outer loop
      vertex 33.4141 24.6785 8.6
      vertex 33.5135 24.5445 3
      vertex 33.5135 24.5445 8.6
    endloop
  endfacet
  facet normal -0.427442 0.904043 0
    outer loop
      vertex 32.9014 22.1007 3
      vertex 32.7506 22.0294 8.6
      vertex 32.9014 22.1007 8.6
    endloop
  endfacet
  facet normal -0.427442 0.904043 0
    outer loop
      vertex 32.7506 22.0294 8.6
      vertex 32.9014 22.1007 3
      vertex 32.7506 22.0294 3
    endloop
  endfacet
  facet normal -0.941566 0.33683 0
    outer loop
      vertex 33.6706 22.9494 3
      vertex 33.7268 23.1065 8.6
      vertex 33.7268 23.1065 3
    endloop
  endfacet
  facet normal -0.941566 0.33683 0
    outer loop
      vertex 33.7268 23.1065 8.6
      vertex 33.6706 22.9494 3
      vertex 33.6706 22.9494 8.6
    endloop
  endfacet
  facet normal -0.970072 0.242818 0
    outer loop
      vertex 33.7268 23.1065 3
      vertex 33.7673 23.2683 8.6
      vertex 33.7673 23.2683 3
    endloop
  endfacet
  facet normal -0.970072 0.242818 0
    outer loop
      vertex 33.7673 23.2683 8.6
      vertex 33.7268 23.1065 3
      vertex 33.7268 23.1065 8.6
    endloop
  endfacet
  facet normal 0.427442 -0.904043 0
    outer loop
      vertex 31.2986 25.0993 3
      vertex 31.4494 25.1706 8.6
      vertex 31.2986 25.0993 8.6
    endloop
  endfacet
  facet normal 0.427442 -0.904043 0
    outer loop
      vertex 31.4494 25.1706 8.6
      vertex 31.2986 25.0993 3
      vertex 31.4494 25.1706 3
    endloop
  endfacet
  facet normal 0.595772 -0.803154 0
    outer loop
      vertex 31.0215 24.9141 3
      vertex 31.1555 25.0135 8.6
      vertex 31.0215 24.9141 8.6
    endloop
  endfacet
  facet normal 0.595772 -0.803154 0
    outer loop
      vertex 31.1555 25.0135 8.6
      vertex 31.0215 24.9141 3
      vertex 31.1555 25.0135 3
    endloop
  endfacet
  facet normal -0.0491602 0.998791 0
    outer loop
      vertex 32.2666 21.9082 3
      vertex 32.1 21.9 8.6
      vertex 32.2666 21.9082 8.6
    endloop
  endfacet
  facet normal -0.0491602 0.998791 0
    outer loop
      vertex 32.1 21.9 8.6
      vertex 32.2666 21.9082 3
      vertex 32.1 21.9 3
    endloop
  endfacet
  facet normal -0.803154 0.595772 0
    outer loop
      vertex 33.4141 22.5215 3
      vertex 33.5135 22.6555 8.6
      vertex 33.5135 22.6555 3
    endloop
  endfacet
  facet normal -0.803154 0.595772 0
    outer loop
      vertex 33.5135 22.6555 8.6
      vertex 33.4141 22.5215 3
      vertex 33.4141 22.5215 8.6
    endloop
  endfacet
  facet normal -0.427442 -0.904043 0
    outer loop
      vertex 32.7506 25.1706 3
      vertex 32.9014 25.0993 8.6
      vertex 32.7506 25.1706 8.6
    endloop
  endfacet
  facet normal -0.427442 -0.904043 -0
    outer loop
      vertex 32.9014 25.0993 8.6
      vertex 32.7506 25.1706 3
      vertex 32.9014 25.0993 3
    endloop
  endfacet
  facet normal -0.671478 -0.741024 0
    outer loop
      vertex 33.1785 24.9141 3
      vertex 33.3021 24.8021 8.6
      vertex 33.1785 24.9141 8.6
    endloop
  endfacet
  facet normal -0.671478 -0.741024 -0
    outer loop
      vertex 33.3021 24.8021 8.6
      vertex 33.1785 24.9141 3
      vertex 33.3021 24.8021 3
    endloop
  endfacet
  facet normal -0.989168 0.146788 0
    outer loop
      vertex 33.7673 23.2683 3
      vertex 33.7918 23.4334 8.6
      vertex 33.7918 23.4334 3
    endloop
  endfacet
  facet normal -0.989168 0.146788 0
    outer loop
      vertex 33.7918 23.4334 8.6
      vertex 33.7673 23.2683 3
      vertex 33.7673 23.2683 8.6
    endloop
  endfacet
  facet normal 0.146788 0.989168 -0
    outer loop
      vertex 31.9334 21.9082 3
      vertex 31.7683 21.9327 8.6
      vertex 31.9334 21.9082 8.6
    endloop
  endfacet
  facet normal 0.146788 0.989168 0
    outer loop
      vertex 31.7683 21.9327 8.6
      vertex 31.9334 21.9082 3
      vertex 31.7683 21.9327 3
    endloop
  endfacet
  facet normal -0.857652 -0.514231 0
    outer loop
      vertex 33.5993 24.4014 3
      vertex 33.5135 24.5445 8.6
      vertex 33.5135 24.5445 3
    endloop
  endfacet
  facet normal -0.857652 -0.514231 0
    outer loop
      vertex 33.5135 24.5445 8.6
      vertex 33.5993 24.4014 3
      vertex 33.5993 24.4014 8.6
    endloop
  endfacet
  facet normal 0.242818 0.970072 -0
    outer loop
      vertex 31.7683 21.9327 3
      vertex 31.6065 21.9732 8.6
      vertex 31.7683 21.9327 8.6
    endloop
  endfacet
  facet normal 0.242818 0.970072 0
    outer loop
      vertex 31.6065 21.9732 8.6
      vertex 31.7683 21.9327 3
      vertex 31.6065 21.9732 3
    endloop
  endfacet
  facet normal 0.671478 -0.741024 0
    outer loop
      vertex 30.8979 24.8021 3
      vertex 31.0215 24.9141 8.6
      vertex 30.8979 24.8021 8.6
    endloop
  endfacet
  facet normal 0.671478 -0.741024 0
    outer loop
      vertex 31.0215 24.9141 8.6
      vertex 30.8979 24.8021 3
      vertex 31.0215 24.9141 3
    endloop
  endfacet
  facet normal 0.0491602 0.998791 -0
    outer loop
      vertex 32.1 21.9 3
      vertex 31.9334 21.9082 8.6
      vertex 32.1 21.9 8.6
    endloop
  endfacet
  facet normal 0.0491602 0.998791 0
    outer loop
      vertex 31.9334 21.9082 8.6
      vertex 32.1 21.9 3
      vertex 31.9334 21.9082 3
    endloop
  endfacet
  facet normal -0.595772 0.803154 0
    outer loop
      vertex 33.1785 22.2859 3
      vertex 33.0445 22.1865 8.6
      vertex 33.1785 22.2859 8.6
    endloop
  endfacet
  facet normal -0.595772 0.803154 0
    outer loop
      vertex 33.0445 22.1865 8.6
      vertex 33.1785 22.2859 3
      vertex 33.0445 22.1865 3
    endloop
  endfacet
  facet normal 0.803154 0.595772 0
    outer loop
      vertex 30.7859 22.5215 8.6
      vertex 30.6865 22.6555 3
      vertex 30.6865 22.6555 8.6
    endloop
  endfacet
  facet normal 0.803154 0.595772 0
    outer loop
      vertex 30.6865 22.6555 3
      vertex 30.7859 22.5215 8.6
      vertex 30.7859 22.5215 3
    endloop
  endfacet
  facet normal 0.970072 -0.242818 0
    outer loop
      vertex 30.4327 23.9317 8.6
      vertex 30.4732 24.0935 3
      vertex 30.4732 24.0935 8.6
    endloop
  endfacet
  facet normal 0.970072 -0.242818 0
    outer loop
      vertex 30.4732 24.0935 3
      vertex 30.4327 23.9317 8.6
      vertex 30.4327 23.9317 3
    endloop
  endfacet
  facet normal 0.970072 0.242818 0
    outer loop
      vertex 30.4732 23.1065 8.6
      vertex 30.4327 23.2683 3
      vertex 30.4327 23.2683 8.6
    endloop
  endfacet
  facet normal 0.970072 0.242818 0
    outer loop
      vertex 30.4327 23.2683 3
      vertex 30.4732 23.1065 8.6
      vertex 30.4732 23.1065 3
    endloop
  endfacet
  facet normal -0.146788 -0.989168 0
    outer loop
      vertex 32.2666 25.2918 3
      vertex 32.4317 25.2673 8.6
      vertex 32.2666 25.2918 8.6
    endloop
  endfacet
  facet normal -0.146788 -0.989168 -0
    outer loop
      vertex 32.4317 25.2673 8.6
      vertex 32.2666 25.2918 3
      vertex 32.4317 25.2673 3
    endloop
  endfacet
  facet normal 0.741024 0.671478 0
    outer loop
      vertex 30.8979 22.3979 8.6
      vertex 30.7859 22.5215 3
      vertex 30.7859 22.5215 8.6
    endloop
  endfacet
  facet normal 0.741024 0.671478 0
    outer loop
      vertex 30.7859 22.5215 3
      vertex 30.8979 22.3979 8.6
      vertex 30.8979 22.3979 3
    endloop
  endfacet
  facet normal -0.857652 0.514231 0
    outer loop
      vertex 33.5135 22.6555 3
      vertex 33.5993 22.7986 8.6
      vertex 33.5993 22.7986 3
    endloop
  endfacet
  facet normal -0.857652 0.514231 0
    outer loop
      vertex 33.5993 22.7986 8.6
      vertex 33.5135 22.6555 3
      vertex 33.5135 22.6555 8.6
    endloop
  endfacet
  facet normal -0.904043 0.427442 0
    outer loop
      vertex 33.5993 22.7986 3
      vertex 33.6706 22.9494 8.6
      vertex 33.6706 22.9494 3
    endloop
  endfacet
  facet normal -0.904043 0.427442 0
    outer loop
      vertex 33.6706 22.9494 8.6
      vertex 33.5993 22.7986 3
      vertex 33.5993 22.7986 8.6
    endloop
  endfacet
  facet normal 0.803154 -0.595772 0
    outer loop
      vertex 30.6865 24.5445 8.6
      vertex 30.7859 24.6785 3
      vertex 30.7859 24.6785 8.6
    endloop
  endfacet
  facet normal 0.803154 -0.595772 0
    outer loop
      vertex 30.7859 24.6785 3
      vertex 30.6865 24.5445 8.6
      vertex 30.6865 24.5445 3
    endloop
  endfacet
  facet normal 0.904043 -0.427442 0
    outer loop
      vertex 30.5294 24.2506 8.6
      vertex 30.6007 24.4014 3
      vertex 30.6007 24.4014 8.6
    endloop
  endfacet
  facet normal 0.904043 -0.427442 0
    outer loop
      vertex 30.6007 24.4014 3
      vertex 30.5294 24.2506 8.6
      vertex 30.5294 24.2506 3
    endloop
  endfacet
  facet normal 0.989168 -0.146788 0
    outer loop
      vertex 30.4082 23.7666 8.6
      vertex 30.4327 23.9317 3
      vertex 30.4327 23.9317 8.6
    endloop
  endfacet
  facet normal 0.989168 -0.146788 0
    outer loop
      vertex 30.4327 23.9317 3
      vertex 30.4082 23.7666 8.6
      vertex 30.4082 23.7666 3
    endloop
  endfacet
  facet normal 0.998791 -0.0491602 0
    outer loop
      vertex 30.4 23.6 8.6
      vertex 30.4082 23.7666 3
      vertex 30.4082 23.7666 8.6
    endloop
  endfacet
  facet normal 0.998791 -0.0491602 0
    outer loop
      vertex 30.4082 23.7666 3
      vertex 30.4 23.6 8.6
      vertex 30.4 23.6 3
    endloop
  endfacet
  facet normal 0.857652 0.514231 0
    outer loop
      vertex 30.6865 22.6555 8.6
      vertex 30.6007 22.7986 3
      vertex 30.6007 22.7986 8.6
    endloop
  endfacet
  facet normal 0.857652 0.514231 0
    outer loop
      vertex 30.6007 22.7986 3
      vertex 30.6865 22.6555 8.6
      vertex 30.6865 22.6555 3
    endloop
  endfacet
  facet normal -0.671478 0.741024 0
    outer loop
      vertex 33.3021 22.3979 3
      vertex 33.1785 22.2859 8.6
      vertex 33.3021 22.3979 8.6
    endloop
  endfacet
  facet normal -0.671478 0.741024 0
    outer loop
      vertex 33.1785 22.2859 8.6
      vertex 33.3021 22.3979 3
      vertex 33.1785 22.2859 3
    endloop
  endfacet
  facet normal -1 0 0
    outer loop
      vertex 19.9 0 9.8
      vertex 19.9 1.6 16.1
      vertex 19.9 1.6 9.8
    endloop
  endfacet
  facet normal -1 -0 0
    outer loop
      vertex 19.9 1.6 16.1
      vertex 19.9 0 9.8
      vertex 19.9 0 16.1
    endloop
  endfacet
  facet normal -0 0 1
    outer loop
      vertex 10.3 1.6 9.8
      vertex 19.9 0 9.8
      vertex 19.9 1.6 9.8
    endloop
  endfacet
  facet normal 0 0 1
    outer loop
      vertex 19.9 0 9.8
      vertex 10.3 1.6 9.8
      vertex 10.3 0 9.8
    endloop
  endfacet
  facet normal 1 -0 0
    outer loop
      vertex 10.3 0 16.1
      vertex 10.3 1.6 9.8
      vertex 10.3 1.6 16.1
    endloop
  endfacet
  facet normal 1 0 0
    outer loop
      vertex 10.3 1.6 9.8
      vertex 10.3 0 16.1
      vertex 10.3 0 9.8
    endloop
  endfacet
endsolid OpenSCAD_Model
