solid OpenSCAD_Model
  facet normal -1 0 0
    outer loop
      vertex 1.7 1.7 2.4
      vertex 1.7 40.5 7.3
      vertex 1.7 40.5 2.4
    endloop
  endfacet
  facet normal -1 -0 0
    outer loop
      vertex 1.7 40.5 7.3
      vertex 1.7 1.7 2.4
      vertex 1.7 1.7 7.3
    endloop
  endfacet
  facet normal 0 0 1
    outer loop
      vertex 55.5 40.5 7.3
      vertex 55.15 40.15 7.3
      vertex 55.5 1.7 7.3
    endloop
  endfacet
  facet normal 0 0 1
    outer loop
      vertex 55.5 40.5 7.3
      vertex 2.05 40.15 7.3
      vertex 55.15 40.15 7.3
    endloop
  endfacet
  facet normal 0 0 1
    outer loop
      vertex 2.05 40.15 7.3
      vertex 1.7 40.5 7.3
      vertex 2.05 2.05 7.3
    endloop
  endfacet
  facet normal -0 0 1
    outer loop
      vertex 1.7 40.5 7.3
      vertex 2.05 40.15 7.3
      vertex 55.5 40.5 7.3
    endloop
  endfacet
  facet normal -0 0 1
    outer loop
      vertex 55.15 2.05 7.3
      vertex 55.5 1.7 7.3
      vertex 55.15 40.15 7.3
    endloop
  endfacet
  facet normal 0 0 1
    outer loop
      vertex 46.9 1.7 7.3
      vertex 55.15 2.05 7.3
      vertex 46.9 2.05 7.3
    endloop
  endfacet
  facet normal 0 0 1
    outer loop
      vertex 55.15 2.05 7.3
      vertex 46.9 1.7 7.3
      vertex 55.5 1.7 7.3
    endloop
  endfacet
  facet normal -0 0 1
    outer loop
      vertex 2.05 2.05 7.3
      vertex 37.3 1.7 7.3
      vertex 37.3 2.05 7.3
    endloop
  endfacet
  facet normal 0 0 1
    outer loop
      vertex 2.05 2.05 7.3
      vertex 1.7 1.7 7.3
      vertex 37.3 1.7 7.3
    endloop
  endfacet
  facet normal 0 0 1
    outer loop
      vertex 1.7 1.7 7.3
      vertex 2.05 2.05 7.3
      vertex 1.7 40.5 7.3
    endloop
  endfacet
  facet normal 1 -0 0
    outer loop
      vertex 55.5 1.7 7.3
      vertex 55.5 40.5 2.4
      vertex 55.5 40.5 7.3
    endloop
  endfacet
  facet normal 1 0 0
    outer loop
      vertex 55.5 40.5 2.4
      vertex 55.5 1.7 7.3
      vertex 55.5 1.7 2.4
    endloop
  endfacet
  facet normal 0 1 -0
    outer loop
      vertex 55.5 40.5 2.4
      vertex 1.7 40.5 7.3
      vertex 55.5 40.5 7.3
    endloop
  endfacet
  facet normal 0 1 0
    outer loop
      vertex 1.7 40.5 7.3
      vertex 55.5 40.5 2.4
      vertex 1.7 40.5 2.4
    endloop
  endfacet
  facet normal 0 -1 0
    outer loop
      vertex 1.7 1.7 7.3
      vertex 37.3 1.7 4.9
      vertex 37.3 1.7 7.3
    endloop
  endfacet
  facet normal 0 -1 0
    outer loop
      vertex 55.5 1.7 2.4
      vertex 37.3 1.7 4.9
      vertex 1.7 1.7 2.4
    endloop
  endfacet
  facet normal 0 -1 0
    outer loop
      vertex 1.7 1.7 2.4
      vertex 37.3 1.7 4.9
      vertex 1.7 1.7 7.3
    endloop
  endfacet
  facet normal 0 -1 0
    outer loop
      vertex 46.9 1.7 4.9
      vertex 55.5 1.7 7.3
      vertex 46.9 1.7 7.3
    endloop
  endfacet
  facet normal 0 -1 0
    outer loop
      vertex 46.9 1.7 4.9
      vertex 55.5 1.7 2.4
      vertex 55.5 1.7 7.3
    endloop
  endfacet
  facet normal 0 -1 0
    outer loop
      vertex 37.3 1.7 4.9
      vertex 55.5 1.7 2.4
      vertex 46.9 1.7 4.9
    endloop
  endfacet
  facet normal 1 -0 0
    outer loop
      vertex 3.3 3.3 7.29
      vertex 3.3 38.9 2.4
      vertex 3.3 38.9 7.29
    endloop
  endfacet
  facet normal 1 0 0
    outer loop
      vertex 3.3 38.9 2.4
      vertex 3.3 3.3 7.29
      vertex 3.3 3.3 2.4
    endloop
  endfacet
  facet normal -1 0 0
    outer loop
      vertex 53.9 3.3 2.4
      vertex 53.9 38.9 7.29
      vertex 53.9 38.9 2.4
    endloop
  endfacet
  facet normal -1 -0 0
    outer loop
      vertex 53.9 38.9 7.29
      vertex 53.9 3.3 2.4
      vertex 53.9 3.3 7.29
    endloop
  endfacet
  facet normal 0 -1 0
    outer loop
      vertex 3.3 38.9 2.4
      vertex 53.9 38.9 7.29
      vertex 3.3 38.9 7.29
    endloop
  endfacet
  facet normal 0 -1 -0
    outer loop
      vertex 53.9 38.9 7.29
      vertex 3.3 38.9 2.4
      vertex 53.9 38.9 2.4
    endloop
  endfacet
  facet normal 0 1 -0
    outer loop
      vertex 51.2 3.3 2.40001
      vertex 50.5 3.3 5.20001
      vertex 51.2 3.3 5.20001
    endloop
  endfacet
  facet normal 0 1 0
    outer loop
      vertex 46.9 3.3 4.9
      vertex 49.1 3.3 2.41
      vertex 37.3 3.3 4.9
    endloop
  endfacet
  facet normal 0 1 0
    outer loop
      vertex 50.5 3.3 5.20001
      vertex 49.1 3.3 2.41
      vertex 46.9 3.3 4.9
    endloop
  endfacet
  facet normal 0 1 0
    outer loop
      vertex 50.5 3.3 5.20001
      vertex 51.2 3.3 2.40001
      vertex 49.1 3.3 2.41
    endloop
  endfacet
  facet normal 0 1 0
    outer loop
      vertex 51.2 3.3 2.40001
      vertex 49.1 3.3 2.4
      vertex 49.1 3.3 2.41
    endloop
  endfacet
  facet normal 0 1 0
    outer loop
      vertex 49.1 3.3 2.4
      vertex 51.2 3.3 2.40001
      vertex 53.9 3.3 2.4
    endloop
  endfacet
  facet normal 0 1 0
    outer loop
      vertex 51.2 3.3 6.60001
      vertex 53.9 3.3 7.29
      vertex 52.8 3.3 6.60001
    endloop
  endfacet
  facet normal 0 1 -0
    outer loop
      vertex 53.9 3.3 2.4
      vertex 52.8 3.3 6.60001
      vertex 53.9 3.3 7.29
    endloop
  endfacet
  facet normal 0 1 0
    outer loop
      vertex 52.8 3.3 2.40001
      vertex 53.9 3.3 2.4
      vertex 51.2 3.3 2.40001
    endloop
  endfacet
  facet normal 0 1 0
    outer loop
      vertex 52.8 3.3 6.60001
      vertex 53.9 3.3 2.4
      vertex 52.8 3.3 2.40001
    endloop
  endfacet
  facet normal 0 1 0
    outer loop
      vertex 53.9 3.3 7.29
      vertex 51.2 3.3 6.60001
      vertex 46.9 3.3 7.29
    endloop
  endfacet
  facet normal 0 1 -0
    outer loop
      vertex 50.5 3.3 5.20001
      vertex 46.9 3.3 7.29
      vertex 51.2 3.3 6.60001
    endloop
  endfacet
  facet normal 0 1 0
    outer loop
      vertex 46.9 3.3 7.29
      vertex 50.5 3.3 5.20001
      vertex 46.9 3.3 4.9
    endloop
  endfacet
  facet normal 0 1 0
    outer loop
      vertex 31.4 3.3 6.60001
      vertex 37.3 3.3 7.29
      vertex 33 3.3 6.60001
    endloop
  endfacet
  facet normal 0 1 0
    outer loop
      vertex 37.3 3.3 7.29
      vertex 33.7 3.3 5.20001
      vertex 33 3.3 6.60001
    endloop
  endfacet
  facet normal 0 1 -0
    outer loop
      vertex 37.3 3.3 4.9
      vertex 33.7 3.3 5.20001
      vertex 37.3 3.3 7.29
    endloop
  endfacet
  facet normal 0 1 -0
    outer loop
      vertex 35.1 3.3 2.41
      vertex 33.7 3.3 5.20001
      vertex 37.3 3.3 4.9
    endloop
  endfacet
  facet normal 0 1 0
    outer loop
      vertex 35.1 3.3 2.41
      vertex 37.3 3.3 4.9
      vertex 49.1 3.3 2.41
    endloop
  endfacet
  facet normal 0 1 0
    outer loop
      vertex 33 3.3 2.40001
      vertex 33.7 3.3 5.20001
      vertex 35.1 3.3 2.41
    endloop
  endfacet
  facet normal 0 1 0
    outer loop
      vertex 33.7 3.3 5.20001
      vertex 33 3.3 2.40001
      vertex 33 3.3 5.20001
    endloop
  endfacet
  facet normal 0 1 0
    outer loop
      vertex 33 3.3 2.40001
      vertex 35.1 3.3 2.4
      vertex 31.4 3.3 2.40001
    endloop
  endfacet
  facet normal 0 1 -0
    outer loop
      vertex 35.1 3.3 2.4
      vertex 33 3.3 2.40001
      vertex 35.1 3.3 2.41
    endloop
  endfacet
  facet normal 0 1 0
    outer loop
      vertex 37.3 3.3 7.29
      vertex 31.4 3.3 6.60001
      vertex 3.3 3.3 7.29
    endloop
  endfacet
  facet normal 0 1 0
    outer loop
      vertex 3.3 3.3 2.4
      vertex 31.4 3.3 6.60001
      vertex 31.4 3.3 2.40001
    endloop
  endfacet
  facet normal 0 1 0
    outer loop
      vertex 31.4 3.3 6.60001
      vertex 3.3 3.3 2.4
      vertex 3.3 3.3 7.29
    endloop
  endfacet
  facet normal 0 1 0
    outer loop
      vertex 3.3 3.3 2.4
      vertex 31.4 3.3 2.40001
      vertex 35.1 3.3 2.4
    endloop
  endfacet
  facet normal -1 0 0
    outer loop
      vertex 2.05 2.05 7.3
      vertex 2.05 40.15 7.9
      vertex 2.05 40.15 7.3
    endloop
  endfacet
  facet normal -1 -0 0
    outer loop
      vertex 2.05 40.15 7.9
      vertex 2.05 2.05 7.3
      vertex 2.05 2.05 7.9
    endloop
  endfacet
  facet normal 0 0 1
    outer loop
      vertex 55.15 40.15 7.9
      vertex 53.9 38.9 7.9
      vertex 55.15 2.05 7.9
    endloop
  endfacet
  facet normal 0 0 1
    outer loop
      vertex 55.15 40.15 7.9
      vertex 3.3 38.9 7.9
      vertex 53.9 38.9 7.9
    endloop
  endfacet
  facet normal 0 0 1
    outer loop
      vertex 3.3 38.9 7.9
      vertex 2.05 40.15 7.9
      vertex 3.3 3.3 7.9
    endloop
  endfacet
  facet normal -0 0 1
    outer loop
      vertex 2.05 40.15 7.9
      vertex 3.3 38.9 7.9
      vertex 55.15 40.15 7.9
    endloop
  endfacet
  facet normal -0 0 1
    outer loop
      vertex 53.9 3.3 7.9
      vertex 55.15 2.05 7.9
      vertex 53.9 38.9 7.9
    endloop
  endfacet
  facet normal 0 0 1
    outer loop
      vertex 46.9 2.05 7.9
      vertex 53.9 3.3 7.9
      vertex 46.9 3.3 7.9
    endloop
  endfacet
  facet normal 0 0 1
    outer loop
      vertex 53.9 3.3 7.9
      vertex 46.9 2.05 7.9
      vertex 55.15 2.05 7.9
    endloop
  endfacet
  facet normal -0 0 1
    outer loop
      vertex 3.3 3.3 7.9
      vertex 37.3 2.05 7.9
      vertex 37.3 3.3 7.9
    endloop
  endfacet
  facet normal 0 0 1
    outer loop
      vertex 3.3 3.3 7.9
      vertex 2.05 2.05 7.9
      vertex 37.3 2.05 7.9
    endloop
  endfacet
  facet normal 0 0 1
    outer loop
      vertex 2.05 2.05 7.9
      vertex 3.3 3.3 7.9
      vertex 2.05 40.15 7.9
    endloop
  endfacet
  facet normal 1 -0 0
    outer loop
      vertex 55.15 2.05 7.9
      vertex 55.15 40.15 7.3
      vertex 55.15 40.15 7.9
    endloop
  endfacet
  facet normal 1 0 0
    outer loop
      vertex 55.15 40.15 7.3
      vertex 55.15 2.05 7.9
      vertex 55.15 2.05 7.3
    endloop
  endfacet
  facet normal 0 1 -0
    outer loop
      vertex 55.15 40.15 7.3
      vertex 2.05 40.15 7.9
      vertex 55.15 40.15 7.9
    endloop
  endfacet
  facet normal 0 1 0
    outer loop
      vertex 2.05 40.15 7.9
      vertex 55.15 40.15 7.3
      vertex 2.05 40.15 7.3
    endloop
  endfacet
  facet normal 0 -1 0
    outer loop
      vertex 2.05 2.05 7.3
      vertex 37.3 2.05 7.9
      vertex 2.05 2.05 7.9
    endloop
  endfacet
  facet normal 0 -1 -0
    outer loop
      vertex 37.3 2.05 7.9
      vertex 2.05 2.05 7.3
      vertex 37.3 2.05 7.3
    endloop
  endfacet
  facet normal 0 -1 0
    outer loop
      vertex 46.9 2.05 7.3
      vertex 55.15 2.05 7.9
      vertex 46.9 2.05 7.9
    endloop
  endfacet
  facet normal 0 -1 -0
    outer loop
      vertex 55.15 2.05 7.9
      vertex 46.9 2.05 7.3
      vertex 55.15 2.05 7.3
    endloop
  endfacet
  facet normal 1 -0 0
    outer loop
      vertex 3.3 3.3 7.9
      vertex 3.3 38.9 7.29
      vertex 3.3 38.9 7.9
    endloop
  endfacet
  facet normal 1 0 0
    outer loop
      vertex 3.3 38.9 7.29
      vertex 3.3 3.3 7.9
      vertex 3.3 3.3 7.29
    endloop
  endfacet
  facet normal -1 0 0
    outer loop
      vertex 53.9 3.3 7.29
      vertex 53.9 38.9 7.9
      vertex 53.9 38.9 7.29
    endloop
  endfacet
  facet normal -1 -0 0
    outer loop
      vertex 53.9 38.9 7.9
      vertex 53.9 3.3 7.29
      vertex 53.9 3.3 7.9
    endloop
  endfacet
  facet normal 0 -1 0
    outer loop
      vertex 3.3 38.9 7.29
      vertex 53.9 38.9 7.9
      vertex 3.3 38.9 7.9
    endloop
  endfacet
  facet normal 0 -1 -0
    outer loop
      vertex 53.9 38.9 7.9
      vertex 3.3 38.9 7.29
      vertex 53.9 38.9 7.29
    endloop
  endfacet
  facet normal 0 1 -0
    outer loop
      vertex 53.9 3.3 7.29
      vertex 46.9 3.3 7.9
      vertex 53.9 3.3 7.9
    endloop
  endfacet
  facet normal 0 1 0
    outer loop
      vertex 46.9 3.3 7.9
      vertex 53.9 3.3 7.29
      vertex 46.9 3.3 7.29
    endloop
  endfacet
  facet normal 0 1 -0
    outer loop
      vertex 37.3 3.3 7.29
      vertex 3.3 3.3 7.9
      vertex 37.3 3.3 7.9
    endloop
  endfacet
  facet normal 0 1 0
    outer loop
      vertex 3.3 3.3 7.9
      vertex 37.3 3.3 7.29
      vertex 3.3 3.3 7.29
    endloop
  endfacet
  facet normal -0.989175 0.146741 0
    outer loop
      vertex 29.0048 8.09802 2.4
      vertex 29.0192 8.19509 4.9
      vertex 29.0192 8.19509 2.4
    endloop
  endfacet
  facet normal -0.989175 0.146741 0
    outer loop
      vertex 29.0192 8.19509 4.9
      vertex 29.0048 8.09802 2.4
      vertex 29.0048 8.09802 4.9
    endloop
  endfacet
  facet normal -0.998803 0.048911 0
    outer loop
      vertex 29 8 2.4
      vertex 29.0048 8.09802 4.9
      vertex 29.0048 8.09802 2.4
    endloop
  endfacet
  facet normal -0.998803 0.048911 0
    outer loop
      vertex 29.0048 8.09802 4.9
      vertex 29 8 2.4
      vertex 29 8 4.9
    endloop
  endfacet
  facet normal -0.969896 0.243518 0
    outer loop
      vertex 29.0192 8.19509 2.4
      vertex 29.0431 8.29028 4.9
      vertex 29.0431 8.29028 2.4
    endloop
  endfacet
  facet normal -0.969896 0.243518 0
    outer loop
      vertex 29.0431 8.29028 4.9
      vertex 29.0192 8.19509 2.4
      vertex 29.0192 8.19509 4.9
    endloop
  endfacet
  facet normal 0.242919 0.970047 -0
    outer loop
      vertex 30.2903 8.95694 2.4
      vertex 30.1951 8.98078 4.9
      vertex 30.2903 8.95694 4.9
    endloop
  endfacet
  facet normal 0.242919 0.970047 0
    outer loop
      vertex 30.1951 8.98078 4.9
      vertex 30.2903 8.95694 2.4
      vertex 30.1951 8.98078 2.4
    endloop
  endfacet
  facet normal 0.903837 -0.427876 0
    outer loop
      vertex 30.8819 7.5286 4.9
      vertex 30.9239 7.61732 2.4
      vertex 30.9239 7.61732 4.9
    endloop
  endfacet
  facet normal 0.903837 -0.427876 0
    outer loop
      vertex 30.9239 7.61732 2.4
      vertex 30.8819 7.5286 4.9
      vertex 30.8819 7.5286 2.4
    endloop
  endfacet
  facet normal -0.513971 0.857807 0
    outer loop
      vertex 29.5286 8.88192 2.4
      vertex 29.4444 8.83147 4.9
      vertex 29.5286 8.88192 4.9
    endloop
  endfacet
  facet normal -0.513971 0.857807 0
    outer loop
      vertex 29.4444 8.83147 4.9
      vertex 29.5286 8.88192 2.4
      vertex 29.4444 8.83147 2.4
    endloop
  endfacet
  facet normal -0.513971 -0.857807 0
    outer loop
      vertex 29.4444 7.16853 2.4
      vertex 29.5286 7.11808 4.9
      vertex 29.4444 7.16853 4.9
    endloop
  endfacet
  facet normal -0.513971 -0.857807 -0
    outer loop
      vertex 29.5286 7.11808 4.9
      vertex 29.4444 7.16853 2.4
      vertex 29.5286 7.11808 2.4
    endloop
  endfacet
  facet normal 0 0 1
    outer loop
      vertex 55.5 40.5 2.4
      vertex 57.2 40.2 2.4
      vertex 57.1904 40.396 2.4
    endloop
  endfacet
  facet normal 0 0 1
    outer loop
      vertex 57.2 40.2 2.4
      vertex 55.5 40.5 2.4
      vertex 57.2 2 2.4
    endloop
  endfacet
  facet normal -0 0 1
    outer loop
      vertex 55.5 40.5 2.4
      vertex 57.1904 40.396 2.4
      vertex 57.1616 40.5902 2.4
    endloop
  endfacet
  facet normal 0 0 1
    outer loop
      vertex 55.5 1.7 2.4
      vertex 57.2 2 2.4
      vertex 55.5 40.5 2.4
    endloop
  endfacet
  facet normal 0 0 1
    outer loop
      vertex 55.5 40.5 2.4
      vertex 57.1616 40.5902 2.4
      vertex 57.1139 40.7806 2.4
    endloop
  endfacet
  facet normal 0 0 1
    outer loop
      vertex 57.2 2 2.4
      vertex 55.5 1.7 2.4
      vertex 57.1904 1.80397 2.4
    endloop
  endfacet
  facet normal 0 0 1
    outer loop
      vertex 55.5 40.5 2.4
      vertex 57.1139 40.7806 2.4
      vertex 57.0478 40.9654 2.4
    endloop
  endfacet
  facet normal 0 0 1
    outer loop
      vertex 57.1904 1.80397 2.4
      vertex 55.5 1.7 2.4
      vertex 57.1616 1.60982 2.4
    endloop
  endfacet
  facet normal 0 0 1
    outer loop
      vertex 55.5 40.5 2.4
      vertex 57.0478 40.9654 2.4
      vertex 56.9638 41.1428 2.4
    endloop
  endfacet
  facet normal 0 0 1
    outer loop
      vertex 57.1616 1.60982 2.4
      vertex 55.5 1.7 2.4
      vertex 57.1139 1.41943 2.4
    endloop
  endfacet
  facet normal 0 0 1
    outer loop
      vertex 55.5 40.5 2.4
      vertex 56.9638 41.1428 2.4
      vertex 56.8629 41.3111 2.4
    endloop
  endfacet
  facet normal 0 0 1
    outer loop
      vertex 57.1139 1.41943 2.4
      vertex 55.5 1.7 2.4
      vertex 57.0478 1.23463 2.4
    endloop
  endfacet
  facet normal 0 0 1
    outer loop
      vertex 55.5 40.5 2.4
      vertex 56.8629 41.3111 2.4
      vertex 56.746 41.4688 2.4
    endloop
  endfacet
  facet normal 0 0 1
    outer loop
      vertex 57.0478 1.23463 2.4
      vertex 55.5 1.7 2.4
      vertex 56.9638 1.05721 2.4
    endloop
  endfacet
  facet normal 0 0 1
    outer loop
      vertex 55.5 40.5 2.4
      vertex 56.746 41.4688 2.4
      vertex 56.6142 41.6142 2.4
    endloop
  endfacet
  facet normal 0 0 1
    outer loop
      vertex 56.9638 1.05721 2.4
      vertex 55.5 1.7 2.4
      vertex 56.8629 0.888855 2.4
    endloop
  endfacet
  facet normal 0 0 1
    outer loop
      vertex 55.5 40.5 2.4
      vertex 56.6142 41.6142 2.4
      vertex 56.4688 41.746 2.4
    endloop
  endfacet
  facet normal 0 0 1
    outer loop
      vertex 56.8629 0.888855 2.4
      vertex 55.5 1.7 2.4
      vertex 56.746 0.731216 2.4
    endloop
  endfacet
  facet normal 0 0 1
    outer loop
      vertex 55.5 40.5 2.4
      vertex 56.4688 41.746 2.4
      vertex 56.3111 41.8629 2.4
    endloop
  endfacet
  facet normal 0 0 1
    outer loop
      vertex 56.746 0.731216 2.4
      vertex 55.5 1.7 2.4
      vertex 56.6142 0.585785 2.4
    endloop
  endfacet
  facet normal 0 0 1
    outer loop
      vertex 55.5 40.5 2.4
      vertex 56.3111 41.8629 2.4
      vertex 56.1428 41.9638 2.4
    endloop
  endfacet
  facet normal 0 0 1
    outer loop
      vertex 56.6142 0.585785 2.4
      vertex 55.5 1.7 2.4
      vertex 56.4688 0.453979 2.4
    endloop
  endfacet
  facet normal 0 0 1
    outer loop
      vertex 55.5 40.5 2.4
      vertex 56.1428 41.9638 2.4
      vertex 55.9654 42.0478 2.4
    endloop
  endfacet
  facet normal 0 0 1
    outer loop
      vertex 56.4688 0.453979 2.4
      vertex 55.5 1.7 2.4
      vertex 56.3111 0.337067 2.4
    endloop
  endfacet
  facet normal 0 0 1
    outer loop
      vertex 55.5 40.5 2.4
      vertex 55.9654 42.0478 2.4
      vertex 55.7806 42.1139 2.4
    endloop
  endfacet
  facet normal 0 0 1
    outer loop
      vertex 56.3111 0.337067 2.4
      vertex 55.5 1.7 2.4
      vertex 56.1428 0.23616 2.4
    endloop
  endfacet
  facet normal 0 0 1
    outer loop
      vertex 55.5 40.5 2.4
      vertex 55.7806 42.1139 2.4
      vertex 55.5902 42.1616 2.4
    endloop
  endfacet
  facet normal 0 0 1
    outer loop
      vertex 56.1428 0.23616 2.4
      vertex 55.5 1.7 2.4
      vertex 55.9654 0.152237 2.4
    endloop
  endfacet
  facet normal 0 0 1
    outer loop
      vertex 55.9654 0.152237 2.4
      vertex 55.5 1.7 2.4
      vertex 55.7806 0.0861206 2.4
    endloop
  endfacet
  facet normal 0 0 1
    outer loop
      vertex 55.396 42.1904 2.4
      vertex 55.5 40.5 2.4
      vertex 55.5902 42.1616 2.4
    endloop
  endfacet
  facet normal 0 0 1
    outer loop
      vertex 55.2 42.2 2.4
      vertex 55.5 40.5 2.4
      vertex 55.396 42.1904 2.4
    endloop
  endfacet
  facet normal -0 0 1
    outer loop
      vertex 2 42.2 2.4
      vertex 55.5 40.5 2.4
      vertex 55.2 42.2 2.4
    endloop
  endfacet
  facet normal 0 0 1
    outer loop
      vertex 1.7 40.5 2.4
      vertex 2 42.2 2.4
      vertex 1.80397 42.1904 2.4
    endloop
  endfacet
  facet normal 0 0 1
    outer loop
      vertex 2 42.2 2.4
      vertex 1.7 40.5 2.4
      vertex 55.5 40.5 2.4
    endloop
  endfacet
  facet normal -0 0 1
    outer loop
      vertex 1.41944 42.1139 2.4
      vertex 1.7 40.5 2.4
      vertex 1.60982 42.1616 2.4
    endloop
  endfacet
  facet normal -0 0 1
    outer loop
      vertex 1.60982 42.1616 2.4
      vertex 1.7 40.5 2.4
      vertex 1.80397 42.1904 2.4
    endloop
  endfacet
  facet normal 0 0 1
    outer loop
      vertex 55.7806 0.0861206 2.4
      vertex 55.5 1.7 2.4
      vertex 55.5902 0.0384369 2.4
    endloop
  endfacet
  facet normal 0 0 1
    outer loop
      vertex 55.5 1.7 2.4
      vertex 55.396 0.0096283 2.4
      vertex 55.5902 0.0384369 2.4
    endloop
  endfacet
  facet normal 0 0 1
    outer loop
      vertex 55.5 1.7 2.4
      vertex 55.2 0 2.4
      vertex 55.396 0.0096283 2.4
    endloop
  endfacet
  facet normal 0 0 1
    outer loop
      vertex 55.5 1.7 2.4
      vertex 2 0 2.4
      vertex 55.2 0 2.4
    endloop
  endfacet
  facet normal -0 0 1
    outer loop
      vertex 1.7 1.7 2.4
      vertex 2 0 2.4
      vertex 55.5 1.7 2.4
    endloop
  endfacet
  facet normal 0 0 1
    outer loop
      vertex 2 0 2.4
      vertex 1.7 1.7 2.4
      vertex 1.80397 0.0096283 2.4
    endloop
  endfacet
  facet normal 0 0 1
    outer loop
      vertex 1.7 1.7 2.4
      vertex 1.60982 0.0384369 2.4
      vertex 1.80397 0.0096283 2.4
    endloop
  endfacet
  facet normal 0 0 1
    outer loop
      vertex 1.7 40.5 2.4
      vertex 3.05176e-06 40.2 2.4
      vertex 1.7 1.7 2.4
    endloop
  endfacet
  facet normal -0 0 1
    outer loop
      vertex 1.23464 42.0478 2.4
      vertex 1.7 40.5 2.4
      vertex 1.41944 42.1139 2.4
    endloop
  endfacet
  facet normal -0 0 1
    outer loop
      vertex 3.05176e-06 2 2.4
      vertex 1.7 1.7 2.4
      vertex 3.05176e-06 40.2 2.4
    endloop
  endfacet
  facet normal -0 0 1
    outer loop
      vertex 1.05721 41.9638 2.4
      vertex 1.7 40.5 2.4
      vertex 1.23464 42.0478 2.4
    endloop
  endfacet
  facet normal -0 -0 1
    outer loop
      vertex 0.00963135 1.80397 2.4
      vertex 1.7 1.7 2.4
      vertex 3.05176e-06 2 2.4
    endloop
  endfacet
  facet normal -0 0 1
    outer loop
      vertex 0.888858 41.8629 2.4
      vertex 1.7 40.5 2.4
      vertex 1.05721 41.9638 2.4
    endloop
  endfacet
  facet normal 0 0 1
    outer loop
      vertex 1.7 1.7 2.4
      vertex 1.41944 0.0861206 2.4
      vertex 1.60982 0.0384369 2.4
    endloop
  endfacet
  facet normal -0 0 1
    outer loop
      vertex 0.731219 41.746 2.4
      vertex 1.7 40.5 2.4
      vertex 0.888858 41.8629 2.4
    endloop
  endfacet
  facet normal 0 0 1
    outer loop
      vertex 1.7 1.7 2.4
      vertex 1.23464 0.152237 2.4
      vertex 1.41944 0.0861206 2.4
    endloop
  endfacet
  facet normal -0 0 1
    outer loop
      vertex 0.585788 41.6142 2.4
      vertex 1.7 40.5 2.4
      vertex 0.731219 41.746 2.4
    endloop
  endfacet
  facet normal 0 0 1
    outer loop
      vertex 1.7 1.7 2.4
      vertex 1.05721 0.23616 2.4
      vertex 1.23464 0.152237 2.4
    endloop
  endfacet
  facet normal -0 0 1
    outer loop
      vertex 0.453983 41.4688 2.4
      vertex 1.7 40.5 2.4
      vertex 0.585788 41.6142 2.4
    endloop
  endfacet
  facet normal 0 0 1
    outer loop
      vertex 1.7 1.7 2.4
      vertex 0.888858 0.337067 2.4
      vertex 1.05721 0.23616 2.4
    endloop
  endfacet
  facet normal -0 0 1
    outer loop
      vertex 0.33707 41.3111 2.4
      vertex 1.7 40.5 2.4
      vertex 0.453983 41.4688 2.4
    endloop
  endfacet
  facet normal 0 0 1
    outer loop
      vertex 1.7 1.7 2.4
      vertex 0.731219 0.453979 2.4
      vertex 0.888858 0.337067 2.4
    endloop
  endfacet
  facet normal -0 0 1
    outer loop
      vertex 0.236163 41.1428 2.4
      vertex 1.7 40.5 2.4
      vertex 0.33707 41.3111 2.4
    endloop
  endfacet
  facet normal 0 0 1
    outer loop
      vertex 1.7 1.7 2.4
      vertex 0.585788 0.585785 2.4
      vertex 0.731219 0.453979 2.4
    endloop
  endfacet
  facet normal -0 0 1
    outer loop
      vertex 0.15224 40.9654 2.4
      vertex 1.7 40.5 2.4
      vertex 0.236163 41.1428 2.4
    endloop
  endfacet
  facet normal 0 0 1
    outer loop
      vertex 1.7 1.7 2.4
      vertex 0.453983 0.731216 2.4
      vertex 0.585788 0.585785 2.4
    endloop
  endfacet
  facet normal -0 0 1
    outer loop
      vertex 0.0861237 40.7806 2.4
      vertex 1.7 40.5 2.4
      vertex 0.15224 40.9654 2.4
    endloop
  endfacet
  facet normal 0 0 1
    outer loop
      vertex 1.7 1.7 2.4
      vertex 0.33707 0.888855 2.4
      vertex 0.453983 0.731216 2.4
    endloop
  endfacet
  facet normal -0 0 1
    outer loop
      vertex 0.0384399 40.5902 2.4
      vertex 1.7 40.5 2.4
      vertex 0.0861237 40.7806 2.4
    endloop
  endfacet
  facet normal 0 0 1
    outer loop
      vertex 1.7 1.7 2.4
      vertex 0.236163 1.05721 2.4
      vertex 0.33707 0.888855 2.4
    endloop
  endfacet
  facet normal 0 0 1
    outer loop
      vertex 0.00963135 40.396 2.4
      vertex 1.7 40.5 2.4
      vertex 0.0384399 40.5902 2.4
    endloop
  endfacet
  facet normal 0 0 1
    outer loop
      vertex 1.7 1.7 2.4
      vertex 0.15224 1.23463 2.4
      vertex 0.236163 1.05721 2.4
    endloop
  endfacet
  facet normal 0 0 1
    outer loop
      vertex 1.7 40.5 2.4
      vertex 0.00963135 40.396 2.4
      vertex 3.05176e-06 40.2 2.4
    endloop
  endfacet
  facet normal 0 0 1
    outer loop
      vertex 1.7 1.7 2.4
      vertex 0.0861237 1.41943 2.4
      vertex 0.15224 1.23463 2.4
    endloop
  endfacet
  facet normal 0 0 1
    outer loop
      vertex 1.7 1.7 2.4
      vertex 0.0384399 1.60982 2.4
      vertex 0.0861237 1.41943 2.4
    endloop
  endfacet
  facet normal 0 0 1
    outer loop
      vertex 1.7 1.7 2.4
      vertex 0.00963135 1.80397 2.4
      vertex 0.0384399 1.60982 2.4
    endloop
  endfacet
  facet normal 0 0 1
    outer loop
      vertex 30.9808 11.3049 2.4
      vertex 35.1 13.3 2.4
      vertex 30.9952 11.402 2.4
    endloop
  endfacet
  facet normal 0 0 1
    outer loop
      vertex 35.1 13.3 2.4
      vertex 30.9952 8.09802 2.4
      vertex 31 8 2.4
    endloop
  endfacet
  facet normal 0 0 1
    outer loop
      vertex 30.9569 11.2097 2.4
      vertex 35.1 13.3 2.4
      vertex 30.9808 11.3049 2.4
    endloop
  endfacet
  facet normal 0 0 1
    outer loop
      vertex 35.1 13.3 2.4
      vertex 30.9808 8.19509 2.4
      vertex 30.9952 8.09802 2.4
    endloop
  endfacet
  facet normal 0 0 1
    outer loop
      vertex 30.9239 11.1173 2.4
      vertex 35.1 13.3 2.4
      vertex 30.9569 11.2097 2.4
    endloop
  endfacet
  facet normal 0 0 1
    outer loop
      vertex 35.1 13.3 2.4
      vertex 30.9569 8.29028 2.4
      vertex 30.9808 8.19509 2.4
    endloop
  endfacet
  facet normal 0 0 1
    outer loop
      vertex 30.9239 8.38268 2.4
      vertex 35.1 13.3 2.4
      vertex 30.9239 11.1173 2.4
    endloop
  endfacet
  facet normal 0 0 1
    outer loop
      vertex 35.1 13.3 2.4
      vertex 30.9239 8.38268 2.4
      vertex 30.9569 8.29028 2.4
    endloop
  endfacet
  facet normal -0 0 1
    outer loop
      vertex 30.8819 11.0286 2.4
      vertex 30.9239 8.38268 2.4
      vertex 30.9239 11.1173 2.4
    endloop
  endfacet
  facet normal 0 0 1
    outer loop
      vertex 30.8819 11.0286 2.4
      vertex 30.8819 8.4714 2.4
      vertex 30.9239 8.38268 2.4
    endloop
  endfacet
  facet normal -0 0 1
    outer loop
      vertex 30.8315 10.9444 2.4
      vertex 30.8819 8.4714 2.4
      vertex 30.8819 11.0286 2.4
    endloop
  endfacet
  facet normal 0 0 1
    outer loop
      vertex 30.8315 10.9444 2.4
      vertex 30.8315 8.55557 2.4
      vertex 30.8819 8.4714 2.4
    endloop
  endfacet
  facet normal -0 0 1
    outer loop
      vertex 30.773 10.8656 2.4
      vertex 30.8315 8.55557 2.4
      vertex 30.8315 10.9444 2.4
    endloop
  endfacet
  facet normal 0 0 1
    outer loop
      vertex 30.773 10.8656 2.4
      vertex 30.773 8.63439 2.4
      vertex 30.8315 8.55557 2.4
    endloop
  endfacet
  facet normal -0 0 1
    outer loop
      vertex 30.7071 10.7929 2.4
      vertex 30.773 8.63439 2.4
      vertex 30.773 10.8656 2.4
    endloop
  endfacet
  facet normal 0 0 1
    outer loop
      vertex 30.7071 10.7929 2.4
      vertex 30.7071 8.70711 2.4
      vertex 30.773 8.63439 2.4
    endloop
  endfacet
  facet normal -0 0 1
    outer loop
      vertex 30.6344 10.727 2.4
      vertex 30.7071 8.70711 2.4
      vertex 30.7071 10.7929 2.4
    endloop
  endfacet
  facet normal 0 0 1
    outer loop
      vertex 30.6344 10.727 2.4
      vertex 30.6344 8.77301 2.4
      vertex 30.7071 8.70711 2.4
    endloop
  endfacet
  facet normal -0 0 1
    outer loop
      vertex 30.5556 10.6685 2.4
      vertex 30.6344 8.77301 2.4
      vertex 30.6344 10.727 2.4
    endloop
  endfacet
  facet normal 0 0 1
    outer loop
      vertex 30.5556 10.6685 2.4
      vertex 30.5556 8.83147 2.4
      vertex 30.6344 8.77301 2.4
    endloop
  endfacet
  facet normal -0 0 1
    outer loop
      vertex 30.4714 10.6181 2.4
      vertex 30.5556 8.83147 2.4
      vertex 30.5556 10.6685 2.4
    endloop
  endfacet
  facet normal 0 0 1
    outer loop
      vertex 30.4714 10.6181 2.4
      vertex 30.4714 8.88192 2.4
      vertex 30.5556 8.83147 2.4
    endloop
  endfacet
  facet normal -0 0 1
    outer loop
      vertex 30.3827 10.5761 2.4
      vertex 30.4714 8.88192 2.4
      vertex 30.4714 10.6181 2.4
    endloop
  endfacet
  facet normal 0 0 1
    outer loop
      vertex 30.3827 10.5761 2.4
      vertex 30.3827 8.92388 2.4
      vertex 30.4714 8.88192 2.4
    endloop
  endfacet
  facet normal -0 0 1
    outer loop
      vertex 30.2903 10.5431 2.4
      vertex 30.3827 8.92388 2.4
      vertex 30.3827 10.5761 2.4
    endloop
  endfacet
  facet normal 0 0 1
    outer loop
      vertex 30.2903 10.5431 2.4
      vertex 30.2903 8.95694 2.4
      vertex 30.3827 8.92388 2.4
    endloop
  endfacet
  facet normal -0 0 1
    outer loop
      vertex 30.1951 10.5192 2.4
      vertex 30.2903 8.95694 2.4
      vertex 30.2903 10.5431 2.4
    endloop
  endfacet
  facet normal 0 0 1
    outer loop
      vertex 30.1951 10.5192 2.4
      vertex 30.1951 8.98078 2.4
      vertex 30.2903 8.95694 2.4
    endloop
  endfacet
  facet normal -0 0 1
    outer loop
      vertex 30.098 10.5048 2.4
      vertex 30.1951 8.98078 2.4
      vertex 30.1951 10.5192 2.4
    endloop
  endfacet
  facet normal 0 0 1
    outer loop
      vertex 30.098 10.5048 2.4
      vertex 30.098 8.99518 2.4
      vertex 30.1951 8.98078 2.4
    endloop
  endfacet
  facet normal -0 0 1
    outer loop
      vertex 30 10.5 2.4
      vertex 30.098 8.99518 2.4
      vertex 30.098 10.5048 2.4
    endloop
  endfacet
  facet normal 0 0 1
    outer loop
      vertex 30 10.5 2.4
      vertex 30 9 2.4
      vertex 30.098 8.99518 2.4
    endloop
  endfacet
  facet normal 0 0 1
    outer loop
      vertex 29.902 10.5048 2.4
      vertex 30 9 2.4
      vertex 30 10.5 2.4
    endloop
  endfacet
  facet normal 0 0 1
    outer loop
      vertex 29.902 10.5048 2.4
      vertex 29.902 8.99518 2.4
      vertex 30 9 2.4
    endloop
  endfacet
  facet normal 0 0 1
    outer loop
      vertex 29.8049 10.5192 2.4
      vertex 29.902 8.99518 2.4
      vertex 29.902 10.5048 2.4
    endloop
  endfacet
  facet normal 0 0 1
    outer loop
      vertex 29.8049 10.5192 2.4
      vertex 29.8049 8.98078 2.4
      vertex 29.902 8.99518 2.4
    endloop
  endfacet
  facet normal 0 0 1
    outer loop
      vertex 29.7097 10.5431 2.4
      vertex 29.8049 8.98078 2.4
      vertex 29.8049 10.5192 2.4
    endloop
  endfacet
  facet normal 0 0 1
    outer loop
      vertex 29.7097 10.5431 2.4
      vertex 29.7097 8.95694 2.4
      vertex 29.8049 8.98078 2.4
    endloop
  endfacet
  facet normal 0 0 1
    outer loop
      vertex 29.6173 10.5761 2.4
      vertex 29.7097 8.95694 2.4
      vertex 29.7097 10.5431 2.4
    endloop
  endfacet
  facet normal 0 0 1
    outer loop
      vertex 29.6173 10.5761 2.4
      vertex 29.6173 8.92388 2.4
      vertex 29.7097 8.95694 2.4
    endloop
  endfacet
  facet normal 0 0 1
    outer loop
      vertex 29.5286 10.6181 2.4
      vertex 29.6173 8.92388 2.4
      vertex 29.6173 10.5761 2.4
    endloop
  endfacet
  facet normal 0 0 1
    outer loop
      vertex 29.5286 10.6181 2.4
      vertex 29.5286 8.88192 2.4
      vertex 29.6173 8.92388 2.4
    endloop
  endfacet
  facet normal 0 0 1
    outer loop
      vertex 29.4444 10.6685 2.4
      vertex 29.5286 8.88192 2.4
      vertex 29.5286 10.6181 2.4
    endloop
  endfacet
  facet normal 0 0 1
    outer loop
      vertex 29.4444 10.6685 2.4
      vertex 29.4444 8.83147 2.4
      vertex 29.5286 8.88192 2.4
    endloop
  endfacet
  facet normal 0 0 1
    outer loop
      vertex 29.3656 10.727 2.4
      vertex 29.4444 8.83147 2.4
      vertex 29.4444 10.6685 2.4
    endloop
  endfacet
  facet normal 0 0 1
    outer loop
      vertex 29.3656 10.727 2.4
      vertex 29.3656 8.77301 2.4
      vertex 29.4444 8.83147 2.4
    endloop
  endfacet
  facet normal 0 0 1
    outer loop
      vertex 29.2929 10.7929 2.4
      vertex 29.3656 8.77301 2.4
      vertex 29.3656 10.727 2.4
    endloop
  endfacet
  facet normal 0 0 1
    outer loop
      vertex 29.2929 10.7929 2.4
      vertex 29.2929 8.70711 2.4
      vertex 29.3656 8.77301 2.4
    endloop
  endfacet
  facet normal 0 0 1
    outer loop
      vertex 29.227 10.8656 2.4
      vertex 29.2929 8.70711 2.4
      vertex 29.2929 10.7929 2.4
    endloop
  endfacet
  facet normal 0 0 1
    outer loop
      vertex 29.227 10.8656 2.4
      vertex 29.227 8.63439 2.4
      vertex 29.2929 8.70711 2.4
    endloop
  endfacet
  facet normal 0 0 1
    outer loop
      vertex 29.1685 10.9444 2.4
      vertex 29.227 8.63439 2.4
      vertex 29.227 10.8656 2.4
    endloop
  endfacet
  facet normal 0 0 1
    outer loop
      vertex 29.1685 10.9444 2.4
      vertex 29.1685 8.55557 2.4
      vertex 29.227 8.63439 2.4
    endloop
  endfacet
  facet normal 0 0 1
    outer loop
      vertex 29.1181 11.0286 2.4
      vertex 29.1685 8.55557 2.4
      vertex 29.1685 10.9444 2.4
    endloop
  endfacet
  facet normal 0 0 1
    outer loop
      vertex 29.1181 11.0286 2.4
      vertex 29.1181 8.4714 2.4
      vertex 29.1685 8.55557 2.4
    endloop
  endfacet
  facet normal 0 0 1
    outer loop
      vertex 29.0761 11.1173 2.4
      vertex 29.1181 8.4714 2.4
      vertex 29.1181 11.0286 2.4
    endloop
  endfacet
  facet normal 0 0 1
    outer loop
      vertex 29.0761 11.1173 2.4
      vertex 29.0761 8.38268 2.4
      vertex 29.1181 8.4714 2.4
    endloop
  endfacet
  facet normal 0 0 1
    outer loop
      vertex 29.0431 11.2097 2.4
      vertex 29.0761 8.38268 2.4
      vertex 29.0761 11.1173 2.4
    endloop
  endfacet
  facet normal 0 0 1
    outer loop
      vertex 29.0431 11.2097 2.4
      vertex 29.0431 8.29028 2.4
      vertex 29.0761 8.38268 2.4
    endloop
  endfacet
  facet normal 0 0 1
    outer loop
      vertex 29.0192 11.3049 2.4
      vertex 29.0431 8.29028 2.4
      vertex 29.0431 11.2097 2.4
    endloop
  endfacet
  facet normal 0 0 1
    outer loop
      vertex 29.0192 11.3049 2.4
      vertex 29.0192 8.19509 2.4
      vertex 29.0431 8.29028 2.4
    endloop
  endfacet
  facet normal 0 0 1
    outer loop
      vertex 29.0048 11.402 2.4
      vertex 29.0192 8.19509 2.4
      vertex 29.0192 11.3049 2.4
    endloop
  endfacet
  facet normal 0 0 1
    outer loop
      vertex 29.0048 11.402 2.4
      vertex 29.0048 8.09802 2.4
      vertex 29.0192 8.19509 2.4
    endloop
  endfacet
  facet normal 0 0 1
    outer loop
      vertex 24.1555 19.6865 2.4
      vertex 29.0048 11.402 2.4
      vertex 29 11.5 2.4
    endloop
  endfacet
  facet normal 0 0 1
    outer loop
      vertex 29.0048 11.402 2.4
      vertex 24.1555 19.6865 2.4
      vertex 29.0048 8.09802 2.4
    endloop
  endfacet
  facet normal 0 0 1
    outer loop
      vertex 52.8 24.7 2.4
      vertex 35.1 13.3 2.4
      vertex 49.1 13.3 2.4
    endloop
  endfacet
  facet normal -0 0 1
    outer loop
      vertex 31.4 24.7 2.4
      vertex 35.1 13.3 2.4
      vertex 52.8 24.7 2.4
    endloop
  endfacet
  facet normal -0 0 1
    outer loop
      vertex 26.7268 20.6065 2.4
      vertex 35.1 13.3 2.4
      vertex 31.4 24.7 2.4
    endloop
  endfacet
  facet normal 0 -0 1
    outer loop
      vertex 30.9952 11.598 2.4
      vertex 35.1 13.3 2.4
      vertex 30.9808 11.6951 2.4
    endloop
  endfacet
  facet normal 0 0 1
    outer loop
      vertex 35.1 13.3 2.4
      vertex 31 8 2.4
      vertex 35.1 3.3 2.4
    endloop
  endfacet
  facet normal -0 0 1
    outer loop
      vertex 30.9952 7.90198 2.4
      vertex 35.1 3.3 2.4
      vertex 31 8 2.4
    endloop
  endfacet
  facet normal -0 0 1
    outer loop
      vertex 30.9808 7.80491 2.4
      vertex 35.1 3.3 2.4
      vertex 30.9952 7.90198 2.4
    endloop
  endfacet
  facet normal -0 0 1
    outer loop
      vertex 30.9569 7.70971 2.4
      vertex 35.1 3.3 2.4
      vertex 30.9808 7.80491 2.4
    endloop
  endfacet
  facet normal -0 0 1
    outer loop
      vertex 30.9239 7.61732 2.4
      vertex 35.1 3.3 2.4
      vertex 30.9569 7.70971 2.4
    endloop
  endfacet
  facet normal -0 0 1
    outer loop
      vertex 30.8819 7.5286 2.4
      vertex 35.1 3.3 2.4
      vertex 30.9239 7.61732 2.4
    endloop
  endfacet
  facet normal -0 0 1
    outer loop
      vertex 30.8315 7.44443 2.4
      vertex 35.1 3.3 2.4
      vertex 30.8819 7.5286 2.4
    endloop
  endfacet
  facet normal -0 0 1
    outer loop
      vertex 30.773 7.36561 2.4
      vertex 35.1 3.3 2.4
      vertex 30.8315 7.44443 2.4
    endloop
  endfacet
  facet normal -0 0 1
    outer loop
      vertex 30.7071 7.29289 2.4
      vertex 35.1 3.3 2.4
      vertex 30.773 7.36561 2.4
    endloop
  endfacet
  facet normal -0 0 1
    outer loop
      vertex 30.6344 7.22699 2.4
      vertex 35.1 3.3 2.4
      vertex 30.7071 7.29289 2.4
    endloop
  endfacet
  facet normal -0 0 1
    outer loop
      vertex 30.5556 7.16853 2.4
      vertex 35.1 3.3 2.4
      vertex 30.6344 7.22699 2.4
    endloop
  endfacet
  facet normal -0 0 1
    outer loop
      vertex 30.4714 7.11808 2.4
      vertex 35.1 3.3 2.4
      vertex 30.5556 7.16853 2.4
    endloop
  endfacet
  facet normal -0 0 1
    outer loop
      vertex 30.3827 7.07612 2.4
      vertex 35.1 3.3 2.4
      vertex 30.4714 7.11808 2.4
    endloop
  endfacet
  facet normal -0 0 1
    outer loop
      vertex 30.2903 7.04306 2.4
      vertex 35.1 3.3 2.4
      vertex 30.3827 7.07612 2.4
    endloop
  endfacet
  facet normal -0 0 1
    outer loop
      vertex 30.1951 7.01921 2.4
      vertex 35.1 3.3 2.4
      vertex 30.2903 7.04306 2.4
    endloop
  endfacet
  facet normal -0 0 1
    outer loop
      vertex 30.098 7.00482 2.4
      vertex 35.1 3.3 2.4
      vertex 30.1951 7.01921 2.4
    endloop
  endfacet
  facet normal -0 0 1
    outer loop
      vertex 30 7 2.4
      vertex 35.1 3.3 2.4
      vertex 30.098 7.00482 2.4
    endloop
  endfacet
  facet normal 0 0 1
    outer loop
      vertex 29.902 7.00482 2.4
      vertex 35.1 3.3 2.4
      vertex 30 7 2.4
    endloop
  endfacet
  facet normal 0 0 1
    outer loop
      vertex 29.8049 7.01921 2.4
      vertex 35.1 3.3 2.4
      vertex 29.902 7.00482 2.4
    endloop
  endfacet
  facet normal 0 0 1
    outer loop
      vertex 29.7097 7.04306 2.4
      vertex 35.1 3.3 2.4
      vertex 29.8049 7.01921 2.4
    endloop
  endfacet
  facet normal 0 0 1
    outer loop
      vertex 29.6173 7.07612 2.4
      vertex 35.1 3.3 2.4
      vertex 29.7097 7.04306 2.4
    endloop
  endfacet
  facet normal 0 0 1
    outer loop
      vertex 29.5286 7.11808 2.4
      vertex 35.1 3.3 2.4
      vertex 29.6173 7.07612 2.4
    endloop
  endfacet
  facet normal 0 0 1
    outer loop
      vertex 3.3 3.3 2.4
      vertex 29.5286 7.11808 2.4
      vertex 29.4444 7.16853 2.4
    endloop
  endfacet
  facet normal 0 0 1
    outer loop
      vertex 29.5286 12.3819 2.4
      vertex 25.7506 19.5294 2.4
      vertex 29.4444 12.3315 2.4
    endloop
  endfacet
  facet normal -0 0 1
    outer loop
      vertex 25.5935 19.4732 2.4
      vertex 29.4444 12.3315 2.4
      vertex 25.7506 19.5294 2.4
    endloop
  endfacet
  facet normal 0 0 1
    outer loop
      vertex 29.4444 12.3315 2.4
      vertex 25.5935 19.4732 2.4
      vertex 29.3656 12.273 2.4
    endloop
  endfacet
  facet normal 0 0 1
    outer loop
      vertex 29.3656 12.273 2.4
      vertex 25.5935 19.4732 2.4
      vertex 29.2929 12.2071 2.4
    endloop
  endfacet
  facet normal -0 0 1
    outer loop
      vertex 25.4317 19.4327 2.4
      vertex 29.2929 12.2071 2.4
      vertex 25.5935 19.4732 2.4
    endloop
  endfacet
  facet normal 0 0 1
    outer loop
      vertex 29.2929 12.2071 2.4
      vertex 25.4317 19.4327 2.4
      vertex 29.227 12.1344 2.4
    endloop
  endfacet
  facet normal -0 0 1
    outer loop
      vertex 25.2666 19.4082 2.4
      vertex 29.227 12.1344 2.4
      vertex 25.4317 19.4327 2.4
    endloop
  endfacet
  facet normal 0 0 1
    outer loop
      vertex 29.227 12.1344 2.4
      vertex 25.2666 19.4082 2.4
      vertex 29.1685 12.0556 2.4
    endloop
  endfacet
  facet normal -0 0 1
    outer loop
      vertex 25.1 19.4 2.4
      vertex 29.1685 12.0556 2.4
      vertex 25.2666 19.4082 2.4
    endloop
  endfacet
  facet normal 0 0 1
    outer loop
      vertex 29.1685 12.0556 2.4
      vertex 25.1 19.4 2.4
      vertex 29.1181 11.9714 2.4
    endloop
  endfacet
  facet normal 0 0 1
    outer loop
      vertex 24.9334 19.4082 2.4
      vertex 29.1181 11.9714 2.4
      vertex 25.1 19.4 2.4
    endloop
  endfacet
  facet normal 0 0 1
    outer loop
      vertex 29.1181 11.9714 2.4
      vertex 24.9334 19.4082 2.4
      vertex 29.0761 11.8827 2.4
    endloop
  endfacet
  facet normal 0 0 1
    outer loop
      vertex 24.7683 19.4327 2.4
      vertex 29.0761 11.8827 2.4
      vertex 24.9334 19.4082 2.4
    endloop
  endfacet
  facet normal 0 0 1
    outer loop
      vertex 29.0761 11.8827 2.4
      vertex 24.7683 19.4327 2.4
      vertex 29.0431 11.7903 2.4
    endloop
  endfacet
  facet normal 0 0 1
    outer loop
      vertex 24.6065 19.4732 2.4
      vertex 29.0431 11.7903 2.4
      vertex 24.7683 19.4327 2.4
    endloop
  endfacet
  facet normal 0 0 1
    outer loop
      vertex 29.0431 11.7903 2.4
      vertex 24.6065 19.4732 2.4
      vertex 29.0192 11.6951 2.4
    endloop
  endfacet
  facet normal 0 0 1
    outer loop
      vertex 24.4494 19.5294 2.4
      vertex 29.0192 11.6951 2.4
      vertex 24.6065 19.4732 2.4
    endloop
  endfacet
  facet normal 0 0 1
    outer loop
      vertex 29.0192 11.6951 2.4
      vertex 24.4494 19.5294 2.4
      vertex 29.0048 11.598 2.4
    endloop
  endfacet
  facet normal 0 0 1
    outer loop
      vertex 24.2986 19.6007 2.4
      vertex 29.0048 11.598 2.4
      vertex 24.4494 19.5294 2.4
    endloop
  endfacet
  facet normal 0 0 1
    outer loop
      vertex 29.0048 11.598 2.4
      vertex 24.2986 19.6007 2.4
      vertex 29 11.5 2.4
    endloop
  endfacet
  facet normal 0 0 1
    outer loop
      vertex 24.1555 19.6865 2.4
      vertex 29 11.5 2.4
      vertex 24.2986 19.6007 2.4
    endloop
  endfacet
  facet normal 0 0 1
    outer loop
      vertex 24.0215 19.7859 2.4
      vertex 29.0048 8.09802 2.4
      vertex 24.1555 19.6865 2.4
    endloop
  endfacet
  facet normal 0 0 1
    outer loop
      vertex 3.3 3.3 2.4
      vertex 29.0048 8.09802 2.4
      vertex 24.0215 19.7859 2.4
    endloop
  endfacet
  facet normal 0 0 1
    outer loop
      vertex 29.0048 8.09802 2.4
      vertex 3.3 3.3 2.4
      vertex 29 8 2.4
    endloop
  endfacet
  facet normal 0 0 1
    outer loop
      vertex 29 8 2.4
      vertex 3.3 3.3 2.4
      vertex 29.0048 7.90198 2.4
    endloop
  endfacet
  facet normal 0 0 1
    outer loop
      vertex 29.0048 7.90198 2.4
      vertex 3.3 3.3 2.4
      vertex 29.0192 7.80491 2.4
    endloop
  endfacet
  facet normal 0 0 1
    outer loop
      vertex 29.0192 7.80491 2.4
      vertex 3.3 3.3 2.4
      vertex 29.0431 7.70971 2.4
    endloop
  endfacet
  facet normal 0 0 1
    outer loop
      vertex 3.3 3.3 2.4
      vertex 24.0215 19.7859 2.4
      vertex 23.8979 19.8979 2.4
    endloop
  endfacet
  facet normal 0 0 1
    outer loop
      vertex 3.3 3.3 2.4
      vertex 23.8979 19.8979 2.4
      vertex 23.7859 20.0215 2.4
    endloop
  endfacet
  facet normal 0 0 1
    outer loop
      vertex 3.3 3.3 2.4
      vertex 23.7859 20.0215 2.4
      vertex 23.6865 20.1555 2.4
    endloop
  endfacet
  facet normal 0 0 1
    outer loop
      vertex 3.3 3.3 2.4
      vertex 23.6865 20.1555 2.4
      vertex 23.6007 20.2986 2.4
    endloop
  endfacet
  facet normal 0 0 1
    outer loop
      vertex 3.3 3.3 2.4
      vertex 23.6007 20.2986 2.4
      vertex 23.5294 20.4494 2.4
    endloop
  endfacet
  facet normal 0 0 1
    outer loop
      vertex 3.3 3.3 2.4
      vertex 23.4 21.1 2.4
      vertex 3.3 38.9 2.4
    endloop
  endfacet
  facet normal 0 0 1
    outer loop
      vertex 23.4 21.1 2.4
      vertex 3.3 3.3 2.4
      vertex 23.4082 20.9334 2.4
    endloop
  endfacet
  facet normal 0 0 1
    outer loop
      vertex 23.4082 20.9334 2.4
      vertex 3.3 3.3 2.4
      vertex 23.4327 20.7683 2.4
    endloop
  endfacet
  facet normal 0 0 1
    outer loop
      vertex 23.4327 20.7683 2.4
      vertex 3.3 3.3 2.4
      vertex 23.4732 20.6065 2.4
    endloop
  endfacet
  facet normal 0 0 1
    outer loop
      vertex 23.4732 20.6065 2.4
      vertex 3.3 3.3 2.4
      vertex 23.5294 20.4494 2.4
    endloop
  endfacet
  facet normal 0 0 1
    outer loop
      vertex 29.0431 7.70971 2.4
      vertex 3.3 3.3 2.4
      vertex 29.0761 7.61732 2.4
    endloop
  endfacet
  facet normal 0 0 1
    outer loop
      vertex 29.0761 7.61732 2.4
      vertex 3.3 3.3 2.4
      vertex 29.1181 7.5286 2.4
    endloop
  endfacet
  facet normal 0 0 1
    outer loop
      vertex 29.1181 7.5286 2.4
      vertex 3.3 3.3 2.4
      vertex 29.1685 7.44443 2.4
    endloop
  endfacet
  facet normal 0 0 1
    outer loop
      vertex 29.5286 7.11808 2.4
      vertex 3.3 3.3 2.4
      vertex 35.1 3.3 2.4
    endloop
  endfacet
  facet normal 0 0 1
    outer loop
      vertex 29.3656 7.22699 2.4
      vertex 3.3 3.3 2.4
      vertex 29.4444 7.16853 2.4
    endloop
  endfacet
  facet normal 0 0 1
    outer loop
      vertex 29.2929 7.29289 2.4
      vertex 3.3 3.3 2.4
      vertex 29.3656 7.22699 2.4
    endloop
  endfacet
  facet normal 0 0 1
    outer loop
      vertex 29.227 7.36561 2.4
      vertex 3.3 3.3 2.4
      vertex 29.2929 7.29289 2.4
    endloop
  endfacet
  facet normal 0 0 1
    outer loop
      vertex 29.1685 7.44443 2.4
      vertex 3.3 3.3 2.4
      vertex 29.227 7.36561 2.4
    endloop
  endfacet
  facet normal 0 0 1
    outer loop
      vertex 52.8 24.7 2.4
      vertex 53.9 38.9 2.4
      vertex 52.8 26.3 2.4
    endloop
  endfacet
  facet normal 0 0 1
    outer loop
      vertex 53.9 38.9 2.4
      vertex 31.4 26.3 2.4
      vertex 52.8 26.3 2.4
    endloop
  endfacet
  facet normal 0 0 1
    outer loop
      vertex 26.0445 22.5135 2.4
      vertex 31.4 24.7 2.4
      vertex 31.4 26.3 2.4
    endloop
  endfacet
  facet normal 0 0 1
    outer loop
      vertex 30.9952 11.402 2.4
      vertex 35.1 13.3 2.4
      vertex 31 11.5 2.4
    endloop
  endfacet
  facet normal 0 -0 1
    outer loop
      vertex 31 11.5 2.4
      vertex 35.1 13.3 2.4
      vertex 30.9952 11.598 2.4
    endloop
  endfacet
  facet normal 0 0 1
    outer loop
      vertex 35.1 13.3 2.4
      vertex 30.9569 11.7903 2.4
      vertex 30.9808 11.6951 2.4
    endloop
  endfacet
  facet normal 0 0 1
    outer loop
      vertex 35.1 13.3 2.4
      vertex 30.9239 11.8827 2.4
      vertex 30.9569 11.7903 2.4
    endloop
  endfacet
  facet normal 0 0 1
    outer loop
      vertex 35.1 13.3 2.4
      vertex 30.8819 11.9714 2.4
      vertex 30.9239 11.8827 2.4
    endloop
  endfacet
  facet normal 0 0 1
    outer loop
      vertex 35.1 13.3 2.4
      vertex 30.8315 12.0556 2.4
      vertex 30.8819 11.9714 2.4
    endloop
  endfacet
  facet normal 0 0 1
    outer loop
      vertex 35.1 13.3 2.4
      vertex 30.773 12.1344 2.4
      vertex 30.8315 12.0556 2.4
    endloop
  endfacet
  facet normal 0 0 1
    outer loop
      vertex 35.1 13.3 2.4
      vertex 30.7071 12.2071 2.4
      vertex 30.773 12.1344 2.4
    endloop
  endfacet
  facet normal 0 0 1
    outer loop
      vertex 35.1 13.3 2.4
      vertex 30.6344 12.273 2.4
      vertex 30.7071 12.2071 2.4
    endloop
  endfacet
  facet normal 0 0 1
    outer loop
      vertex 35.1 13.3 2.4
      vertex 30.5556 12.3315 2.4
      vertex 30.6344 12.273 2.4
    endloop
  endfacet
  facet normal 0 0 1
    outer loop
      vertex 35.1 13.3 2.4
      vertex 30.4714 12.3819 2.4
      vertex 30.5556 12.3315 2.4
    endloop
  endfacet
  facet normal 0 0 1
    outer loop
      vertex 26.7918 20.9334 2.4
      vertex 31.4 24.7 2.4
      vertex 26.8 21.1 2.4
    endloop
  endfacet
  facet normal 0 0 1
    outer loop
      vertex 35.1 13.3 2.4
      vertex 30.3827 12.4239 2.4
      vertex 30.4714 12.3819 2.4
    endloop
  endfacet
  facet normal 0 0 1
    outer loop
      vertex 26.7673 20.7683 2.4
      vertex 31.4 24.7 2.4
      vertex 26.7918 20.9334 2.4
    endloop
  endfacet
  facet normal 0 0 1
    outer loop
      vertex 26.7268 20.6065 2.4
      vertex 31.4 24.7 2.4
      vertex 26.7673 20.7683 2.4
    endloop
  endfacet
  facet normal -0 0 1
    outer loop
      vertex 26.6706 20.4494 2.4
      vertex 35.1 13.3 2.4
      vertex 26.7268 20.6065 2.4
    endloop
  endfacet
  facet normal 0 -0 1
    outer loop
      vertex 30.2903 12.4569 2.4
      vertex 35.1 13.3 2.4
      vertex 26.6706 20.4494 2.4
    endloop
  endfacet
  facet normal 0 0 1
    outer loop
      vertex 35.1 13.3 2.4
      vertex 30.2903 12.4569 2.4
      vertex 30.3827 12.4239 2.4
    endloop
  endfacet
  facet normal -0 0 1
    outer loop
      vertex 26.5993 20.2986 2.4
      vertex 30.2903 12.4569 2.4
      vertex 26.6706 20.4494 2.4
    endloop
  endfacet
  facet normal 0 0 1
    outer loop
      vertex 30.2903 12.4569 2.4
      vertex 26.5993 20.2986 2.4
      vertex 30.1951 12.4808 2.4
    endloop
  endfacet
  facet normal -0 0 1
    outer loop
      vertex 26.5135 20.1555 2.4
      vertex 30.1951 12.4808 2.4
      vertex 26.5993 20.2986 2.4
    endloop
  endfacet
  facet normal 0 0 1
    outer loop
      vertex 30.1951 12.4808 2.4
      vertex 26.5135 20.1555 2.4
      vertex 30.098 12.4952 2.4
    endloop
  endfacet
  facet normal 0 0 1
    outer loop
      vertex 30.098 12.4952 2.4
      vertex 26.5135 20.1555 2.4
      vertex 30 12.5 2.4
    endloop
  endfacet
  facet normal -0 0 1
    outer loop
      vertex 26.4141 20.0215 2.4
      vertex 30 12.5 2.4
      vertex 26.5135 20.1555 2.4
    endloop
  endfacet
  facet normal 0 0 1
    outer loop
      vertex 30 12.5 2.4
      vertex 26.4141 20.0215 2.4
      vertex 29.902 12.4952 2.4
    endloop
  endfacet
  facet normal -0 0 1
    outer loop
      vertex 26.3021 19.8979 2.4
      vertex 29.902 12.4952 2.4
      vertex 26.4141 20.0215 2.4
    endloop
  endfacet
  facet normal 0 0 1
    outer loop
      vertex 29.902 12.4952 2.4
      vertex 26.3021 19.8979 2.4
      vertex 29.8049 12.4808 2.4
    endloop
  endfacet
  facet normal -0 0 1
    outer loop
      vertex 26.1785 19.7859 2.4
      vertex 29.8049 12.4808 2.4
      vertex 26.3021 19.8979 2.4
    endloop
  endfacet
  facet normal 0 0 1
    outer loop
      vertex 29.8049 12.4808 2.4
      vertex 26.1785 19.7859 2.4
      vertex 29.7097 12.4569 2.4
    endloop
  endfacet
  facet normal -0 0 1
    outer loop
      vertex 26.0445 19.6865 2.4
      vertex 29.7097 12.4569 2.4
      vertex 26.1785 19.7859 2.4
    endloop
  endfacet
  facet normal -0 0 1
    outer loop
      vertex 25.7506 19.5294 2.4
      vertex 29.5286 12.3819 2.4
      vertex 25.9014 19.6007 2.4
    endloop
  endfacet
  facet normal 0 0 1
    outer loop
      vertex 29.6173 12.4239 2.4
      vertex 25.9014 19.6007 2.4
      vertex 29.5286 12.3819 2.4
    endloop
  endfacet
  facet normal -0 0 1
    outer loop
      vertex 25.9014 19.6007 2.4
      vertex 29.6173 12.4239 2.4
      vertex 26.0445 19.6865 2.4
    endloop
  endfacet
  facet normal 0 0 1
    outer loop
      vertex 29.7097 12.4569 2.4
      vertex 26.0445 19.6865 2.4
      vertex 29.6173 12.4239 2.4
    endloop
  endfacet
  facet normal 0 0 1
    outer loop
      vertex 31.4 24.7 2.4
      vertex 26.7918 21.2666 2.4
      vertex 26.8 21.1 2.4
    endloop
  endfacet
  facet normal 0 0 1
    outer loop
      vertex 31.4 24.7 2.4
      vertex 26.7673 21.4317 2.4
      vertex 26.7918 21.2666 2.4
    endloop
  endfacet
  facet normal 0 0 1
    outer loop
      vertex 31.4 24.7 2.4
      vertex 26.7268 21.5935 2.4
      vertex 26.7673 21.4317 2.4
    endloop
  endfacet
  facet normal 0 0 1
    outer loop
      vertex 31.4 24.7 2.4
      vertex 26.6706 21.7506 2.4
      vertex 26.7268 21.5935 2.4
    endloop
  endfacet
  facet normal 0 0 1
    outer loop
      vertex 31.4 24.7 2.4
      vertex 26.5993 21.9014 2.4
      vertex 26.6706 21.7506 2.4
    endloop
  endfacet
  facet normal 0 0 1
    outer loop
      vertex 31.4 24.7 2.4
      vertex 26.5135 22.0445 2.4
      vertex 26.5993 21.9014 2.4
    endloop
  endfacet
  facet normal 0 0 1
    outer loop
      vertex 31.4 24.7 2.4
      vertex 26.4141 22.1785 2.4
      vertex 26.5135 22.0445 2.4
    endloop
  endfacet
  facet normal 0 0 1
    outer loop
      vertex 31.4 24.7 2.4
      vertex 26.3021 22.3021 2.4
      vertex 26.4141 22.1785 2.4
    endloop
  endfacet
  facet normal 0 0 1
    outer loop
      vertex 31.4 24.7 2.4
      vertex 26.1785 22.4141 2.4
      vertex 26.3021 22.3021 2.4
    endloop
  endfacet
  facet normal 0 0 1
    outer loop
      vertex 31.4 24.7 2.4
      vertex 26.0445 22.5135 2.4
      vertex 26.1785 22.4141 2.4
    endloop
  endfacet
  facet normal 0 0 1
    outer loop
      vertex 31.4 26.3 2.4
      vertex 25.9014 22.5993 2.4
      vertex 26.0445 22.5135 2.4
    endloop
  endfacet
  facet normal 0 0 1
    outer loop
      vertex 31.4 26.3 2.4
      vertex 25.7506 22.6706 2.4
      vertex 25.9014 22.5993 2.4
    endloop
  endfacet
  facet normal 0 0 1
    outer loop
      vertex 31.4 26.3 2.4
      vertex 25.5935 22.7268 2.4
      vertex 25.7506 22.6706 2.4
    endloop
  endfacet
  facet normal 0 0 1
    outer loop
      vertex 31.4 26.3 2.4
      vertex 25.4317 22.7673 2.4
      vertex 25.5935 22.7268 2.4
    endloop
  endfacet
  facet normal 0 0 1
    outer loop
      vertex 31.4 26.3 2.4
      vertex 25.2666 22.7918 2.4
      vertex 25.4317 22.7673 2.4
    endloop
  endfacet
  facet normal 0 0 1
    outer loop
      vertex 31.4 26.3 2.4
      vertex 25.1 22.8 2.4
      vertex 25.2666 22.7918 2.4
    endloop
  endfacet
  facet normal -0 0 1
    outer loop
      vertex 3.3 38.9 2.4
      vertex 31.4 26.3 2.4
      vertex 53.9 38.9 2.4
    endloop
  endfacet
  facet normal 0 -0 1
    outer loop
      vertex 24.6065 22.7268 2.4
      vertex 31.4 26.3 2.4
      vertex 3.3 38.9 2.4
    endloop
  endfacet
  facet normal 0 0 1
    outer loop
      vertex 31.4 26.3 2.4
      vertex 24.9334 22.7918 2.4
      vertex 25.1 22.8 2.4
    endloop
  endfacet
  facet normal 0 0 1
    outer loop
      vertex 31.4 26.3 2.4
      vertex 24.7683 22.7673 2.4
      vertex 24.9334 22.7918 2.4
    endloop
  endfacet
  facet normal 0 0 1
    outer loop
      vertex 31.4 26.3 2.4
      vertex 24.6065 22.7268 2.4
      vertex 24.7683 22.7673 2.4
    endloop
  endfacet
  facet normal 0 0 1
    outer loop
      vertex 24.6065 22.7268 2.4
      vertex 3.3 38.9 2.4
      vertex 24.4494 22.6706 2.4
    endloop
  endfacet
  facet normal 0 0 1
    outer loop
      vertex 23.4082 21.2666 2.4
      vertex 3.3 38.9 2.4
      vertex 23.4 21.1 2.4
    endloop
  endfacet
  facet normal 0 0 1
    outer loop
      vertex 23.4327 21.4317 2.4
      vertex 3.3 38.9 2.4
      vertex 23.4082 21.2666 2.4
    endloop
  endfacet
  facet normal 0 0 1
    outer loop
      vertex 23.4732 21.5935 2.4
      vertex 3.3 38.9 2.4
      vertex 23.4327 21.4317 2.4
    endloop
  endfacet
  facet normal 0 0 1
    outer loop
      vertex 23.5294 21.7506 2.4
      vertex 3.3 38.9 2.4
      vertex 23.4732 21.5935 2.4
    endloop
  endfacet
  facet normal 0 0 1
    outer loop
      vertex 23.6007 21.9014 2.4
      vertex 3.3 38.9 2.4
      vertex 23.5294 21.7506 2.4
    endloop
  endfacet
  facet normal 0 0 1
    outer loop
      vertex 23.6865 22.0445 2.4
      vertex 3.3 38.9 2.4
      vertex 23.6007 21.9014 2.4
    endloop
  endfacet
  facet normal 0 0 1
    outer loop
      vertex 23.7859 22.1785 2.4
      vertex 3.3 38.9 2.4
      vertex 23.6865 22.0445 2.4
    endloop
  endfacet
  facet normal 0 0 1
    outer loop
      vertex 23.8979 22.3021 2.4
      vertex 3.3 38.9 2.4
      vertex 23.7859 22.1785 2.4
    endloop
  endfacet
  facet normal 0 0 1
    outer loop
      vertex 24.0215 22.4141 2.4
      vertex 3.3 38.9 2.4
      vertex 23.8979 22.3021 2.4
    endloop
  endfacet
  facet normal 0 0 1
    outer loop
      vertex 24.1555 22.5135 2.4
      vertex 3.3 38.9 2.4
      vertex 24.0215 22.4141 2.4
    endloop
  endfacet
  facet normal 0 0 1
    outer loop
      vertex 24.2986 22.5993 2.4
      vertex 3.3 38.9 2.4
      vertex 24.1555 22.5135 2.4
    endloop
  endfacet
  facet normal 0 0 1
    outer loop
      vertex 24.4494 22.6706 2.4
      vertex 3.3 38.9 2.4
      vertex 24.2986 22.5993 2.4
    endloop
  endfacet
  facet normal 0 0 1
    outer loop
      vertex 53.9 38.9 2.4
      vertex 52.8 24.7 2.4
      vertex 53.9 3.3 2.4
    endloop
  endfacet
  facet normal -0 0 1
    outer loop
      vertex 49.1 13.3 2.4
      vertex 53.9 3.3 2.4
      vertex 52.8 24.7 2.4
    endloop
  endfacet
  facet normal 0 0 1
    outer loop
      vertex 53.9 3.3 2.4
      vertex 49.1 13.3 2.4
      vertex 49.1 3.3 2.4
    endloop
  endfacet
  facet normal -0.336879 -0.941548 0
    outer loop
      vertex 29.6173 7.07612 2.4
      vertex 29.7097 7.04306 4.9
      vertex 29.6173 7.07612 4.9
    endloop
  endfacet
  facet normal -0.336879 -0.941548 -0
    outer loop
      vertex 29.7097 7.04306 4.9
      vertex 29.6173 7.07612 2.4
      vertex 29.7097 7.04306 2.4
    endloop
  endfacet
  facet normal 0.969896 0.243518 0
    outer loop
      vertex 30.9808 8.19509 4.9
      vertex 30.9569 8.29028 2.4
      vertex 30.9569 8.29028 4.9
    endloop
  endfacet
  facet normal 0.969896 0.243518 0
    outer loop
      vertex 30.9569 8.29028 2.4
      vertex 30.9808 8.19509 4.9
      vertex 30.9808 8.19509 2.4
    endloop
  endfacet
  facet normal 0.671607 0.740908 -0
    outer loop
      vertex 30.7071 8.70711 2.4
      vertex 30.6344 8.77301 4.9
      vertex 30.7071 8.70711 4.9
    endloop
  endfacet
  facet normal 0.671607 0.740908 0
    outer loop
      vertex 30.6344 8.77301 4.9
      vertex 30.7071 8.70711 2.4
      vertex 30.6344 8.77301 2.4
    endloop
  endfacet
  facet normal 0.513971 0.857807 -0
    outer loop
      vertex 30.5556 8.83147 2.4
      vertex 30.4714 8.88192 4.9
      vertex 30.5556 8.83147 4.9
    endloop
  endfacet
  facet normal 0.513971 0.857807 0
    outer loop
      vertex 30.4714 8.88192 4.9
      vertex 30.5556 8.83147 2.4
      vertex 30.4714 8.88192 2.4
    endloop
  endfacet
  facet normal -0.146597 -0.989196 0
    outer loop
      vertex 29.8049 7.01921 2.4
      vertex 29.902 7.00482 4.9
      vertex 29.8049 7.01921 4.9
    endloop
  endfacet
  facet normal -0.146597 -0.989196 -0
    outer loop
      vertex 29.902 7.00482 4.9
      vertex 29.8049 7.01921 2.4
      vertex 29.902 7.00482 2.4
    endloop
  endfacet
  facet normal 0.802997 0.595983 0
    outer loop
      vertex 30.8315 8.55557 4.9
      vertex 30.773 8.63439 2.4
      vertex 30.773 8.63439 4.9
    endloop
  endfacet
  facet normal 0.802997 0.595983 0
    outer loop
      vertex 30.773 8.63439 2.4
      vertex 30.8315 8.55557 4.9
      vertex 30.8315 8.55557 2.4
    endloop
  endfacet
  facet normal -0.903837 0.427876 0
    outer loop
      vertex 29.0761 8.38268 2.4
      vertex 29.1181 8.4714 4.9
      vertex 29.1181 8.4714 2.4
    endloop
  endfacet
  facet normal -0.903837 0.427876 0
    outer loop
      vertex 29.1181 8.4714 4.9
      vertex 29.0761 8.38268 2.4
      vertex 29.0761 8.38268 4.9
    endloop
  endfacet
  facet normal 0.941742 0.336336 0
    outer loop
      vertex 30.9569 8.29028 4.9
      vertex 30.9239 8.38268 2.4
      vertex 30.9239 8.38268 4.9
    endloop
  endfacet
  facet normal 0.941742 0.336336 0
    outer loop
      vertex 30.9239 8.38268 2.4
      vertex 30.9569 8.29028 4.9
      vertex 30.9569 8.29028 2.4
    endloop
  endfacet
  facet normal 0.336879 -0.941548 0
    outer loop
      vertex 30.2903 7.04306 2.4
      vertex 30.3827 7.07612 4.9
      vertex 30.2903 7.04306 4.9
    endloop
  endfacet
  facet normal 0.336879 -0.941548 0
    outer loop
      vertex 30.3827 7.07612 4.9
      vertex 30.2903 7.04306 2.4
      vertex 30.3827 7.07612 2.4
    endloop
  endfacet
  facet normal -0.595817 0.80312 0
    outer loop
      vertex 29.4444 8.83147 2.4
      vertex 29.3656 8.77301 4.9
      vertex 29.4444 8.83147 4.9
    endloop
  endfacet
  facet normal -0.595817 0.80312 0
    outer loop
      vertex 29.3656 8.77301 4.9
      vertex 29.4444 8.83147 2.4
      vertex 29.3656 8.77301 2.4
    endloop
  endfacet
  facet normal 0.903837 0.427876 0
    outer loop
      vertex 30.9239 8.38268 4.9
      vertex 30.8819 8.4714 2.4
      vertex 30.8819 8.4714 4.9
    endloop
  endfacet
  facet normal 0.903837 0.427876 0
    outer loop
      vertex 30.8819 8.4714 2.4
      vertex 30.9239 8.38268 4.9
      vertex 30.9239 8.38268 2.4
    endloop
  endfacet
  facet normal -0.802997 -0.595983 0
    outer loop
      vertex 29.227 7.36561 2.4
      vertex 29.1685 7.44443 4.9
      vertex 29.1685 7.44443 2.4
    endloop
  endfacet
  facet normal -0.802997 -0.595983 0
    outer loop
      vertex 29.1685 7.44443 4.9
      vertex 29.227 7.36561 2.4
      vertex 29.227 7.36561 4.9
    endloop
  endfacet
  facet normal -0.146696 0.989182 0
    outer loop
      vertex 29.902 8.99518 2.4
      vertex 29.8049 8.98078 4.9
      vertex 29.902 8.99518 4.9
    endloop
  endfacet
  facet normal -0.146696 0.989182 0
    outer loop
      vertex 29.8049 8.98078 4.9
      vertex 29.902 8.99518 2.4
      vertex 29.8049 8.98078 2.4
    endloop
  endfacet
  facet normal 0.989175 0.146741 0
    outer loop
      vertex 30.9952 8.09802 4.9
      vertex 30.9808 8.19509 2.4
      vertex 30.9808 8.19509 4.9
    endloop
  endfacet
  facet normal 0.989175 0.146741 0
    outer loop
      vertex 30.9808 8.19509 2.4
      vertex 30.9952 8.09802 4.9
      vertex 30.9952 8.09802 2.4
    endloop
  endfacet
  facet normal -0.802997 0.595983 0
    outer loop
      vertex 29.1685 8.55557 2.4
      vertex 29.227 8.63439 4.9
      vertex 29.227 8.63439 2.4
    endloop
  endfacet
  facet normal -0.802997 0.595983 0
    outer loop
      vertex 29.227 8.63439 4.9
      vertex 29.1685 8.55557 2.4
      vertex 29.1685 8.55557 4.9
    endloop
  endfacet
  facet normal -0.0491243 0.998793 0
    outer loop
      vertex 30 9 2.4
      vertex 29.902 8.99518 4.9
      vertex 30 9 4.9
    endloop
  endfacet
  facet normal -0.0491243 0.998793 0
    outer loop
      vertex 29.902 8.99518 4.9
      vertex 30 9 2.4
      vertex 29.902 8.99518 2.4
    endloop
  endfacet
  facet normal 0.857951 -0.513731 0
    outer loop
      vertex 30.8315 7.44443 4.9
      vertex 30.8819 7.5286 2.4
      vertex 30.8819 7.5286 4.9
    endloop
  endfacet
  facet normal 0.857951 -0.513731 0
    outer loop
      vertex 30.8819 7.5286 2.4
      vertex 30.8315 7.44443 4.9
      vertex 30.8315 7.44443 2.4
    endloop
  endfacet
  facet normal 0.94173 -0.336369 0
    outer loop
      vertex 30.9239 7.61732 4.9
      vertex 30.9569 7.70971 2.4
      vertex 30.9569 7.70971 4.9
    endloop
  endfacet
  facet normal 0.94173 -0.336369 0
    outer loop
      vertex 30.9569 7.70971 2.4
      vertex 30.9239 7.61732 4.9
      vertex 30.9239 7.61732 2.4
    endloop
  endfacet
  facet normal 0.427622 0.903958 -0
    outer loop
      vertex 30.4714 8.88192 2.4
      vertex 30.3827 8.92388 4.9
      vertex 30.4714 8.88192 4.9
    endloop
  endfacet
  facet normal 0.427622 0.903958 0
    outer loop
      vertex 30.3827 8.92388 4.9
      vertex 30.4714 8.88192 2.4
      vertex 30.3827 8.92388 2.4
    endloop
  endfacet
  facet normal -0.903837 -0.427876 0
    outer loop
      vertex 29.1181 7.5286 2.4
      vertex 29.0761 7.61732 4.9
      vertex 29.0761 7.61732 2.4
    endloop
  endfacet
  facet normal -0.903837 -0.427876 0
    outer loop
      vertex 29.0761 7.61732 4.9
      vertex 29.1181 7.5286 2.4
      vertex 29.1181 7.5286 4.9
    endloop
  endfacet
  facet normal 0.595817 -0.80312 0
    outer loop
      vertex 30.5556 7.16853 2.4
      vertex 30.6344 7.22699 4.9
      vertex 30.5556 7.16853 4.9
    endloop
  endfacet
  facet normal 0.595817 -0.80312 0
    outer loop
      vertex 30.6344 7.22699 4.9
      vertex 30.5556 7.16853 2.4
      vertex 30.6344 7.22699 2.4
    endloop
  endfacet
  facet normal 0.857951 0.513731 0
    outer loop
      vertex 30.8819 8.4714 4.9
      vertex 30.8315 8.55557 2.4
      vertex 30.8315 8.55557 4.9
    endloop
  endfacet
  facet normal 0.857951 0.513731 0
    outer loop
      vertex 30.8315 8.55557 2.4
      vertex 30.8819 8.4714 4.9
      vertex 30.8819 8.4714 2.4
    endloop
  endfacet
  facet normal -0.998803 -0.048911 0
    outer loop
      vertex 29.0048 7.90198 2.4
      vertex 29 8 4.9
      vertex 29 8 2.4
    endloop
  endfacet
  facet normal -0.998803 -0.048911 0
    outer loop
      vertex 29 8 4.9
      vertex 29.0048 7.90198 2.4
      vertex 29.0048 7.90198 4.9
    endloop
  endfacet
  facet normal -0.94173 -0.336369 0
    outer loop
      vertex 29.0761 7.61732 2.4
      vertex 29.0431 7.70971 4.9
      vertex 29.0431 7.70971 2.4
    endloop
  endfacet
  facet normal -0.94173 -0.336369 0
    outer loop
      vertex 29.0431 7.70971 4.9
      vertex 29.0761 7.61732 2.4
      vertex 29.0761 7.61732 4.9
    endloop
  endfacet
  facet normal -0.243015 -0.970023 0
    outer loop
      vertex 29.7097 7.04306 2.4
      vertex 29.8049 7.01921 4.9
      vertex 29.7097 7.04306 4.9
    endloop
  endfacet
  facet normal -0.243015 -0.970023 -0
    outer loop
      vertex 29.8049 7.01921 4.9
      vertex 29.7097 7.04306 2.4
      vertex 29.8049 7.01921 2.4
    endloop
  endfacet
  facet normal -0.857951 0.513731 0
    outer loop
      vertex 29.1181 8.4714 2.4
      vertex 29.1685 8.55557 4.9
      vertex 29.1685 8.55557 2.4
    endloop
  endfacet
  facet normal -0.857951 0.513731 0
    outer loop
      vertex 29.1685 8.55557 4.9
      vertex 29.1181 8.4714 2.4
      vertex 29.1181 8.4714 4.9
    endloop
  endfacet
  facet normal -0.941742 0.336336 0
    outer loop
      vertex 29.0431 8.29028 2.4
      vertex 29.0761 8.38268 4.9
      vertex 29.0761 8.38268 2.4
    endloop
  endfacet
  facet normal -0.941742 0.336336 0
    outer loop
      vertex 29.0761 8.38268 4.9
      vertex 29.0431 8.29028 2.4
      vertex 29.0431 8.29028 4.9
    endloop
  endfacet
  facet normal 0.998803 -0.048911 0
    outer loop
      vertex 30.9952 7.90198 4.9
      vertex 31 8 2.4
      vertex 31 8 4.9
    endloop
  endfacet
  facet normal 0.998803 -0.048911 0
    outer loop
      vertex 31 8 2.4
      vertex 30.9952 7.90198 4.9
      vertex 30.9952 7.90198 2.4
    endloop
  endfacet
  facet normal -0.989175 -0.146741 0
    outer loop
      vertex 29.0192 7.80491 2.4
      vertex 29.0048 7.90198 4.9
      vertex 29.0048 7.90198 2.4
    endloop
  endfacet
  facet normal -0.989175 -0.146741 0
    outer loop
      vertex 29.0048 7.90198 4.9
      vertex 29.0192 7.80491 2.4
      vertex 29.0192 7.80491 4.9
    endloop
  endfacet
  facet normal 0.671607 -0.740908 0
    outer loop
      vertex 30.6344 7.22699 2.4
      vertex 30.7071 7.29289 4.9
      vertex 30.6344 7.22699 4.9
    endloop
  endfacet
  facet normal 0.671607 -0.740908 0
    outer loop
      vertex 30.7071 7.29289 4.9
      vertex 30.6344 7.22699 2.4
      vertex 30.7071 7.29289 2.4
    endloop
  endfacet
  facet normal -0.969902 -0.243494 0
    outer loop
      vertex 29.0431 7.70971 2.4
      vertex 29.0192 7.80491 4.9
      vertex 29.0192 7.80491 2.4
    endloop
  endfacet
  facet normal -0.969902 -0.243494 0
    outer loop
      vertex 29.0192 7.80491 4.9
      vertex 29.0431 7.70971 2.4
      vertex 29.0431 7.70971 4.9
    endloop
  endfacet
  facet normal -0.671607 0.740908 0
    outer loop
      vertex 29.3656 8.77301 2.4
      vertex 29.2929 8.70711 4.9
      vertex 29.3656 8.77301 4.9
    endloop
  endfacet
  facet normal -0.671607 0.740908 0
    outer loop
      vertex 29.2929 8.70711 4.9
      vertex 29.3656 8.77301 2.4
      vertex 29.2929 8.70711 2.4
    endloop
  endfacet
  facet normal -0.336879 0.941548 0
    outer loop
      vertex 29.7097 8.95694 2.4
      vertex 29.6173 8.92388 4.9
      vertex 29.7097 8.95694 4.9
    endloop
  endfacet
  facet normal -0.336879 0.941548 0
    outer loop
      vertex 29.6173 8.92388 4.9
      vertex 29.7097 8.95694 2.4
      vertex 29.6173 8.92388 2.4
    endloop
  endfacet
  facet normal 0.336879 0.941548 -0
    outer loop
      vertex 30.3827 8.92388 2.4
      vertex 30.2903 8.95694 4.9
      vertex 30.3827 8.92388 4.9
    endloop
  endfacet
  facet normal 0.336879 0.941548 0
    outer loop
      vertex 30.2903 8.95694 4.9
      vertex 30.3827 8.92388 2.4
      vertex 30.2903 8.95694 2.4
    endloop
  endfacet
  facet normal 0.513971 -0.857807 0
    outer loop
      vertex 30.4714 7.11808 2.4
      vertex 30.5556 7.16853 4.9
      vertex 30.4714 7.11808 4.9
    endloop
  endfacet
  facet normal 0.513971 -0.857807 0
    outer loop
      vertex 30.5556 7.16853 4.9
      vertex 30.4714 7.11808 2.4
      vertex 30.5556 7.16853 2.4
    endloop
  endfacet
  facet normal -0.857951 -0.513731 0
    outer loop
      vertex 29.1685 7.44443 2.4
      vertex 29.1181 7.5286 4.9
      vertex 29.1181 7.5286 2.4
    endloop
  endfacet
  facet normal -0.857951 -0.513731 0
    outer loop
      vertex 29.1181 7.5286 4.9
      vertex 29.1685 7.44443 2.4
      vertex 29.1685 7.44443 4.9
    endloop
  endfacet
  facet normal -0.427622 0.903958 0
    outer loop
      vertex 29.6173 8.92388 2.4
      vertex 29.5286 8.88192 4.9
      vertex 29.6173 8.92388 4.9
    endloop
  endfacet
  facet normal -0.427622 0.903958 0
    outer loop
      vertex 29.5286 8.88192 4.9
      vertex 29.6173 8.92388 2.4
      vertex 29.5286 8.88192 2.4
    endloop
  endfacet
  facet normal 0.146597 -0.989196 0
    outer loop
      vertex 30.098 7.00482 2.4
      vertex 30.1951 7.01921 4.9
      vertex 30.098 7.00482 4.9
    endloop
  endfacet
  facet normal 0.146597 -0.989196 0
    outer loop
      vertex 30.1951 7.01921 4.9
      vertex 30.098 7.00482 2.4
      vertex 30.1951 7.01921 2.4
    endloop
  endfacet
  facet normal 0.595817 0.80312 -0
    outer loop
      vertex 30.6344 8.77301 2.4
      vertex 30.5556 8.83147 4.9
      vertex 30.6344 8.77301 4.9
    endloop
  endfacet
  facet normal 0.595817 0.80312 0
    outer loop
      vertex 30.5556 8.83147 4.9
      vertex 30.6344 8.77301 2.4
      vertex 30.5556 8.83147 2.4
    endloop
  endfacet
  facet normal 0.0491243 -0.998793 0
    outer loop
      vertex 30 7 2.4
      vertex 30.098 7.00482 4.9
      vertex 30 7 4.9
    endloop
  endfacet
  facet normal 0.0491243 -0.998793 0
    outer loop
      vertex 30.098 7.00482 4.9
      vertex 30 7 2.4
      vertex 30.098 7.00482 2.4
    endloop
  endfacet
  facet normal 0.741 0.671505 0
    outer loop
      vertex 30.773 8.63439 4.9
      vertex 30.7071 8.70711 2.4
      vertex 30.7071 8.70711 4.9
    endloop
  endfacet
  facet normal 0.741 0.671505 0
    outer loop
      vertex 30.7071 8.70711 2.4
      vertex 30.773 8.63439 4.9
      vertex 30.773 8.63439 2.4
    endloop
  endfacet
  facet normal -0.0491243 -0.998793 0
    outer loop
      vertex 29.902 7.00482 2.4
      vertex 30 7 4.9
      vertex 29.902 7.00482 4.9
    endloop
  endfacet
  facet normal -0.0491243 -0.998793 -0
    outer loop
      vertex 30 7 4.9
      vertex 29.902 7.00482 2.4
      vertex 30 7 2.4
    endloop
  endfacet
  facet normal 0.146696 0.989182 -0
    outer loop
      vertex 30.1951 8.98078 2.4
      vertex 30.098 8.99518 4.9
      vertex 30.1951 8.98078 4.9
    endloop
  endfacet
  facet normal 0.146696 0.989182 0
    outer loop
      vertex 30.098 8.99518 4.9
      vertex 30.1951 8.98078 2.4
      vertex 30.098 8.99518 2.4
    endloop
  endfacet
  facet normal 0.243015 -0.970023 0
    outer loop
      vertex 30.1951 7.01921 2.4
      vertex 30.2903 7.04306 4.9
      vertex 30.1951 7.01921 4.9
    endloop
  endfacet
  facet normal 0.243015 -0.970023 0
    outer loop
      vertex 30.2903 7.04306 4.9
      vertex 30.1951 7.01921 2.4
      vertex 30.2903 7.04306 2.4
    endloop
  endfacet
  facet normal -0.671607 -0.740908 0
    outer loop
      vertex 29.2929 7.29289 2.4
      vertex 29.3656 7.22699 4.9
      vertex 29.2929 7.29289 4.9
    endloop
  endfacet
  facet normal -0.671607 -0.740908 -0
    outer loop
      vertex 29.3656 7.22699 4.9
      vertex 29.2929 7.29289 2.4
      vertex 29.3656 7.22699 2.4
    endloop
  endfacet
  facet normal -0.242919 0.970047 0
    outer loop
      vertex 29.8049 8.98078 2.4
      vertex 29.7097 8.95694 4.9
      vertex 29.8049 8.98078 4.9
    endloop
  endfacet
  facet normal -0.242919 0.970047 0
    outer loop
      vertex 29.7097 8.95694 4.9
      vertex 29.8049 8.98078 2.4
      vertex 29.7097 8.95694 2.4
    endloop
  endfacet
  facet normal 0.969902 -0.243494 0
    outer loop
      vertex 30.9569 7.70971 4.9
      vertex 30.9808 7.80491 2.4
      vertex 30.9808 7.80491 4.9
    endloop
  endfacet
  facet normal 0.969902 -0.243494 0
    outer loop
      vertex 30.9808 7.80491 2.4
      vertex 30.9569 7.70971 4.9
      vertex 30.9569 7.70971 2.4
    endloop
  endfacet
  facet normal 0.427622 -0.903958 0
    outer loop
      vertex 30.3827 7.07612 2.4
      vertex 30.4714 7.11808 4.9
      vertex 30.3827 7.07612 4.9
    endloop
  endfacet
  facet normal 0.427622 -0.903958 0
    outer loop
      vertex 30.4714 7.11808 4.9
      vertex 30.3827 7.07612 2.4
      vertex 30.4714 7.11808 2.4
    endloop
  endfacet
  facet normal 0.741 -0.671505 0
    outer loop
      vertex 30.7071 7.29289 4.9
      vertex 30.773 7.36561 2.4
      vertex 30.773 7.36561 4.9
    endloop
  endfacet
  facet normal 0.741 -0.671505 0
    outer loop
      vertex 30.773 7.36561 2.4
      vertex 30.7071 7.29289 4.9
      vertex 30.7071 7.29289 2.4
    endloop
  endfacet
  facet normal -0.427622 -0.903958 0
    outer loop
      vertex 29.5286 7.11808 2.4
      vertex 29.6173 7.07612 4.9
      vertex 29.5286 7.11808 4.9
    endloop
  endfacet
  facet normal -0.427622 -0.903958 -0
    outer loop
      vertex 29.6173 7.07612 4.9
      vertex 29.5286 7.11808 2.4
      vertex 29.6173 7.07612 2.4
    endloop
  endfacet
  facet normal 0.0491243 0.998793 -0
    outer loop
      vertex 30.098 8.99518 2.4
      vertex 30 9 4.9
      vertex 30.098 8.99518 4.9
    endloop
  endfacet
  facet normal 0.0491243 0.998793 0
    outer loop
      vertex 30 9 4.9
      vertex 30.098 8.99518 2.4
      vertex 30 9 2.4
    endloop
  endfacet
  facet normal 0.989175 -0.146741 0
    outer loop
      vertex 30.9808 7.80491 4.9
      vertex 30.9952 7.90198 2.4
      vertex 30.9952 7.90198 4.9
    endloop
  endfacet
  facet normal 0.989175 -0.146741 0
    outer loop
      vertex 30.9952 7.90198 2.4
      vertex 30.9808 7.80491 4.9
      vertex 30.9808 7.80491 2.4
    endloop
  endfacet
  facet normal -0.741 0.671505 0
    outer loop
      vertex 29.227 8.63439 2.4
      vertex 29.2929 8.70711 4.9
      vertex 29.2929 8.70711 2.4
    endloop
  endfacet
  facet normal -0.741 0.671505 0
    outer loop
      vertex 29.2929 8.70711 4.9
      vertex 29.227 8.63439 2.4
      vertex 29.227 8.63439 4.9
    endloop
  endfacet
  facet normal -0.595817 -0.80312 0
    outer loop
      vertex 29.3656 7.22699 2.4
      vertex 29.4444 7.16853 4.9
      vertex 29.3656 7.22699 4.9
    endloop
  endfacet
  facet normal -0.595817 -0.80312 -0
    outer loop
      vertex 29.4444 7.16853 4.9
      vertex 29.3656 7.22699 2.4
      vertex 29.4444 7.16853 2.4
    endloop
  endfacet
  facet normal 0 0 1
    outer loop
      vertex 30.9952 8.09802 4.9
      vertex 30.9952 7.90198 4.9
      vertex 31 8 4.9
    endloop
  endfacet
  facet normal 0 0 1
    outer loop
      vertex 30.9808 8.19509 4.9
      vertex 30.9952 7.90198 4.9
      vertex 30.9952 8.09802 4.9
    endloop
  endfacet
  facet normal 0 0 1
    outer loop
      vertex 30.9808 8.19509 4.9
      vertex 30.9808 7.80491 4.9
      vertex 30.9952 7.90198 4.9
    endloop
  endfacet
  facet normal 0 0 1
    outer loop
      vertex 30.9569 8.29028 4.9
      vertex 30.9808 7.80491 4.9
      vertex 30.9808 8.19509 4.9
    endloop
  endfacet
  facet normal 0 0 1
    outer loop
      vertex 30.9569 8.29028 4.9
      vertex 30.9569 7.70971 4.9
      vertex 30.9808 7.80491 4.9
    endloop
  endfacet
  facet normal 0 0 1
    outer loop
      vertex 30.9239 8.38268 4.9
      vertex 30.9569 7.70971 4.9
      vertex 30.9569 8.29028 4.9
    endloop
  endfacet
  facet normal 0 0 1
    outer loop
      vertex 30.9239 8.38268 4.9
      vertex 30.9239 7.61732 4.9
      vertex 30.9569 7.70971 4.9
    endloop
  endfacet
  facet normal 0 0 1
    outer loop
      vertex 30.8819 8.4714 4.9
      vertex 30.9239 7.61732 4.9
      vertex 30.9239 8.38268 4.9
    endloop
  endfacet
  facet normal 0 0 1
    outer loop
      vertex 30.8819 8.4714 4.9
      vertex 30.8819 7.5286 4.9
      vertex 30.9239 7.61732 4.9
    endloop
  endfacet
  facet normal 0 0 1
    outer loop
      vertex 30.8315 8.55557 4.9
      vertex 30.8819 7.5286 4.9
      vertex 30.8819 8.4714 4.9
    endloop
  endfacet
  facet normal 0 0 1
    outer loop
      vertex 30.8315 8.55557 4.9
      vertex 30.8315 7.44443 4.9
      vertex 30.8819 7.5286 4.9
    endloop
  endfacet
  facet normal 0 0 1
    outer loop
      vertex 30.773 8.63439 4.9
      vertex 30.8315 7.44443 4.9
      vertex 30.8315 8.55557 4.9
    endloop
  endfacet
  facet normal 0 0 1
    outer loop
      vertex 30.773 8.63439 4.9
      vertex 30.773 7.36561 4.9
      vertex 30.8315 7.44443 4.9
    endloop
  endfacet
  facet normal 0 0 1
    outer loop
      vertex 30.7071 8.70711 4.9
      vertex 30.773 7.36561 4.9
      vertex 30.773 8.63439 4.9
    endloop
  endfacet
  facet normal 0 0 1
    outer loop
      vertex 30.7071 8.70711 4.9
      vertex 30.7071 7.29289 4.9
      vertex 30.773 7.36561 4.9
    endloop
  endfacet
  facet normal 0 0 1
    outer loop
      vertex 30.6344 8.77301 4.9
      vertex 30.7071 7.29289 4.9
      vertex 30.7071 8.70711 4.9
    endloop
  endfacet
  facet normal 0 0 1
    outer loop
      vertex 30.6344 8.77301 4.9
      vertex 30.6344 7.22699 4.9
      vertex 30.7071 7.29289 4.9
    endloop
  endfacet
  facet normal 0 0 1
    outer loop
      vertex 30.5556 8.83147 4.9
      vertex 30.6344 7.22699 4.9
      vertex 30.6344 8.77301 4.9
    endloop
  endfacet
  facet normal 0 0 1
    outer loop
      vertex 30.5556 8.83147 4.9
      vertex 30.5556 7.16853 4.9
      vertex 30.6344 7.22699 4.9
    endloop
  endfacet
  facet normal 0 0 1
    outer loop
      vertex 30.4714 8.88192 4.9
      vertex 30.5556 7.16853 4.9
      vertex 30.5556 8.83147 4.9
    endloop
  endfacet
  facet normal 0 0 1
    outer loop
      vertex 30.4714 8.88192 4.9
      vertex 30.4714 7.11808 4.9
      vertex 30.5556 7.16853 4.9
    endloop
  endfacet
  facet normal 0 0 1
    outer loop
      vertex 30.3827 8.92388 4.9
      vertex 30.4714 7.11808 4.9
      vertex 30.4714 8.88192 4.9
    endloop
  endfacet
  facet normal 0 0 1
    outer loop
      vertex 30.3827 8.92388 4.9
      vertex 30.3827 7.07612 4.9
      vertex 30.4714 7.11808 4.9
    endloop
  endfacet
  facet normal 0 0 1
    outer loop
      vertex 30.2903 8.95694 4.9
      vertex 30.3827 7.07612 4.9
      vertex 30.3827 8.92388 4.9
    endloop
  endfacet
  facet normal 0 0 1
    outer loop
      vertex 30.2903 8.95694 4.9
      vertex 30.2903 7.04306 4.9
      vertex 30.3827 7.07612 4.9
    endloop
  endfacet
  facet normal 0 0 1
    outer loop
      vertex 30.1951 8.98078 4.9
      vertex 30.2903 7.04306 4.9
      vertex 30.2903 8.95694 4.9
    endloop
  endfacet
  facet normal 0 0 1
    outer loop
      vertex 30.1951 8.98078 4.9
      vertex 30.1951 7.01921 4.9
      vertex 30.2903 7.04306 4.9
    endloop
  endfacet
  facet normal 0 0 1
    outer loop
      vertex 30.098 8.99518 4.9
      vertex 30.1951 7.01921 4.9
      vertex 30.1951 8.98078 4.9
    endloop
  endfacet
  facet normal 0 0 1
    outer loop
      vertex 30.098 8.99518 4.9
      vertex 30.098 7.00482 4.9
      vertex 30.1951 7.01921 4.9
    endloop
  endfacet
  facet normal 0 0 1
    outer loop
      vertex 30 9 4.9
      vertex 30.098 7.00482 4.9
      vertex 30.098 8.99518 4.9
    endloop
  endfacet
  facet normal 0 0 1
    outer loop
      vertex 30 9 4.9
      vertex 30 7 4.9
      vertex 30.098 7.00482 4.9
    endloop
  endfacet
  facet normal -0 0 1
    outer loop
      vertex 29.902 8.99518 4.9
      vertex 30 7 4.9
      vertex 30 9 4.9
    endloop
  endfacet
  facet normal 0 0 1
    outer loop
      vertex 29.902 8.99518 4.9
      vertex 29.902 7.00482 4.9
      vertex 30 7 4.9
    endloop
  endfacet
  facet normal -0 0 1
    outer loop
      vertex 29.8049 8.98078 4.9
      vertex 29.902 7.00482 4.9
      vertex 29.902 8.99518 4.9
    endloop
  endfacet
  facet normal 0 0 1
    outer loop
      vertex 29.8049 8.98078 4.9
      vertex 29.8049 7.01921 4.9
      vertex 29.902 7.00482 4.9
    endloop
  endfacet
  facet normal -0 0 1
    outer loop
      vertex 29.7097 8.95694 4.9
      vertex 29.8049 7.01921 4.9
      vertex 29.8049 8.98078 4.9
    endloop
  endfacet
  facet normal 0 0 1
    outer loop
      vertex 29.7097 8.95694 4.9
      vertex 29.7097 7.04306 4.9
      vertex 29.8049 7.01921 4.9
    endloop
  endfacet
  facet normal -0 0 1
    outer loop
      vertex 29.6173 8.92388 4.9
      vertex 29.7097 7.04306 4.9
      vertex 29.7097 8.95694 4.9
    endloop
  endfacet
  facet normal 0 0 1
    outer loop
      vertex 29.6173 8.92388 4.9
      vertex 29.6173 7.07612 4.9
      vertex 29.7097 7.04306 4.9
    endloop
  endfacet
  facet normal -0 0 1
    outer loop
      vertex 29.5286 8.88192 4.9
      vertex 29.6173 7.07612 4.9
      vertex 29.6173 8.92388 4.9
    endloop
  endfacet
  facet normal 0 0 1
    outer loop
      vertex 29.5286 8.88192 4.9
      vertex 29.5286 7.11808 4.9
      vertex 29.6173 7.07612 4.9
    endloop
  endfacet
  facet normal -0 0 1
    outer loop
      vertex 29.4444 8.83147 4.9
      vertex 29.5286 7.11808 4.9
      vertex 29.5286 8.88192 4.9
    endloop
  endfacet
  facet normal 0 0 1
    outer loop
      vertex 29.4444 8.83147 4.9
      vertex 29.4444 7.16853 4.9
      vertex 29.5286 7.11808 4.9
    endloop
  endfacet
  facet normal -0 0 1
    outer loop
      vertex 29.3656 8.77301 4.9
      vertex 29.4444 7.16853 4.9
      vertex 29.4444 8.83147 4.9
    endloop
  endfacet
  facet normal 0 0 1
    outer loop
      vertex 29.3656 8.77301 4.9
      vertex 29.3656 7.22699 4.9
      vertex 29.4444 7.16853 4.9
    endloop
  endfacet
  facet normal -0 0 1
    outer loop
      vertex 29.2929 8.70711 4.9
      vertex 29.3656 7.22699 4.9
      vertex 29.3656 8.77301 4.9
    endloop
  endfacet
  facet normal 0 0 1
    outer loop
      vertex 29.2929 8.70711 4.9
      vertex 29.2929 7.29289 4.9
      vertex 29.3656 7.22699 4.9
    endloop
  endfacet
  facet normal -0 0 1
    outer loop
      vertex 29.227 8.63439 4.9
      vertex 29.2929 7.29289 4.9
      vertex 29.2929 8.70711 4.9
    endloop
  endfacet
  facet normal 0 0 1
    outer loop
      vertex 29.227 8.63439 4.9
      vertex 29.227 7.36561 4.9
      vertex 29.2929 7.29289 4.9
    endloop
  endfacet
  facet normal -0 0 1
    outer loop
      vertex 29.1685 8.55557 4.9
      vertex 29.227 7.36561 4.9
      vertex 29.227 8.63439 4.9
    endloop
  endfacet
  facet normal 0 0 1
    outer loop
      vertex 29.1685 8.55557 4.9
      vertex 29.1685 7.44443 4.9
      vertex 29.227 7.36561 4.9
    endloop
  endfacet
  facet normal -0 0 1
    outer loop
      vertex 29.1181 8.4714 4.9
      vertex 29.1685 7.44443 4.9
      vertex 29.1685 8.55557 4.9
    endloop
  endfacet
  facet normal 0 0 1
    outer loop
      vertex 29.1181 8.4714 4.9
      vertex 29.1181 7.5286 4.9
      vertex 29.1685 7.44443 4.9
    endloop
  endfacet
  facet normal -0 0 1
    outer loop
      vertex 29.0761 8.38268 4.9
      vertex 29.1181 7.5286 4.9
      vertex 29.1181 8.4714 4.9
    endloop
  endfacet
  facet normal 0 0 1
    outer loop
      vertex 29.0761 8.38268 4.9
      vertex 29.0761 7.61732 4.9
      vertex 29.1181 7.5286 4.9
    endloop
  endfacet
  facet normal -0 0 1
    outer loop
      vertex 29.0431 8.29028 4.9
      vertex 29.0761 7.61732 4.9
      vertex 29.0761 8.38268 4.9
    endloop
  endfacet
  facet normal 0 0 1
    outer loop
      vertex 29.0431 8.29028 4.9
      vertex 29.0431 7.70971 4.9
      vertex 29.0761 7.61732 4.9
    endloop
  endfacet
  facet normal -0 0 1
    outer loop
      vertex 29.0192 8.19509 4.9
      vertex 29.0431 7.70971 4.9
      vertex 29.0431 8.29028 4.9
    endloop
  endfacet
  facet normal 0 0 1
    outer loop
      vertex 29.0192 8.19509 4.9
      vertex 29.0192 7.80491 4.9
      vertex 29.0431 7.70971 4.9
    endloop
  endfacet
  facet normal -0 0 1
    outer loop
      vertex 29.0048 8.09802 4.9
      vertex 29.0192 7.80491 4.9
      vertex 29.0192 8.19509 4.9
    endloop
  endfacet
  facet normal 0 0 1
    outer loop
      vertex 29.0048 8.09802 4.9
      vertex 29.0048 7.90198 4.9
      vertex 29.0192 7.80491 4.9
    endloop
  endfacet
  facet normal 0 -0 1
    outer loop
      vertex 29.0048 7.90198 4.9
      vertex 29.0048 8.09802 4.9
      vertex 29 8 4.9
    endloop
  endfacet
  facet normal 0.802997 -0.595983 0
    outer loop
      vertex 30.773 7.36561 4.9
      vertex 30.8315 7.44443 2.4
      vertex 30.8315 7.44443 4.9
    endloop
  endfacet
  facet normal 0.802997 -0.595983 0
    outer loop
      vertex 30.8315 7.44443 2.4
      vertex 30.773 7.36561 4.9
      vertex 30.773 7.36561 2.4
    endloop
  endfacet
  facet normal 0.998803 0.048911 0
    outer loop
      vertex 31 8 4.9
      vertex 30.9952 8.09802 2.4
      vertex 30.9952 8.09802 4.9
    endloop
  endfacet
  facet normal 0.998803 0.048911 0
    outer loop
      vertex 30.9952 8.09802 2.4
      vertex 31 8 4.9
      vertex 31 8 2.4
    endloop
  endfacet
  facet normal -0.741 -0.671505 0
    outer loop
      vertex 29.2929 7.29289 2.4
      vertex 29.227 7.36561 4.9
      vertex 29.227 7.36561 2.4
    endloop
  endfacet
  facet normal -0.741 -0.671505 0
    outer loop
      vertex 29.227 7.36561 4.9
      vertex 29.2929 7.29289 2.4
      vertex 29.2929 7.29289 4.9
    endloop
  endfacet
  facet normal -0.989182 0.146696 0
    outer loop
      vertex 29.0048 11.598 2.4
      vertex 29.0192 11.6951 4.9
      vertex 29.0192 11.6951 2.4
    endloop
  endfacet
  facet normal -0.989182 0.146696 0
    outer loop
      vertex 29.0192 11.6951 4.9
      vertex 29.0048 11.598 2.4
      vertex 29.0048 11.598 4.9
    endloop
  endfacet
  facet normal -0.998803 0.0489209 0
    outer loop
      vertex 29 11.5 2.4
      vertex 29.0048 11.598 4.9
      vertex 29.0048 11.598 2.4
    endloop
  endfacet
  facet normal -0.998803 0.0489209 0
    outer loop
      vertex 29.0048 11.598 4.9
      vertex 29 11.5 2.4
      vertex 29 11.5 4.9
    endloop
  endfacet
  facet normal -0.969902 0.243494 0
    outer loop
      vertex 29.0192 11.6951 2.4
      vertex 29.0431 11.7903 4.9
      vertex 29.0431 11.7903 2.4
    endloop
  endfacet
  facet normal -0.969902 0.243494 0
    outer loop
      vertex 29.0431 11.7903 4.9
      vertex 29.0192 11.6951 2.4
      vertex 29.0192 11.6951 4.9
    endloop
  endfacet
  facet normal 0.243494 0.969902 -0
    outer loop
      vertex 30.2903 12.4569 2.4
      vertex 30.1951 12.4808 4.9
      vertex 30.2903 12.4569 4.9
    endloop
  endfacet
  facet normal 0.243494 0.969902 0
    outer loop
      vertex 30.1951 12.4808 4.9
      vertex 30.2903 12.4569 2.4
      vertex 30.1951 12.4808 2.4
    endloop
  endfacet
  facet normal 0.9038 -0.427955 0
    outer loop
      vertex 30.8819 11.0286 4.9
      vertex 30.9239 11.1173 2.4
      vertex 30.9239 11.1173 4.9
    endloop
  endfacet
  facet normal 0.9038 -0.427955 0
    outer loop
      vertex 30.9239 11.1173 2.4
      vertex 30.8819 11.0286 4.9
      vertex 30.8819 11.0286 2.4
    endloop
  endfacet
  facet normal -0.427955 -0.9038 0
    outer loop
      vertex 29.5286 10.6181 2.4
      vertex 29.6173 10.5761 4.9
      vertex 29.5286 10.6181 4.9
    endloop
  endfacet
  facet normal -0.427955 -0.9038 -0
    outer loop
      vertex 29.6173 10.5761 4.9
      vertex 29.5286 10.6181 2.4
      vertex 29.6173 10.5761 2.4
    endloop
  endfacet
  facet normal -0.513596 0.858032 0
    outer loop
      vertex 29.5286 12.3819 2.4
      vertex 29.4444 12.3315 4.9
      vertex 29.5286 12.3819 4.9
    endloop
  endfacet
  facet normal -0.513596 0.858032 0
    outer loop
      vertex 29.4444 12.3315 4.9
      vertex 29.5286 12.3819 2.4
      vertex 29.4444 12.3315 2.4
    endloop
  endfacet
  facet normal -0.513596 -0.858032 0
    outer loop
      vertex 29.4444 10.6685 2.4
      vertex 29.5286 10.6181 4.9
      vertex 29.4444 10.6685 4.9
    endloop
  endfacet
  facet normal -0.513596 -0.858032 -0
    outer loop
      vertex 29.5286 10.6181 4.9
      vertex 29.4444 10.6685 2.4
      vertex 29.5286 10.6181 2.4
    endloop
  endfacet
  facet normal -0.336336 -0.941742 0
    outer loop
      vertex 29.6173 10.5761 2.4
      vertex 29.7097 10.5431 4.9
      vertex 29.6173 10.5761 4.9
    endloop
  endfacet
  facet normal -0.336336 -0.941742 -0
    outer loop
      vertex 29.7097 10.5431 4.9
      vertex 29.6173 10.5761 2.4
      vertex 29.7097 10.5431 2.4
    endloop
  endfacet
  facet normal 0.969902 0.243494 0
    outer loop
      vertex 30.9808 11.6951 4.9
      vertex 30.9569 11.7903 2.4
      vertex 30.9569 11.7903 4.9
    endloop
  endfacet
  facet normal 0.969902 0.243494 0
    outer loop
      vertex 30.9569 11.7903 2.4
      vertex 30.9808 11.6951 4.9
      vertex 30.9808 11.6951 2.4
    endloop
  endfacet
  facet normal 0.671607 0.740908 -0
    outer loop
      vertex 30.7071 12.2071 2.4
      vertex 30.6344 12.273 4.9
      vertex 30.7071 12.2071 4.9
    endloop
  endfacet
  facet normal 0.671607 0.740908 0
    outer loop
      vertex 30.6344 12.273 4.9
      vertex 30.7071 12.2071 2.4
      vertex 30.6344 12.273 2.4
    endloop
  endfacet
  facet normal 0.513596 0.858032 -0
    outer loop
      vertex 30.5556 12.3315 2.4
      vertex 30.4714 12.3819 4.9
      vertex 30.5556 12.3315 4.9
    endloop
  endfacet
  facet normal 0.513596 0.858032 0
    outer loop
      vertex 30.4714 12.3819 4.9
      vertex 30.5556 12.3315 2.4
      vertex 30.4714 12.3819 2.4
    endloop
  endfacet
  facet normal -0.146696 -0.989182 0
    outer loop
      vertex 29.8049 10.5192 2.4
      vertex 29.902 10.5048 4.9
      vertex 29.8049 10.5192 4.9
    endloop
  endfacet
  facet normal -0.146696 -0.989182 -0
    outer loop
      vertex 29.902 10.5048 4.9
      vertex 29.8049 10.5192 2.4
      vertex 29.902 10.5048 2.4
    endloop
  endfacet
  facet normal 0.802925 0.59608 0
    outer loop
      vertex 30.8315 12.0556 4.9
      vertex 30.773 12.1344 2.4
      vertex 30.773 12.1344 4.9
    endloop
  endfacet
  facet normal 0.802925 0.59608 0
    outer loop
      vertex 30.773 12.1344 2.4
      vertex 30.8315 12.0556 4.9
      vertex 30.8315 12.0556 2.4
    endloop
  endfacet
  facet normal -0.9038 0.427955 0
    outer loop
      vertex 29.0761 11.8827 2.4
      vertex 29.1181 11.9714 4.9
      vertex 29.1181 11.9714 2.4
    endloop
  endfacet
  facet normal -0.9038 0.427955 0
    outer loop
      vertex 29.1181 11.9714 4.9
      vertex 29.0761 11.8827 2.4
      vertex 29.0761 11.8827 4.9
    endloop
  endfacet
  facet normal 0.941742 0.336336 0
    outer loop
      vertex 30.9569 11.7903 4.9
      vertex 30.9239 11.8827 2.4
      vertex 30.9239 11.8827 4.9
    endloop
  endfacet
  facet normal 0.941742 0.336336 0
    outer loop
      vertex 30.9239 11.8827 2.4
      vertex 30.9569 11.7903 4.9
      vertex 30.9569 11.7903 2.4
    endloop
  endfacet
  facet normal 0.336336 -0.941742 0
    outer loop
      vertex 30.2903 10.5431 2.4
      vertex 30.3827 10.5761 4.9
      vertex 30.2903 10.5431 4.9
    endloop
  endfacet
  facet normal 0.336336 -0.941742 0
    outer loop
      vertex 30.3827 10.5761 4.9
      vertex 30.2903 10.5431 2.4
      vertex 30.3827 10.5761 2.4
    endloop
  endfacet
  facet normal -0.59608 0.802925 0
    outer loop
      vertex 29.4444 12.3315 2.4
      vertex 29.3656 12.273 4.9
      vertex 29.4444 12.3315 4.9
    endloop
  endfacet
  facet normal -0.59608 0.802925 0
    outer loop
      vertex 29.3656 12.273 4.9
      vertex 29.4444 12.3315 2.4
      vertex 29.3656 12.273 2.4
    endloop
  endfacet
  facet normal 0.9038 0.427955 0
    outer loop
      vertex 30.9239 11.8827 4.9
      vertex 30.8819 11.9714 2.4
      vertex 30.8819 11.9714 4.9
    endloop
  endfacet
  facet normal 0.9038 0.427955 0
    outer loop
      vertex 30.8819 11.9714 2.4
      vertex 30.9239 11.8827 4.9
      vertex 30.9239 11.8827 2.4
    endloop
  endfacet
  facet normal -0.802925 -0.59608 0
    outer loop
      vertex 29.227 10.8656 2.4
      vertex 29.1685 10.9444 4.9
      vertex 29.1685 10.9444 2.4
    endloop
  endfacet
  facet normal -0.802925 -0.59608 0
    outer loop
      vertex 29.1685 10.9444 4.9
      vertex 29.227 10.8656 2.4
      vertex 29.227 10.8656 4.9
    endloop
  endfacet
  facet normal -0.146696 0.989182 0
    outer loop
      vertex 29.902 12.4952 2.4
      vertex 29.8049 12.4808 4.9
      vertex 29.902 12.4952 4.9
    endloop
  endfacet
  facet normal -0.146696 0.989182 0
    outer loop
      vertex 29.8049 12.4808 4.9
      vertex 29.902 12.4952 2.4
      vertex 29.8049 12.4808 2.4
    endloop
  endfacet
  facet normal 0.989182 0.146696 0
    outer loop
      vertex 30.9952 11.598 4.9
      vertex 30.9808 11.6951 2.4
      vertex 30.9808 11.6951 4.9
    endloop
  endfacet
  facet normal 0.989182 0.146696 0
    outer loop
      vertex 30.9808 11.6951 2.4
      vertex 30.9952 11.598 4.9
      vertex 30.9952 11.598 2.4
    endloop
  endfacet
  facet normal -0.802925 0.59608 0
    outer loop
      vertex 29.1685 12.0556 2.4
      vertex 29.227 12.1344 4.9
      vertex 29.227 12.1344 2.4
    endloop
  endfacet
  facet normal -0.802925 0.59608 0
    outer loop
      vertex 29.227 12.1344 4.9
      vertex 29.1685 12.0556 2.4
      vertex 29.1685 12.0556 4.9
    endloop
  endfacet
  facet normal -0.0489209 0.998803 0
    outer loop
      vertex 30 12.5 2.4
      vertex 29.902 12.4952 4.9
      vertex 30 12.5 4.9
    endloop
  endfacet
  facet normal -0.0489209 0.998803 0
    outer loop
      vertex 29.902 12.4952 4.9
      vertex 30 12.5 2.4
      vertex 29.902 12.4952 2.4
    endloop
  endfacet
  facet normal 0.146696 0.989182 -0
    outer loop
      vertex 30.1951 12.4808 2.4
      vertex 30.098 12.4952 4.9
      vertex 30.1951 12.4808 4.9
    endloop
  endfacet
  facet normal 0.146696 0.989182 0
    outer loop
      vertex 30.098 12.4952 4.9
      vertex 30.1951 12.4808 2.4
      vertex 30.098 12.4952 2.4
    endloop
  endfacet
  facet normal 0.858032 -0.513596 0
    outer loop
      vertex 30.8315 10.9444 4.9
      vertex 30.8819 11.0286 2.4
      vertex 30.8819 11.0286 4.9
    endloop
  endfacet
  facet normal 0.858032 -0.513596 0
    outer loop
      vertex 30.8819 11.0286 2.4
      vertex 30.8315 10.9444 4.9
      vertex 30.8315 10.9444 2.4
    endloop
  endfacet
  facet normal 0.941742 -0.336336 0
    outer loop
      vertex 30.9239 11.1173 4.9
      vertex 30.9569 11.2097 2.4
      vertex 30.9569 11.2097 4.9
    endloop
  endfacet
  facet normal 0.941742 -0.336336 0
    outer loop
      vertex 30.9569 11.2097 2.4
      vertex 30.9239 11.1173 4.9
      vertex 30.9239 11.1173 2.4
    endloop
  endfacet
  facet normal 0.427955 0.9038 -0
    outer loop
      vertex 30.4714 12.3819 2.4
      vertex 30.3827 12.4239 4.9
      vertex 30.4714 12.3819 4.9
    endloop
  endfacet
  facet normal 0.427955 0.9038 0
    outer loop
      vertex 30.3827 12.4239 4.9
      vertex 30.4714 12.3819 2.4
      vertex 30.3827 12.4239 2.4
    endloop
  endfacet
  facet normal -0.9038 -0.427955 0
    outer loop
      vertex 29.1181 11.0286 2.4
      vertex 29.0761 11.1173 4.9
      vertex 29.0761 11.1173 2.4
    endloop
  endfacet
  facet normal -0.9038 -0.427955 0
    outer loop
      vertex 29.0761 11.1173 4.9
      vertex 29.1181 11.0286 2.4
      vertex 29.1181 11.0286 4.9
    endloop
  endfacet
  facet normal 0.59608 -0.802925 0
    outer loop
      vertex 30.5556 10.6685 2.4
      vertex 30.6344 10.727 4.9
      vertex 30.5556 10.6685 4.9
    endloop
  endfacet
  facet normal 0.59608 -0.802925 0
    outer loop
      vertex 30.6344 10.727 4.9
      vertex 30.5556 10.6685 2.4
      vertex 30.6344 10.727 2.4
    endloop
  endfacet
  facet normal 0.858032 0.513596 0
    outer loop
      vertex 30.8819 11.9714 4.9
      vertex 30.8315 12.0556 2.4
      vertex 30.8315 12.0556 4.9
    endloop
  endfacet
  facet normal 0.858032 0.513596 0
    outer loop
      vertex 30.8315 12.0556 2.4
      vertex 30.8819 11.9714 4.9
      vertex 30.8819 11.9714 2.4
    endloop
  endfacet
  facet normal -0.998803 -0.0489209 0
    outer loop
      vertex 29.0048 11.402 2.4
      vertex 29 11.5 4.9
      vertex 29 11.5 2.4
    endloop
  endfacet
  facet normal -0.998803 -0.0489209 0
    outer loop
      vertex 29 11.5 4.9
      vertex 29.0048 11.402 2.4
      vertex 29.0048 11.402 4.9
    endloop
  endfacet
  facet normal -0.941742 -0.336336 0
    outer loop
      vertex 29.0761 11.1173 2.4
      vertex 29.0431 11.2097 4.9
      vertex 29.0431 11.2097 2.4
    endloop
  endfacet
  facet normal -0.941742 -0.336336 0
    outer loop
      vertex 29.0431 11.2097 4.9
      vertex 29.0761 11.1173 2.4
      vertex 29.0761 11.1173 4.9
    endloop
  endfacet
  facet normal -0.243494 -0.969902 0
    outer loop
      vertex 29.7097 10.5431 2.4
      vertex 29.8049 10.5192 4.9
      vertex 29.7097 10.5431 4.9
    endloop
  endfacet
  facet normal -0.243494 -0.969902 -0
    outer loop
      vertex 29.8049 10.5192 4.9
      vertex 29.7097 10.5431 2.4
      vertex 29.8049 10.5192 2.4
    endloop
  endfacet
  facet normal -0.941742 0.336336 0
    outer loop
      vertex 29.0431 11.7903 2.4
      vertex 29.0761 11.8827 4.9
      vertex 29.0761 11.8827 2.4
    endloop
  endfacet
  facet normal -0.941742 0.336336 0
    outer loop
      vertex 29.0761 11.8827 4.9
      vertex 29.0431 11.7903 2.4
      vertex 29.0431 11.7903 4.9
    endloop
  endfacet
  facet normal 0.998803 -0.0489209 0
    outer loop
      vertex 30.9952 11.402 4.9
      vertex 31 11.5 2.4
      vertex 31 11.5 4.9
    endloop
  endfacet
  facet normal 0.998803 -0.0489209 0
    outer loop
      vertex 31 11.5 2.4
      vertex 30.9952 11.402 4.9
      vertex 30.9952 11.402 2.4
    endloop
  endfacet
  facet normal -0.989182 -0.146696 0
    outer loop
      vertex 29.0192 11.3049 2.4
      vertex 29.0048 11.402 4.9
      vertex 29.0048 11.402 2.4
    endloop
  endfacet
  facet normal -0.989182 -0.146696 0
    outer loop
      vertex 29.0048 11.402 4.9
      vertex 29.0192 11.3049 2.4
      vertex 29.0192 11.3049 4.9
    endloop
  endfacet
  facet normal 0.671607 -0.740908 0
    outer loop
      vertex 30.6344 10.727 2.4
      vertex 30.7071 10.7929 4.9
      vertex 30.6344 10.727 4.9
    endloop
  endfacet
  facet normal 0.671607 -0.740908 0
    outer loop
      vertex 30.7071 10.7929 4.9
      vertex 30.6344 10.727 2.4
      vertex 30.7071 10.7929 2.4
    endloop
  endfacet
  facet normal -0.969902 -0.243494 0
    outer loop
      vertex 29.0431 11.2097 2.4
      vertex 29.0192 11.3049 4.9
      vertex 29.0192 11.3049 2.4
    endloop
  endfacet
  facet normal -0.969902 -0.243494 0
    outer loop
      vertex 29.0192 11.3049 4.9
      vertex 29.0431 11.2097 2.4
      vertex 29.0431 11.2097 4.9
    endloop
  endfacet
  facet normal -0.671607 0.740908 0
    outer loop
      vertex 29.3656 12.273 2.4
      vertex 29.2929 12.2071 4.9
      vertex 29.3656 12.273 4.9
    endloop
  endfacet
  facet normal -0.671607 0.740908 0
    outer loop
      vertex 29.2929 12.2071 4.9
      vertex 29.3656 12.273 2.4
      vertex 29.2929 12.2071 2.4
    endloop
  endfacet
  facet normal -0.336336 0.941742 0
    outer loop
      vertex 29.7097 12.4569 2.4
      vertex 29.6173 12.4239 4.9
      vertex 29.7097 12.4569 4.9
    endloop
  endfacet
  facet normal -0.336336 0.941742 0
    outer loop
      vertex 29.6173 12.4239 4.9
      vertex 29.7097 12.4569 2.4
      vertex 29.6173 12.4239 2.4
    endloop
  endfacet
  facet normal 0.336336 0.941742 -0
    outer loop
      vertex 30.3827 12.4239 2.4
      vertex 30.2903 12.4569 4.9
      vertex 30.3827 12.4239 4.9
    endloop
  endfacet
  facet normal 0.336336 0.941742 0
    outer loop
      vertex 30.2903 12.4569 4.9
      vertex 30.3827 12.4239 2.4
      vertex 30.2903 12.4569 2.4
    endloop
  endfacet
  facet normal 0.513596 -0.858032 0
    outer loop
      vertex 30.4714 10.6181 2.4
      vertex 30.5556 10.6685 4.9
      vertex 30.4714 10.6181 4.9
    endloop
  endfacet
  facet normal 0.513596 -0.858032 0
    outer loop
      vertex 30.5556 10.6685 4.9
      vertex 30.4714 10.6181 2.4
      vertex 30.5556 10.6685 2.4
    endloop
  endfacet
  facet normal -0.858032 -0.513596 0
    outer loop
      vertex 29.1685 10.9444 2.4
      vertex 29.1181 11.0286 4.9
      vertex 29.1181 11.0286 2.4
    endloop
  endfacet
  facet normal -0.858032 -0.513596 0
    outer loop
      vertex 29.1181 11.0286 4.9
      vertex 29.1685 10.9444 2.4
      vertex 29.1685 10.9444 4.9
    endloop
  endfacet
  facet normal -0.427955 0.9038 0
    outer loop
      vertex 29.6173 12.4239 2.4
      vertex 29.5286 12.3819 4.9
      vertex 29.6173 12.4239 4.9
    endloop
  endfacet
  facet normal -0.427955 0.9038 0
    outer loop
      vertex 29.5286 12.3819 4.9
      vertex 29.6173 12.4239 2.4
      vertex 29.5286 12.3819 2.4
    endloop
  endfacet
  facet normal 0.146696 -0.989182 0
    outer loop
      vertex 30.098 10.5048 2.4
      vertex 30.1951 10.5192 4.9
      vertex 30.098 10.5048 4.9
    endloop
  endfacet
  facet normal 0.146696 -0.989182 0
    outer loop
      vertex 30.1951 10.5192 4.9
      vertex 30.098 10.5048 2.4
      vertex 30.1951 10.5192 2.4
    endloop
  endfacet
  facet normal -0.858032 0.513596 0
    outer loop
      vertex 29.1181 11.9714 2.4
      vertex 29.1685 12.0556 4.9
      vertex 29.1685 12.0556 2.4
    endloop
  endfacet
  facet normal -0.858032 0.513596 0
    outer loop
      vertex 29.1685 12.0556 4.9
      vertex 29.1181 11.9714 2.4
      vertex 29.1181 11.9714 4.9
    endloop
  endfacet
  facet normal 0.0489209 0.998803 -0
    outer loop
      vertex 30.098 12.4952 2.4
      vertex 30 12.5 4.9
      vertex 30.098 12.4952 4.9
    endloop
  endfacet
  facet normal 0.0489209 0.998803 0
    outer loop
      vertex 30 12.5 4.9
      vertex 30.098 12.4952 2.4
      vertex 30 12.5 2.4
    endloop
  endfacet
  facet normal 0.59608 0.802925 -0
    outer loop
      vertex 30.6344 12.273 2.4
      vertex 30.5556 12.3315 4.9
      vertex 30.6344 12.273 4.9
    endloop
  endfacet
  facet normal 0.59608 0.802925 0
    outer loop
      vertex 30.5556 12.3315 4.9
      vertex 30.6344 12.273 2.4
      vertex 30.5556 12.3315 2.4
    endloop
  endfacet
  facet normal 0.0489209 -0.998803 0
    outer loop
      vertex 30 10.5 2.4
      vertex 30.098 10.5048 4.9
      vertex 30 10.5 4.9
    endloop
  endfacet
  facet normal 0.0489209 -0.998803 0
    outer loop
      vertex 30.098 10.5048 4.9
      vertex 30 10.5 2.4
      vertex 30.098 10.5048 2.4
    endloop
  endfacet
  facet normal 0.740908 0.671607 0
    outer loop
      vertex 30.773 12.1344 4.9
      vertex 30.7071 12.2071 2.4
      vertex 30.7071 12.2071 4.9
    endloop
  endfacet
  facet normal 0.740908 0.671607 0
    outer loop
      vertex 30.7071 12.2071 2.4
      vertex 30.773 12.1344 4.9
      vertex 30.773 12.1344 2.4
    endloop
  endfacet
  facet normal -0.0489209 -0.998803 0
    outer loop
      vertex 29.902 10.5048 2.4
      vertex 30 10.5 4.9
      vertex 29.902 10.5048 4.9
    endloop
  endfacet
  facet normal -0.0489209 -0.998803 -0
    outer loop
      vertex 30 10.5 4.9
      vertex 29.902 10.5048 2.4
      vertex 30 10.5 2.4
    endloop
  endfacet
  facet normal 0.243494 -0.969902 0
    outer loop
      vertex 30.1951 10.5192 2.4
      vertex 30.2903 10.5431 4.9
      vertex 30.1951 10.5192 4.9
    endloop
  endfacet
  facet normal 0.243494 -0.969902 0
    outer loop
      vertex 30.2903 10.5431 4.9
      vertex 30.1951 10.5192 2.4
      vertex 30.2903 10.5431 2.4
    endloop
  endfacet
  facet normal -0.671607 -0.740908 0
    outer loop
      vertex 29.2929 10.7929 2.4
      vertex 29.3656 10.727 4.9
      vertex 29.2929 10.7929 4.9
    endloop
  endfacet
  facet normal -0.671607 -0.740908 -0
    outer loop
      vertex 29.3656 10.727 4.9
      vertex 29.2929 10.7929 2.4
      vertex 29.3656 10.727 2.4
    endloop
  endfacet
  facet normal -0.243494 0.969902 0
    outer loop
      vertex 29.8049 12.4808 2.4
      vertex 29.7097 12.4569 4.9
      vertex 29.8049 12.4808 4.9
    endloop
  endfacet
  facet normal -0.243494 0.969902 0
    outer loop
      vertex 29.7097 12.4569 4.9
      vertex 29.8049 12.4808 2.4
      vertex 29.7097 12.4569 2.4
    endloop
  endfacet
  facet normal 0.969902 -0.243494 0
    outer loop
      vertex 30.9569 11.2097 4.9
      vertex 30.9808 11.3049 2.4
      vertex 30.9808 11.3049 4.9
    endloop
  endfacet
  facet normal 0.969902 -0.243494 0
    outer loop
      vertex 30.9808 11.3049 2.4
      vertex 30.9569 11.2097 4.9
      vertex 30.9569 11.2097 2.4
    endloop
  endfacet
  facet normal 0.427955 -0.9038 0
    outer loop
      vertex 30.3827 10.5761 2.4
      vertex 30.4714 10.6181 4.9
      vertex 30.3827 10.5761 4.9
    endloop
  endfacet
  facet normal 0.427955 -0.9038 0
    outer loop
      vertex 30.4714 10.6181 4.9
      vertex 30.3827 10.5761 2.4
      vertex 30.4714 10.6181 2.4
    endloop
  endfacet
  facet normal 0.740908 -0.671607 0
    outer loop
      vertex 30.7071 10.7929 4.9
      vertex 30.773 10.8656 2.4
      vertex 30.773 10.8656 4.9
    endloop
  endfacet
  facet normal 0.740908 -0.671607 0
    outer loop
      vertex 30.773 10.8656 2.4
      vertex 30.7071 10.7929 4.9
      vertex 30.7071 10.7929 2.4
    endloop
  endfacet
  facet normal 0.989182 -0.146696 0
    outer loop
      vertex 30.9808 11.3049 4.9
      vertex 30.9952 11.402 2.4
      vertex 30.9952 11.402 4.9
    endloop
  endfacet
  facet normal 0.989182 -0.146696 0
    outer loop
      vertex 30.9952 11.402 2.4
      vertex 30.9808 11.3049 4.9
      vertex 30.9808 11.3049 2.4
    endloop
  endfacet
  facet normal -0.740908 0.671607 0
    outer loop
      vertex 29.227 12.1344 2.4
      vertex 29.2929 12.2071 4.9
      vertex 29.2929 12.2071 2.4
    endloop
  endfacet
  facet normal -0.740908 0.671607 0
    outer loop
      vertex 29.2929 12.2071 4.9
      vertex 29.227 12.1344 2.4
      vertex 29.227 12.1344 4.9
    endloop
  endfacet
  facet normal -0.59608 -0.802925 0
    outer loop
      vertex 29.3656 10.727 2.4
      vertex 29.4444 10.6685 4.9
      vertex 29.3656 10.727 4.9
    endloop
  endfacet
  facet normal -0.59608 -0.802925 -0
    outer loop
      vertex 29.4444 10.6685 4.9
      vertex 29.3656 10.727 2.4
      vertex 29.4444 10.6685 2.4
    endloop
  endfacet
  facet normal 0 0 1
    outer loop
      vertex 30.9952 11.598 4.9
      vertex 30.9952 11.402 4.9
      vertex 31 11.5 4.9
    endloop
  endfacet
  facet normal 0 0 1
    outer loop
      vertex 30.9808 11.6951 4.9
      vertex 30.9952 11.402 4.9
      vertex 30.9952 11.598 4.9
    endloop
  endfacet
  facet normal 0 0 1
    outer loop
      vertex 30.9808 11.6951 4.9
      vertex 30.9808 11.3049 4.9
      vertex 30.9952 11.402 4.9
    endloop
  endfacet
  facet normal 0 0 1
    outer loop
      vertex 30.9569 11.7903 4.9
      vertex 30.9808 11.3049 4.9
      vertex 30.9808 11.6951 4.9
    endloop
  endfacet
  facet normal 0 0 1
    outer loop
      vertex 30.9569 11.7903 4.9
      vertex 30.9569 11.2097 4.9
      vertex 30.9808 11.3049 4.9
    endloop
  endfacet
  facet normal 0 0 1
    outer loop
      vertex 30.9239 11.8827 4.9
      vertex 30.9569 11.2097 4.9
      vertex 30.9569 11.7903 4.9
    endloop
  endfacet
  facet normal 0 0 1
    outer loop
      vertex 30.9239 11.8827 4.9
      vertex 30.9239 11.1173 4.9
      vertex 30.9569 11.2097 4.9
    endloop
  endfacet
  facet normal 0 0 1
    outer loop
      vertex 30.8819 11.9714 4.9
      vertex 30.9239 11.1173 4.9
      vertex 30.9239 11.8827 4.9
    endloop
  endfacet
  facet normal 0 0 1
    outer loop
      vertex 30.8819 11.9714 4.9
      vertex 30.8819 11.0286 4.9
      vertex 30.9239 11.1173 4.9
    endloop
  endfacet
  facet normal 0 0 1
    outer loop
      vertex 30.8315 12.0556 4.9
      vertex 30.8819 11.0286 4.9
      vertex 30.8819 11.9714 4.9
    endloop
  endfacet
  facet normal 0 0 1
    outer loop
      vertex 30.8315 12.0556 4.9
      vertex 30.8315 10.9444 4.9
      vertex 30.8819 11.0286 4.9
    endloop
  endfacet
  facet normal 0 0 1
    outer loop
      vertex 30.773 12.1344 4.9
      vertex 30.8315 10.9444 4.9
      vertex 30.8315 12.0556 4.9
    endloop
  endfacet
  facet normal 0 0 1
    outer loop
      vertex 30.773 12.1344 4.9
      vertex 30.773 10.8656 4.9
      vertex 30.8315 10.9444 4.9
    endloop
  endfacet
  facet normal 0 0 1
    outer loop
      vertex 30.7071 12.2071 4.9
      vertex 30.773 10.8656 4.9
      vertex 30.773 12.1344 4.9
    endloop
  endfacet
  facet normal 0 0 1
    outer loop
      vertex 30.7071 12.2071 4.9
      vertex 30.7071 10.7929 4.9
      vertex 30.773 10.8656 4.9
    endloop
  endfacet
  facet normal 0 0 1
    outer loop
      vertex 30.6344 12.273 4.9
      vertex 30.7071 10.7929 4.9
      vertex 30.7071 12.2071 4.9
    endloop
  endfacet
  facet normal 0 0 1
    outer loop
      vertex 30.6344 12.273 4.9
      vertex 30.6344 10.727 4.9
      vertex 30.7071 10.7929 4.9
    endloop
  endfacet
  facet normal 0 0 1
    outer loop
      vertex 30.5556 12.3315 4.9
      vertex 30.6344 10.727 4.9
      vertex 30.6344 12.273 4.9
    endloop
  endfacet
  facet normal 0 0 1
    outer loop
      vertex 30.5556 12.3315 4.9
      vertex 30.5556 10.6685 4.9
      vertex 30.6344 10.727 4.9
    endloop
  endfacet
  facet normal 0 0 1
    outer loop
      vertex 30.4714 12.3819 4.9
      vertex 30.5556 10.6685 4.9
      vertex 30.5556 12.3315 4.9
    endloop
  endfacet
  facet normal 0 0 1
    outer loop
      vertex 30.4714 12.3819 4.9
      vertex 30.4714 10.6181 4.9
      vertex 30.5556 10.6685 4.9
    endloop
  endfacet
  facet normal 0 0 1
    outer loop
      vertex 30.3827 12.4239 4.9
      vertex 30.4714 10.6181 4.9
      vertex 30.4714 12.3819 4.9
    endloop
  endfacet
  facet normal 0 0 1
    outer loop
      vertex 30.3827 12.4239 4.9
      vertex 30.3827 10.5761 4.9
      vertex 30.4714 10.6181 4.9
    endloop
  endfacet
  facet normal 0 0 1
    outer loop
      vertex 30.2903 12.4569 4.9
      vertex 30.3827 10.5761 4.9
      vertex 30.3827 12.4239 4.9
    endloop
  endfacet
  facet normal 0 0 1
    outer loop
      vertex 30.2903 12.4569 4.9
      vertex 30.2903 10.5431 4.9
      vertex 30.3827 10.5761 4.9
    endloop
  endfacet
  facet normal 0 0 1
    outer loop
      vertex 30.1951 12.4808 4.9
      vertex 30.2903 10.5431 4.9
      vertex 30.2903 12.4569 4.9
    endloop
  endfacet
  facet normal 0 0 1
    outer loop
      vertex 30.1951 12.4808 4.9
      vertex 30.1951 10.5192 4.9
      vertex 30.2903 10.5431 4.9
    endloop
  endfacet
  facet normal 0 0 1
    outer loop
      vertex 30.098 12.4952 4.9
      vertex 30.1951 10.5192 4.9
      vertex 30.1951 12.4808 4.9
    endloop
  endfacet
  facet normal 0 0 1
    outer loop
      vertex 30.098 12.4952 4.9
      vertex 30.098 10.5048 4.9
      vertex 30.1951 10.5192 4.9
    endloop
  endfacet
  facet normal 0 0 1
    outer loop
      vertex 30 12.5 4.9
      vertex 30.098 10.5048 4.9
      vertex 30.098 12.4952 4.9
    endloop
  endfacet
  facet normal 0 0 1
    outer loop
      vertex 30 12.5 4.9
      vertex 30 10.5 4.9
      vertex 30.098 10.5048 4.9
    endloop
  endfacet
  facet normal -0 0 1
    outer loop
      vertex 29.902 12.4952 4.9
      vertex 30 10.5 4.9
      vertex 30 12.5 4.9
    endloop
  endfacet
  facet normal 0 0 1
    outer loop
      vertex 29.902 12.4952 4.9
      vertex 29.902 10.5048 4.9
      vertex 30 10.5 4.9
    endloop
  endfacet
  facet normal -0 0 1
    outer loop
      vertex 29.8049 12.4808 4.9
      vertex 29.902 10.5048 4.9
      vertex 29.902 12.4952 4.9
    endloop
  endfacet
  facet normal 0 0 1
    outer loop
      vertex 29.8049 12.4808 4.9
      vertex 29.8049 10.5192 4.9
      vertex 29.902 10.5048 4.9
    endloop
  endfacet
  facet normal -0 0 1
    outer loop
      vertex 29.7097 12.4569 4.9
      vertex 29.8049 10.5192 4.9
      vertex 29.8049 12.4808 4.9
    endloop
  endfacet
  facet normal 0 0 1
    outer loop
      vertex 29.7097 12.4569 4.9
      vertex 29.7097 10.5431 4.9
      vertex 29.8049 10.5192 4.9
    endloop
  endfacet
  facet normal -0 0 1
    outer loop
      vertex 29.6173 12.4239 4.9
      vertex 29.7097 10.5431 4.9
      vertex 29.7097 12.4569 4.9
    endloop
  endfacet
  facet normal 0 0 1
    outer loop
      vertex 29.6173 12.4239 4.9
      vertex 29.6173 10.5761 4.9
      vertex 29.7097 10.5431 4.9
    endloop
  endfacet
  facet normal -0 0 1
    outer loop
      vertex 29.5286 12.3819 4.9
      vertex 29.6173 10.5761 4.9
      vertex 29.6173 12.4239 4.9
    endloop
  endfacet
  facet normal 0 0 1
    outer loop
      vertex 29.5286 12.3819 4.9
      vertex 29.5286 10.6181 4.9
      vertex 29.6173 10.5761 4.9
    endloop
  endfacet
  facet normal -0 0 1
    outer loop
      vertex 29.4444 12.3315 4.9
      vertex 29.5286 10.6181 4.9
      vertex 29.5286 12.3819 4.9
    endloop
  endfacet
  facet normal 0 0 1
    outer loop
      vertex 29.4444 12.3315 4.9
      vertex 29.4444 10.6685 4.9
      vertex 29.5286 10.6181 4.9
    endloop
  endfacet
  facet normal -0 0 1
    outer loop
      vertex 29.3656 12.273 4.9
      vertex 29.4444 10.6685 4.9
      vertex 29.4444 12.3315 4.9
    endloop
  endfacet
  facet normal 0 0 1
    outer loop
      vertex 29.3656 12.273 4.9
      vertex 29.3656 10.727 4.9
      vertex 29.4444 10.6685 4.9
    endloop
  endfacet
  facet normal -0 0 1
    outer loop
      vertex 29.2929 12.2071 4.9
      vertex 29.3656 10.727 4.9
      vertex 29.3656 12.273 4.9
    endloop
  endfacet
  facet normal 0 0 1
    outer loop
      vertex 29.2929 12.2071 4.9
      vertex 29.2929 10.7929 4.9
      vertex 29.3656 10.727 4.9
    endloop
  endfacet
  facet normal -0 0 1
    outer loop
      vertex 29.227 12.1344 4.9
      vertex 29.2929 10.7929 4.9
      vertex 29.2929 12.2071 4.9
    endloop
  endfacet
  facet normal 0 0 1
    outer loop
      vertex 29.227 12.1344 4.9
      vertex 29.227 10.8656 4.9
      vertex 29.2929 10.7929 4.9
    endloop
  endfacet
  facet normal -0 0 1
    outer loop
      vertex 29.1685 12.0556 4.9
      vertex 29.227 10.8656 4.9
      vertex 29.227 12.1344 4.9
    endloop
  endfacet
  facet normal 0 0 1
    outer loop
      vertex 29.1685 12.0556 4.9
      vertex 29.1685 10.9444 4.9
      vertex 29.227 10.8656 4.9
    endloop
  endfacet
  facet normal -0 0 1
    outer loop
      vertex 29.1181 11.9714 4.9
      vertex 29.1685 10.9444 4.9
      vertex 29.1685 12.0556 4.9
    endloop
  endfacet
  facet normal 0 0 1
    outer loop
      vertex 29.1181 11.9714 4.9
      vertex 29.1181 11.0286 4.9
      vertex 29.1685 10.9444 4.9
    endloop
  endfacet
  facet normal -0 0 1
    outer loop
      vertex 29.0761 11.8827 4.9
      vertex 29.1181 11.0286 4.9
      vertex 29.1181 11.9714 4.9
    endloop
  endfacet
  facet normal 0 0 1
    outer loop
      vertex 29.0761 11.8827 4.9
      vertex 29.0761 11.1173 4.9
      vertex 29.1181 11.0286 4.9
    endloop
  endfacet
  facet normal -0 0 1
    outer loop
      vertex 29.0431 11.7903 4.9
      vertex 29.0761 11.1173 4.9
      vertex 29.0761 11.8827 4.9
    endloop
  endfacet
  facet normal 0 0 1
    outer loop
      vertex 29.0431 11.7903 4.9
      vertex 29.0431 11.2097 4.9
      vertex 29.0761 11.1173 4.9
    endloop
  endfacet
  facet normal -0 0 1
    outer loop
      vertex 29.0192 11.6951 4.9
      vertex 29.0431 11.2097 4.9
      vertex 29.0431 11.7903 4.9
    endloop
  endfacet
  facet normal 0 0 1
    outer loop
      vertex 29.0192 11.6951 4.9
      vertex 29.0192 11.3049 4.9
      vertex 29.0431 11.2097 4.9
    endloop
  endfacet
  facet normal -0 0 1
    outer loop
      vertex 29.0048 11.598 4.9
      vertex 29.0192 11.3049 4.9
      vertex 29.0192 11.6951 4.9
    endloop
  endfacet
  facet normal 0 0 1
    outer loop
      vertex 29.0048 11.598 4.9
      vertex 29.0048 11.402 4.9
      vertex 29.0192 11.3049 4.9
    endloop
  endfacet
  facet normal 0 -0 1
    outer loop
      vertex 29.0048 11.402 4.9
      vertex 29.0048 11.598 4.9
      vertex 29 11.5 4.9
    endloop
  endfacet
  facet normal 0.802925 -0.59608 0
    outer loop
      vertex 30.773 10.8656 4.9
      vertex 30.8315 10.9444 2.4
      vertex 30.8315 10.9444 4.9
    endloop
  endfacet
  facet normal 0.802925 -0.59608 0
    outer loop
      vertex 30.8315 10.9444 2.4
      vertex 30.773 10.8656 4.9
      vertex 30.773 10.8656 2.4
    endloop
  endfacet
  facet normal 0.998803 0.0489209 0
    outer loop
      vertex 31 11.5 4.9
      vertex 30.9952 11.598 2.4
      vertex 30.9952 11.598 4.9
    endloop
  endfacet
  facet normal 0.998803 0.0489209 0
    outer loop
      vertex 30.9952 11.598 2.4
      vertex 31 11.5 4.9
      vertex 31 11.5 2.4
    endloop
  endfacet
  facet normal -0.740908 -0.671607 0
    outer loop
      vertex 29.2929 10.7929 2.4
      vertex 29.227 10.8656 4.9
      vertex 29.227 10.8656 2.4
    endloop
  endfacet
  facet normal -0.740908 -0.671607 0
    outer loop
      vertex 29.227 10.8656 4.9
      vertex 29.2929 10.7929 2.4
      vertex 29.2929 10.7929 4.9
    endloop
  endfacet
  facet normal 0.9038 0.427955 0
    outer loop
      vertex 57.0478 40.9654 2.4
      vertex 56.9638 41.1428 0
      vertex 56.9638 41.1428 2.4
    endloop
  endfacet
  facet normal 0.9038 0.427955 0
    outer loop
      vertex 56.9638 41.1428 0
      vertex 57.0478 40.9654 2.4
      vertex 57.0478 40.9654 0
    endloop
  endfacet
  facet normal -0.0490573 -0.998796 0
    outer loop
      vertex 1.80397 0.0096283 0
      vertex 2 0 2.4
      vertex 1.80397 0.0096283 2.4
    endloop
  endfacet
  facet normal -0.0490573 -0.998796 -0
    outer loop
      vertex 2 0 2.4
      vertex 1.80397 0.0096283 0
      vertex 2 0 0
    endloop
  endfacet
  facet normal 0.0489209 0.998803 -0
    outer loop
      vertex 55.396 42.1904 0
      vertex 55.2 42.2 2.4
      vertex 55.396 42.1904 2.4
    endloop
  endfacet
  facet normal 0.0489209 0.998803 0
    outer loop
      vertex 55.2 42.2 2.4
      vertex 55.396 42.1904 0
      vertex 55.2 42.2 0
    endloop
  endfacet
  facet normal 1 -0 0
    outer loop
      vertex 57.2 2 2.4
      vertex 57.2 40.2 0
      vertex 57.2 40.2 2.4
    endloop
  endfacet
  facet normal 1 0 0
    outer loop
      vertex 57.2 40.2 0
      vertex 57.2 2 2.4
      vertex 57.2 2 0
    endloop
  endfacet
  facet normal -0.427896 0.903828 0
    outer loop
      vertex 1.23464 42.0478 0
      vertex 1.05721 41.9638 2.4
      vertex 1.23464 42.0478 2.4
    endloop
  endfacet
  facet normal -0.427896 0.903828 0
    outer loop
      vertex 1.05721 41.9638 2.4
      vertex 1.23464 42.0478 0
      vertex 1.05721 41.9638 0
    endloop
  endfacet
  facet normal 0.0490648 -0.998796 0
    outer loop
      vertex 55.2 0 0
      vertex 55.396 0.0096283 2.4
      vertex 55.2 0 2.4
    endloop
  endfacet
  facet normal 0.0490648 -0.998796 0
    outer loop
      vertex 55.396 0.0096283 2.4
      vertex 55.2 0 0
      vertex 55.396 0.0096283 0
    endloop
  endfacet
  facet normal 0.998803 -0.0489135 0
    outer loop
      vertex 57.1904 1.80397 2.4
      vertex 57.2 2 0
      vertex 57.2 2 2.4
    endloop
  endfacet
  facet normal 0.998803 -0.0489135 0
    outer loop
      vertex 57.2 2 0
      vertex 57.1904 1.80397 2.4
      vertex 57.1904 1.80397 0
    endloop
  endfacet
  facet normal 0.740979 -0.671528 0
    outer loop
      vertex 56.6142 0.585785 2.4
      vertex 56.746 0.731216 0
      vertex 56.746 0.731216 2.4
    endloop
  endfacet
  facet normal 0.740979 -0.671528 0
    outer loop
      vertex 56.746 0.731216 0
      vertex 56.6142 0.585785 2.4
      vertex 56.6142 0.585785 0
    endloop
  endfacet
  facet normal 0 -1 0
    outer loop
      vertex 2 0 0
      vertex 55.2 0 2.4
      vertex 2 0 2.4
    endloop
  endfacet
  facet normal 0 -1 -0
    outer loop
      vertex 55.2 0 2.4
      vertex 2 0 0
      vertex 55.2 0 0
    endloop
  endfacet
  facet normal 0.903819 -0.427916 0
    outer loop
      vertex 56.9638 1.05721 2.4
      vertex 57.0478 1.23463 0
      vertex 57.0478 1.23463 2.4
    endloop
  endfacet
  facet normal 0.903819 -0.427916 0
    outer loop
      vertex 57.0478 1.23463 0
      vertex 56.9638 1.05721 2.4
      vertex 56.9638 1.05721 0
    endloop
  endfacet
  facet normal 0.595547 -0.80332 0
    outer loop
      vertex 56.3111 0.337067 0
      vertex 56.4688 0.453979 2.4
      vertex 56.3111 0.337067 2.4
    endloop
  endfacet
  facet normal 0.595547 -0.80332 0
    outer loop
      vertex 56.4688 0.453979 2.4
      vertex 56.3111 0.337067 0
      vertex 56.4688 0.453979 0
    endloop
  endfacet
  facet normal -0.90397 -0.427595 0
    outer loop
      vertex 0.236163 1.05721 0
      vertex 0.15224 1.23463 2.4
      vertex 0.15224 1.23463 0
    endloop
  endfacet
  facet normal -0.90397 -0.427595 0
    outer loop
      vertex 0.15224 1.23463 2.4
      vertex 0.236163 1.05721 0
      vertex 0.236163 1.05721 2.4
    endloop
  endfacet
  facet normal 0 1 -0
    outer loop
      vertex 55.2 42.2 0
      vertex 2 42.2 2.4
      vertex 55.2 42.2 2.4
    endloop
  endfacet
  facet normal 0 1 0
    outer loop
      vertex 2 42.2 2.4
      vertex 55.2 42.2 0
      vertex 2 42.2 0
    endloop
  endfacet
  facet normal -0.998796 0.0490648 0
    outer loop
      vertex 3.05176e-06 40.2 0
      vertex 0.00963135 40.396 2.4
      vertex 0.00963135 40.396 0
    endloop
  endfacet
  facet normal -0.998796 0.0490648 0
    outer loop
      vertex 0.00963135 40.396 2.4
      vertex 3.05176e-06 40.2 0
      vertex 3.05176e-06 40.2 2.4
    endloop
  endfacet
  facet normal -0.336862 -0.941554 0
    outer loop
      vertex 1.23464 0.152237 0
      vertex 1.41944 0.0861206 2.4
      vertex 1.23464 0.152237 2.4
    endloop
  endfacet
  facet normal -0.336862 -0.941554 -0
    outer loop
      vertex 1.41944 0.0861206 2.4
      vertex 1.23464 0.152237 0
      vertex 1.41944 0.0861206 0
    endloop
  endfacet
  facet normal -0.989175 0.146739 0
    outer loop
      vertex 0.00963135 40.396 0
      vertex 0.0384399 40.5902 2.4
      vertex 0.0384399 40.5902 0
    endloop
  endfacet
  facet normal -0.989175 0.146739 0
    outer loop
      vertex 0.0384399 40.5902 2.4
      vertex 0.00963135 40.396 0
      vertex 0.00963135 40.396 2.4
    endloop
  endfacet
  facet normal 0.146696 0.989182 -0
    outer loop
      vertex 55.5902 42.1616 0
      vertex 55.396 42.1904 2.4
      vertex 55.5902 42.1616 2.4
    endloop
  endfacet
  facet normal 0.146696 0.989182 0
    outer loop
      vertex 55.396 42.1904 2.4
      vertex 55.5902 42.1616 0
      vertex 55.396 42.1904 0
    endloop
  endfacet
  facet normal -0.243039 0.970016 0
    outer loop
      vertex 1.60982 42.1616 0
      vertex 1.41944 42.1139 2.4
      vertex 1.60982 42.1616 2.4
    endloop
  endfacet
  facet normal -0.243039 0.970016 0
    outer loop
      vertex 1.41944 42.1139 2.4
      vertex 1.60982 42.1616 0
      vertex 1.41944 42.1139 0
    endloop
  endfacet
  facet normal -1 0 0
    outer loop
      vertex 3.05176e-06 2 0
      vertex 3.05176e-06 40.2 2.4
      vertex 3.05176e-06 40.2 0
    endloop
  endfacet
  facet normal -1 -0 0
    outer loop
      vertex 3.05176e-06 40.2 2.4
      vertex 3.05176e-06 2 0
      vertex 3.05176e-06 2 2.4
    endloop
  endfacet
  facet normal -0.514105 -0.857727 0
    outer loop
      vertex 0.888858 0.337067 0
      vertex 1.05721 0.23616 2.4
      vertex 0.888858 0.337067 2.4
    endloop
  endfacet
  facet normal -0.514105 -0.857727 -0
    outer loop
      vertex 1.05721 0.23616 2.4
      vertex 0.888858 0.337067 0
      vertex 1.05721 0.23616 0
    endloop
  endfacet
  facet normal -0.427575 -0.90398 0
    outer loop
      vertex 1.05721 0.23616 0
      vertex 1.23464 0.152237 2.4
      vertex 1.05721 0.23616 2.4
    endloop
  endfacet
  facet normal -0.427575 -0.90398 -0
    outer loop
      vertex 1.23464 0.152237 2.4
      vertex 1.05721 0.23616 0
      vertex 1.23464 0.152237 0
    endloop
  endfacet
  facet normal 0.94158 0.336788 0
    outer loop
      vertex 57.1139 40.7806 2.4
      vertex 57.0478 40.9654 0
      vertex 57.0478 40.9654 2.4
    endloop
  endfacet
  facet normal 0.94158 0.336788 0
    outer loop
      vertex 57.0478 40.9654 0
      vertex 57.1139 40.7806 2.4
      vertex 57.1139 40.7806 0
    endloop
  endfacet
  facet normal 0.94158 -0.336788 0
    outer loop
      vertex 57.0478 1.23463 2.4
      vertex 57.1139 1.41943 0
      vertex 57.1139 1.41943 2.4
    endloop
  endfacet
  facet normal 0.94158 -0.336788 0
    outer loop
      vertex 57.1139 1.41943 0
      vertex 57.0478 1.23463 2.4
      vertex 57.0478 1.23463 0
    endloop
  endfacet
  facet normal 0.803239 -0.595656 0
    outer loop
      vertex 56.746 0.731216 2.4
      vertex 56.8629 0.888855 0
      vertex 56.8629 0.888855 2.4
    endloop
  endfacet
  facet normal 0.803239 -0.595656 0
    outer loop
      vertex 56.8629 0.888855 0
      vertex 56.746 0.731216 2.4
      vertex 56.746 0.731216 0
    endloop
  endfacet
  facet normal -0.595656 0.803239 0
    outer loop
      vertex 0.888858 41.8629 0
      vertex 0.731219 41.746 2.4
      vertex 0.888858 41.8629 2.4
    endloop
  endfacet
  facet normal -0.595656 0.803239 0
    outer loop
      vertex 0.731219 41.746 2.4
      vertex 0.888858 41.8629 0
      vertex 0.731219 41.746 0
    endloop
  endfacet
  facet normal 0.242937 -0.970042 0
    outer loop
      vertex 55.5902 0.0384369 0
      vertex 55.7806 0.0861206 2.4
      vertex 55.5902 0.0384369 2.4
    endloop
  endfacet
  facet normal 0.242937 -0.970042 0
    outer loop
      vertex 55.7806 0.0861206 2.4
      vertex 55.5902 0.0384369 0
      vertex 55.7806 0.0861206 0
    endloop
  endfacet
  facet normal -0.903952 0.427634 0
    outer loop
      vertex 0.15224 40.9654 0
      vertex 0.236163 41.1428 2.4
      vertex 0.236163 41.1428 0
    endloop
  endfacet
  facet normal -0.903952 0.427634 0
    outer loop
      vertex 0.236163 41.1428 2.4
      vertex 0.15224 40.9654 0
      vertex 0.15224 40.9654 2.4
    endloop
  endfacet
  facet normal 0.989182 0.146696 0
    outer loop
      vertex 57.1904 40.396 2.4
      vertex 57.1616 40.5902 0
      vertex 57.1616 40.5902 2.4
    endloop
  endfacet
  facet normal 0.989182 0.146696 0
    outer loop
      vertex 57.1616 40.5902 0
      vertex 57.1904 40.396 2.4
      vertex 57.1904 40.396 0
    endloop
  endfacet
  facet normal 0.336862 -0.941554 0
    outer loop
      vertex 55.7806 0.0861206 0
      vertex 55.9654 0.152237 2.4
      vertex 55.7806 0.0861206 2.4
    endloop
  endfacet
  facet normal 0.336862 -0.941554 0
    outer loop
      vertex 55.9654 0.152237 2.4
      vertex 55.7806 0.0861206 0
      vertex 55.9654 0.152237 0
    endloop
  endfacet
  facet normal -0.98917 -0.146776 0
    outer loop
      vertex 0.0384399 1.60982 0
      vertex 0.00963135 1.80397 2.4
      vertex 0.00963135 1.80397 0
    endloop
  endfacet
  facet normal -0.98917 -0.146776 0
    outer loop
      vertex 0.00963135 1.80397 2.4
      vertex 0.0384399 1.60982 0
      vertex 0.0384399 1.60982 2.4
    endloop
  endfacet
  facet normal 0.427955 0.9038 -0
    outer loop
      vertex 56.1428 41.9638 0
      vertex 55.9654 42.0478 2.4
      vertex 56.1428 41.9638 2.4
    endloop
  endfacet
  facet normal 0.427955 0.9038 0
    outer loop
      vertex 55.9654 42.0478 2.4
      vertex 56.1428 41.9638 0
      vertex 55.9654 42.0478 0
    endloop
  endfacet
  facet normal -0.671545 -0.740964 0
    outer loop
      vertex 0.585788 0.585785 0
      vertex 0.731219 0.453979 2.4
      vertex 0.585788 0.585785 2.4
    endloop
  endfacet
  facet normal -0.671545 -0.740964 -0
    outer loop
      vertex 0.731219 0.453979 2.4
      vertex 0.585788 0.585785 0
      vertex 0.731219 0.453979 0
    endloop
  endfacet
  facet normal 0.998803 0.0489209 0
    outer loop
      vertex 57.2 40.2 2.4
      vertex 57.1904 40.396 0
      vertex 57.1904 40.396 2.4
    endloop
  endfacet
  facet normal 0.998803 0.0489209 0
    outer loop
      vertex 57.1904 40.396 0
      vertex 57.2 40.2 2.4
      vertex 57.2 40.2 0
    endloop
  endfacet
  facet normal 0.671607 0.740908 -0
    outer loop
      vertex 56.6142 41.6142 0
      vertex 56.4688 41.746 2.4
      vertex 56.6142 41.6142 2.4
    endloop
  endfacet
  facet normal 0.671607 0.740908 0
    outer loop
      vertex 56.4688 41.746 2.4
      vertex 56.6142 41.6142 0
      vertex 56.4688 41.746 0
    endloop
  endfacet
  facet normal 0.970023 0.243015 0
    outer loop
      vertex 57.1616 40.5902 2.4
      vertex 57.1139 40.7806 0
      vertex 57.1139 40.7806 2.4
    endloop
  endfacet
  facet normal 0.970023 0.243015 0
    outer loop
      vertex 57.1139 40.7806 0
      vertex 57.1616 40.5902 2.4
      vertex 57.1616 40.5902 0
    endloop
  endfacet
  facet normal -0.970042 0.242937 0
    outer loop
      vertex 0.0384399 40.5902 0
      vertex 0.0861237 40.7806 2.4
      vertex 0.0861237 40.7806 0
    endloop
  endfacet
  facet normal -0.970042 0.242937 0
    outer loop
      vertex 0.0861237 40.7806 2.4
      vertex 0.0384399 40.5902 0
      vertex 0.0384399 40.5902 2.4
    endloop
  endfacet
  facet normal -0.514079 0.857743 0
    outer loop
      vertex 1.05721 41.9638 0
      vertex 0.888858 41.8629 2.4
      vertex 1.05721 41.9638 2.4
    endloop
  endfacet
  facet normal -0.514079 0.857743 0
    outer loop
      vertex 0.888858 41.8629 2.4
      vertex 1.05721 41.9638 0
      vertex 0.888858 41.8629 0
    endloop
  endfacet
  facet normal 0.243015 0.970023 -0
    outer loop
      vertex 55.7806 42.1139 0
      vertex 55.5902 42.1616 2.4
      vertex 55.7806 42.1139 2.4
    endloop
  endfacet
  facet normal 0.243015 0.970023 0
    outer loop
      vertex 55.5902 42.1616 2.4
      vertex 55.7806 42.1139 0
      vertex 55.5902 42.1616 0
    endloop
  endfacet
  facet normal 0.514222 -0.857657 0
    outer loop
      vertex 56.1428 0.23616 0
      vertex 56.3111 0.337067 2.4
      vertex 56.1428 0.23616 2.4
    endloop
  endfacet
  facet normal 0.514222 -0.857657 0
    outer loop
      vertex 56.3111 0.337067 2.4
      vertex 56.1428 0.23616 0
      vertex 56.3111 0.337067 0
    endloop
  endfacet
  facet normal 0.146739 -0.989175 0
    outer loop
      vertex 55.396 0.0096283 0
      vertex 55.5902 0.0384369 2.4
      vertex 55.396 0.0096283 2.4
    endloop
  endfacet
  facet normal 0.146739 -0.989175 0
    outer loop
      vertex 55.5902 0.0384369 2.4
      vertex 55.396 0.0096283 0
      vertex 55.5902 0.0384369 0
    endloop
  endfacet
  facet normal 0.671624 -0.740892 0
    outer loop
      vertex 56.4688 0.453979 0
      vertex 56.6142 0.585785 2.4
      vertex 56.4688 0.453979 2.4
    endloop
  endfacet
  facet normal 0.671624 -0.740892 0
    outer loop
      vertex 56.6142 0.585785 2.4
      vertex 56.4688 0.453979 0
      vertex 56.6142 0.585785 0
    endloop
  endfacet
  facet normal 0.336788 0.94158 -0
    outer loop
      vertex 55.9654 42.0478 0
      vertex 55.7806 42.1139 2.4
      vertex 55.9654 42.0478 2.4
    endloop
  endfacet
  facet normal 0.336788 0.94158 0
    outer loop
      vertex 55.7806 42.1139 2.4
      vertex 55.9654 42.0478 0
      vertex 55.7806 42.1139 0
    endloop
  endfacet
  facet normal 0.427634 -0.903952 0
    outer loop
      vertex 55.9654 0.152237 0
      vertex 56.1428 0.23616 2.4
      vertex 55.9654 0.152237 2.4
    endloop
  endfacet
  facet normal 0.427634 -0.903952 0
    outer loop
      vertex 56.1428 0.23616 2.4
      vertex 55.9654 0.152237 0
      vertex 56.1428 0.23616 0
    endloop
  endfacet
  facet normal -0.970039 -0.242949 0
    outer loop
      vertex 0.0861237 1.41943 0
      vertex 0.0384399 1.60982 2.4
      vertex 0.0384399 1.60982 0
    endloop
  endfacet
  facet normal -0.970039 -0.242949 0
    outer loop
      vertex 0.0384399 1.60982 2.4
      vertex 0.0861237 1.41943 0
      vertex 0.0861237 1.41943 2.4
    endloop
  endfacet
  facet normal -0.336788 0.94158 0
    outer loop
      vertex 1.41944 42.1139 0
      vertex 1.23464 42.0478 2.4
      vertex 1.41944 42.1139 2.4
    endloop
  endfacet
  facet normal -0.336788 0.94158 0
    outer loop
      vertex 1.23464 42.0478 2.4
      vertex 1.41944 42.1139 0
      vertex 1.23464 42.0478 0
    endloop
  endfacet
  facet normal -0.803318 0.59555 0
    outer loop
      vertex 0.33707 41.3111 0
      vertex 0.453983 41.4688 2.4
      vertex 0.453983 41.4688 0
    endloop
  endfacet
  facet normal -0.803318 0.59555 0
    outer loop
      vertex 0.453983 41.4688 2.4
      vertex 0.33707 41.3111 0
      vertex 0.33707 41.3111 2.4
    endloop
  endfacet
  facet normal -0.0489135 0.998803 0
    outer loop
      vertex 2 42.2 0
      vertex 1.80397 42.1904 2.4
      vertex 2 42.2 2.4
    endloop
  endfacet
  facet normal -0.0489135 0.998803 0
    outer loop
      vertex 1.80397 42.1904 2.4
      vertex 2 42.2 0
      vertex 1.80397 42.1904 0
    endloop
  endfacet
  facet normal -0.146776 -0.98917 0
    outer loop
      vertex 1.60982 0.0384369 0
      vertex 1.80397 0.0096283 2.4
      vertex 1.60982 0.0384369 2.4
    endloop
  endfacet
  facet normal -0.146776 -0.98917 -0
    outer loop
      vertex 1.80397 0.0096283 2.4
      vertex 1.60982 0.0384369 0
      vertex 1.80397 0.0096283 0
    endloop
  endfacet
  facet normal 0.989176 -0.146733 0
    outer loop
      vertex 57.1616 1.60982 2.4
      vertex 57.1904 1.80397 0
      vertex 57.1904 1.80397 2.4
    endloop
  endfacet
  facet normal 0.989176 -0.146733 0
    outer loop
      vertex 57.1904 1.80397 0
      vertex 57.1616 1.60982 2.4
      vertex 57.1616 1.60982 0
    endloop
  endfacet
  facet normal 0.740908 0.671607 0
    outer loop
      vertex 56.746 41.4688 2.4
      vertex 56.6142 41.6142 0
      vertex 56.6142 41.6142 2.4
    endloop
  endfacet
  facet normal 0.740908 0.671607 0
    outer loop
      vertex 56.6142 41.6142 0
      vertex 56.746 41.4688 2.4
      vertex 56.746 41.4688 0
    endloop
  endfacet
  facet normal -0.998796 -0.0490573 0
    outer loop
      vertex 0.00963135 1.80397 0
      vertex 3.05176e-06 2 2.4
      vertex 3.05176e-06 2 0
    endloop
  endfacet
  facet normal -0.998796 -0.0490573 0
    outer loop
      vertex 3.05176e-06 2 2.4
      vertex 0.00963135 1.80397 0
      vertex 0.00963135 1.80397 2.4
    endloop
  endfacet
  facet normal 0.857747 -0.514072 0
    outer loop
      vertex 56.8629 0.888855 2.4
      vertex 56.9638 1.05721 0
      vertex 56.9638 1.05721 2.4
    endloop
  endfacet
  facet normal 0.857747 -0.514072 0
    outer loop
      vertex 56.9638 1.05721 0
      vertex 56.8629 0.888855 2.4
      vertex 56.8629 0.888855 0
    endloop
  endfacet
  facet normal 0.970019 -0.243027 0
    outer loop
      vertex 57.1139 1.41943 2.4
      vertex 57.1616 1.60982 0
      vertex 57.1616 1.60982 2.4
    endloop
  endfacet
  facet normal 0.970019 -0.243027 0
    outer loop
      vertex 57.1616 1.60982 0
      vertex 57.1139 1.41943 2.4
      vertex 57.1139 1.41943 0
    endloop
  endfacet
  facet normal -0.740895 0.671621 0
    outer loop
      vertex 0.453983 41.4688 0
      vertex 0.585788 41.6142 2.4
      vertex 0.585788 41.6142 0
    endloop
  endfacet
  facet normal -0.740895 0.671621 0
    outer loop
      vertex 0.585788 41.6142 2.4
      vertex 0.453983 41.4688 0
      vertex 0.453983 41.4688 2.4
    endloop
  endfacet
  facet normal 0.80335 0.595508 0
    outer loop
      vertex 56.8629 41.3111 2.4
      vertex 56.746 41.4688 0
      vertex 56.746 41.4688 2.4
    endloop
  endfacet
  facet normal 0.80335 0.595508 0
    outer loop
      vertex 56.746 41.4688 0
      vertex 56.8629 41.3111 2.4
      vertex 56.8629 41.3111 0
    endloop
  endfacet
  facet normal -0.803208 -0.595699 0
    outer loop
      vertex 0.453983 0.731216 0
      vertex 0.33707 0.888855 2.4
      vertex 0.33707 0.888855 0
    endloop
  endfacet
  facet normal -0.803208 -0.595699 0
    outer loop
      vertex 0.33707 0.888855 2.4
      vertex 0.453983 0.731216 0
      vertex 0.453983 0.731216 2.4
    endloop
  endfacet
  facet normal -0.857731 -0.514099 0
    outer loop
      vertex 0.33707 0.888855 0
      vertex 0.236163 1.05721 2.4
      vertex 0.236163 1.05721 0
    endloop
  endfacet
  facet normal -0.857731 -0.514099 0
    outer loop
      vertex 0.236163 1.05721 2.4
      vertex 0.33707 0.888855 0
      vertex 0.33707 0.888855 2.4
    endloop
  endfacet
  facet normal -0.146733 0.989176 0
    outer loop
      vertex 1.80397 42.1904 0
      vertex 1.60982 42.1616 2.4
      vertex 1.80397 42.1904 2.4
    endloop
  endfacet
  facet normal -0.146733 0.989176 0
    outer loop
      vertex 1.60982 42.1616 2.4
      vertex 1.80397 42.1904 0
      vertex 1.60982 42.1616 0
    endloop
  endfacet
  facet normal -0.595696 -0.80321 0
    outer loop
      vertex 0.731219 0.453979 0
      vertex 0.888858 0.337067 2.4
      vertex 0.731219 0.453979 2.4
    endloop
  endfacet
  facet normal -0.595696 -0.80321 -0
    outer loop
      vertex 0.888858 0.337067 2.4
      vertex 0.731219 0.453979 0
      vertex 0.888858 0.337067 0
    endloop
  endfacet
  facet normal -0.941554 0.336862 0
    outer loop
      vertex 0.0861237 40.7806 0
      vertex 0.15224 40.9654 2.4
      vertex 0.15224 40.9654 0
    endloop
  endfacet
  facet normal -0.941554 0.336862 0
    outer loop
      vertex 0.15224 40.9654 2.4
      vertex 0.0861237 40.7806 0
      vertex 0.0861237 40.7806 2.4
    endloop
  endfacet
  facet normal 0.595508 0.80335 -0
    outer loop
      vertex 56.4688 41.746 0
      vertex 56.3111 41.8629 2.4
      vertex 56.4688 41.746 2.4
    endloop
  endfacet
  facet normal 0.595508 0.80335 0
    outer loop
      vertex 56.3111 41.8629 2.4
      vertex 56.4688 41.746 0
      vertex 56.3111 41.8629 0
    endloop
  endfacet
  facet normal -0.242961 -0.970036 0
    outer loop
      vertex 1.41944 0.0861206 0
      vertex 1.60982 0.0384369 2.4
      vertex 1.41944 0.0861206 2.4
    endloop
  endfacet
  facet normal -0.242961 -0.970036 -0
    outer loop
      vertex 1.60982 0.0384369 2.4
      vertex 1.41944 0.0861206 0
      vertex 1.60982 0.0384369 0
    endloop
  endfacet
  facet normal 0.514196 0.857673 -0
    outer loop
      vertex 56.3111 41.8629 0
      vertex 56.1428 41.9638 2.4
      vertex 56.3111 41.8629 2.4
    endloop
  endfacet
  facet normal 0.514196 0.857673 0
    outer loop
      vertex 56.1428 41.9638 2.4
      vertex 56.3111 41.8629 0
      vertex 56.1428 41.9638 0
    endloop
  endfacet
  facet normal 0.857673 0.514196 0
    outer loop
      vertex 56.9638 41.1428 2.4
      vertex 56.8629 41.3111 0
      vertex 56.8629 41.3111 2.4
    endloop
  endfacet
  facet normal 0.857673 0.514196 0
    outer loop
      vertex 56.8629 41.3111 0
      vertex 56.9638 41.1428 2.4
      vertex 56.9638 41.1428 0
    endloop
  endfacet
  facet normal -0.740966 -0.671542 0
    outer loop
      vertex 0.585788 0.585785 0
      vertex 0.453983 0.731216 2.4
      vertex 0.453983 0.731216 0
    endloop
  endfacet
  facet normal -0.740966 -0.671542 0
    outer loop
      vertex 0.453983 0.731216 2.4
      vertex 0.585788 0.585785 0
      vertex 0.585788 0.585785 2.4
    endloop
  endfacet
  facet normal -0.671528 0.740979 0
    outer loop
      vertex 0.731219 41.746 0
      vertex 0.585788 41.6142 2.4
      vertex 0.731219 41.746 2.4
    endloop
  endfacet
  facet normal -0.671528 0.740979 0
    outer loop
      vertex 0.585788 41.6142 2.4
      vertex 0.731219 41.746 0
      vertex 0.585788 41.6142 0
    endloop
  endfacet
  facet normal -0.857657 0.514222 0
    outer loop
      vertex 0.236163 41.1428 0
      vertex 0.33707 41.3111 2.4
      vertex 0.33707 41.3111 0
    endloop
  endfacet
  facet normal -0.857657 0.514222 0
    outer loop
      vertex 0.33707 41.3111 2.4
      vertex 0.236163 41.1428 0
      vertex 0.236163 41.1428 2.4
    endloop
  endfacet
  facet normal -0.941554 -0.336862 0
    outer loop
      vertex 0.15224 1.23463 0
      vertex 0.0861237 1.41943 2.4
      vertex 0.0861237 1.41943 0
    endloop
  endfacet
  facet normal -0.941554 -0.336862 0
    outer loop
      vertex 0.0861237 1.41943 2.4
      vertex 0.15224 1.23463 0
      vertex 0.15224 1.23463 2.4
    endloop
  endfacet
  facet normal 0 0 -1
    outer loop
      vertex 55.2 0 0
      vertex 57.2 2 0
      vertex 57.1904 1.80397 0
    endloop
  endfacet
  facet normal 0 0 -1
    outer loop
      vertex 57.2 2 0
      vertex 26.8 21.1 0
      vertex 57.2 40.2 0
    endloop
  endfacet
  facet normal 0 0 -1
    outer loop
      vertex 55.2 0 0
      vertex 57.1904 1.80397 0
      vertex 57.1616 1.60982 0
    endloop
  endfacet
  facet normal 0 0 -1
    outer loop
      vertex 26.7918 21.2666 0
      vertex 57.2 40.2 0
      vertex 26.8 21.1 0
    endloop
  endfacet
  facet normal 0 0 -1
    outer loop
      vertex 55.2 0 0
      vertex 57.1616 1.60982 0
      vertex 57.1139 1.41943 0
    endloop
  endfacet
  facet normal 0 0 -1
    outer loop
      vertex 26.7673 21.4317 0
      vertex 57.2 40.2 0
      vertex 26.7918 21.2666 0
    endloop
  endfacet
  facet normal 0 0 -1
    outer loop
      vertex 55.2 0 0
      vertex 57.1139 1.41943 0
      vertex 57.0478 1.23463 0
    endloop
  endfacet
  facet normal 0 0 -1
    outer loop
      vertex 26.7268 21.5935 0
      vertex 57.2 40.2 0
      vertex 26.7673 21.4317 0
    endloop
  endfacet
  facet normal 0 0 -1
    outer loop
      vertex 55.2 0 0
      vertex 57.0478 1.23463 0
      vertex 56.9638 1.05721 0
    endloop
  endfacet
  facet normal 0 0 -1
    outer loop
      vertex 26.6706 21.7506 0
      vertex 57.2 40.2 0
      vertex 26.7268 21.5935 0
    endloop
  endfacet
  facet normal 0 0 -1
    outer loop
      vertex 55.2 0 0
      vertex 56.9638 1.05721 0
      vertex 56.8629 0.888855 0
    endloop
  endfacet
  facet normal 0 0 -1
    outer loop
      vertex 57.2 40.2 0
      vertex 55.2 42.2 0
      vertex 57.1904 40.396 0
    endloop
  endfacet
  facet normal 0 0 -1
    outer loop
      vertex 55.2 0 0
      vertex 56.8629 0.888855 0
      vertex 56.746 0.731216 0
    endloop
  endfacet
  facet normal 0 0 -1
    outer loop
      vertex 57.1904 40.396 0
      vertex 55.2 42.2 0
      vertex 57.1616 40.5902 0
    endloop
  endfacet
  facet normal 0 0 -1
    outer loop
      vertex 55.2 0 0
      vertex 56.746 0.731216 0
      vertex 56.6142 0.585785 0
    endloop
  endfacet
  facet normal 0 0 -1
    outer loop
      vertex 57.1139 40.7806 0
      vertex 55.2 42.2 0
      vertex 57.0478 40.9654 0
    endloop
  endfacet
  facet normal 0 0 -1
    outer loop
      vertex 55.2 0 0
      vertex 56.6142 0.585785 0
      vertex 56.4688 0.453979 0
    endloop
  endfacet
  facet normal 0 0 -1
    outer loop
      vertex 56.9638 41.1428 0
      vertex 55.2 42.2 0
      vertex 56.8629 41.3111 0
    endloop
  endfacet
  facet normal 0 0 -1
    outer loop
      vertex 55.2 0 0
      vertex 56.4688 0.453979 0
      vertex 56.3111 0.337067 0
    endloop
  endfacet
  facet normal 0 0 -1
    outer loop
      vertex 26.6706 20.4494 0
      vertex 57.2 2 0
      vertex 55.2 0 0
    endloop
  endfacet
  facet normal 0 0 -1
    outer loop
      vertex 55.2 0 0
      vertex 56.3111 0.337067 0
      vertex 56.1428 0.23616 0
    endloop
  endfacet
  facet normal 0 0 -1
    outer loop
      vertex 56.8629 41.3111 0
      vertex 55.2 42.2 0
      vertex 56.746 41.4688 0
    endloop
  endfacet
  facet normal 0 0 -1
    outer loop
      vertex 55.2 0 0
      vertex 56.1428 0.23616 0
      vertex 55.9654 0.152237 0
    endloop
  endfacet
  facet normal 0 0 -1
    outer loop
      vertex 56.4688 41.746 0
      vertex 55.2 42.2 0
      vertex 56.3111 41.8629 0
    endloop
  endfacet
  facet normal 0 0 -1
    outer loop
      vertex 55.2 0 0
      vertex 55.9654 0.152237 0
      vertex 55.7806 0.0861206 0
    endloop
  endfacet
  facet normal 0 0 -1
    outer loop
      vertex 56.3111 41.8629 0
      vertex 55.2 42.2 0
      vertex 56.1428 41.9638 0
    endloop
  endfacet
  facet normal 0 0 -1
    outer loop
      vertex 55.2 0 0
      vertex 55.7806 0.0861206 0
      vertex 55.5902 0.0384369 0
    endloop
  endfacet
  facet normal 0 0 -1
    outer loop
      vertex 56.1428 41.9638 0
      vertex 55.2 42.2 0
      vertex 55.9654 42.0478 0
    endloop
  endfacet
  facet normal 0 0 -1
    outer loop
      vertex 55.2 0 0
      vertex 55.5902 0.0384369 0
      vertex 55.396 0.0096283 0
    endloop
  endfacet
  facet normal 0 0 -1
    outer loop
      vertex 55.9654 42.0478 0
      vertex 55.2 42.2 0
      vertex 55.7806 42.1139 0
    endloop
  endfacet
  facet normal 0 0 -1
    outer loop
      vertex 55.7806 42.1139 0
      vertex 55.2 42.2 0
      vertex 55.5902 42.1616 0
    endloop
  endfacet
  facet normal 0 0 -1
    outer loop
      vertex 55.5902 42.1616 0
      vertex 55.2 42.2 0
      vertex 55.396 42.1904 0
    endloop
  endfacet
  facet normal 0 0 -1
    outer loop
      vertex 56.6142 41.6142 0
      vertex 55.2 42.2 0
      vertex 56.4688 41.746 0
    endloop
  endfacet
  facet normal 0 0 -1
    outer loop
      vertex 57.2 2 0
      vertex 26.7918 20.9334 0
      vertex 26.8 21.1 0
    endloop
  endfacet
  facet normal 0 0 -1
    outer loop
      vertex 57.2 2 0
      vertex 26.7673 20.7683 0
      vertex 26.7918 20.9334 0
    endloop
  endfacet
  facet normal 0 0 -1
    outer loop
      vertex 57.2 2 0
      vertex 26.7268 20.6065 0
      vertex 26.7673 20.7683 0
    endloop
  endfacet
  facet normal 0 0 -1
    outer loop
      vertex 57.2 2 0
      vertex 26.6706 20.4494 0
      vertex 26.7268 20.6065 0
    endloop
  endfacet
  facet normal 0 0 -1
    outer loop
      vertex 55.2 0 0
      vertex 26.5993 20.2986 0
      vertex 26.6706 20.4494 0
    endloop
  endfacet
  facet normal 0 0 -1
    outer loop
      vertex 55.2 0 0
      vertex 26.5135 20.1555 0
      vertex 26.5993 20.2986 0
    endloop
  endfacet
  facet normal 0 0 -1
    outer loop
      vertex 55.2 0 0
      vertex 26.4141 20.0215 0
      vertex 26.5135 20.1555 0
    endloop
  endfacet
  facet normal 0 0 -1
    outer loop
      vertex 55.2 0 0
      vertex 26.3021 19.8979 0
      vertex 26.4141 20.0215 0
    endloop
  endfacet
  facet normal 0 0 -1
    outer loop
      vertex 55.2 0 0
      vertex 26.1785 19.7859 0
      vertex 26.3021 19.8979 0
    endloop
  endfacet
  facet normal 0 0 -1
    outer loop
      vertex 55.2 0 0
      vertex 26.0445 19.6865 0
      vertex 26.1785 19.7859 0
    endloop
  endfacet
  facet normal 0 0 -1
    outer loop
      vertex 55.2 0 0
      vertex 25.9014 19.6007 0
      vertex 26.0445 19.6865 0
    endloop
  endfacet
  facet normal 0 0 -1
    outer loop
      vertex 55.2 0 0
      vertex 25.7506 19.5294 0
      vertex 25.9014 19.6007 0
    endloop
  endfacet
  facet normal 0 0 -1
    outer loop
      vertex 55.2 0 0
      vertex 25.5935 19.4732 0
      vertex 25.7506 19.5294 0
    endloop
  endfacet
  facet normal 0 0 -1
    outer loop
      vertex 55.2 0 0
      vertex 25.4317 19.4327 0
      vertex 25.5935 19.4732 0
    endloop
  endfacet
  facet normal 0 0 -1
    outer loop
      vertex 55.2 0 0
      vertex 25.2666 19.4082 0
      vertex 25.4317 19.4327 0
    endloop
  endfacet
  facet normal 0 0 -1
    outer loop
      vertex 2 0 0
      vertex 25.2666 19.4082 0
      vertex 55.2 0 0
    endloop
  endfacet
  facet normal 0 0 -1
    outer loop
      vertex 25.2666 19.4082 0
      vertex 2 0 0
      vertex 25.1 19.4 0
    endloop
  endfacet
  facet normal -0 0 -1
    outer loop
      vertex 25.1 19.4 0
      vertex 2 0 0
      vertex 24.9334 19.4082 0
    endloop
  endfacet
  facet normal -0 0 -1
    outer loop
      vertex 24.9334 19.4082 0
      vertex 2 0 0
      vertex 24.7683 19.4327 0
    endloop
  endfacet
  facet normal -0 0 -1
    outer loop
      vertex 24.7683 19.4327 0
      vertex 2 0 0
      vertex 24.6065 19.4732 0
    endloop
  endfacet
  facet normal -0 0 -1
    outer loop
      vertex 24.6065 19.4732 0
      vertex 2 0 0
      vertex 24.4494 19.5294 0
    endloop
  endfacet
  facet normal -0 0 -1
    outer loop
      vertex 24.4494 19.5294 0
      vertex 2 0 0
      vertex 24.2986 19.6007 0
    endloop
  endfacet
  facet normal -0 0 -1
    outer loop
      vertex 23.4327 20.7683 0
      vertex 3.05176e-06 2 0
      vertex 23.4082 20.9334 0
    endloop
  endfacet
  facet normal -0 0 -1
    outer loop
      vertex 23.4732 20.6065 0
      vertex 3.05176e-06 2 0
      vertex 23.4327 20.7683 0
    endloop
  endfacet
  facet normal -0 0 -1
    outer loop
      vertex 23.5294 20.4494 0
      vertex 3.05176e-06 2 0
      vertex 23.4732 20.6065 0
    endloop
  endfacet
  facet normal -0 0 -1
    outer loop
      vertex 23.6007 20.2986 0
      vertex 3.05176e-06 2 0
      vertex 23.5294 20.4494 0
    endloop
  endfacet
  facet normal -0 0 -1
    outer loop
      vertex 23.6865 20.1555 0
      vertex 3.05176e-06 2 0
      vertex 23.6007 20.2986 0
    endloop
  endfacet
  facet normal 0 0 -1
    outer loop
      vertex 3.05176e-06 2 0
      vertex 23.6865 20.1555 0
      vertex 2 0 0
    endloop
  endfacet
  facet normal -0 0 -1
    outer loop
      vertex 23.7859 20.0215 0
      vertex 2 0 0
      vertex 23.6865 20.1555 0
    endloop
  endfacet
  facet normal -0 0 -1
    outer loop
      vertex 23.8979 19.8979 0
      vertex 2 0 0
      vertex 23.7859 20.0215 0
    endloop
  endfacet
  facet normal -0 0 -1
    outer loop
      vertex 24.0215 19.7859 0
      vertex 2 0 0
      vertex 23.8979 19.8979 0
    endloop
  endfacet
  facet normal -0 0 -1
    outer loop
      vertex 24.1555 19.6865 0
      vertex 2 0 0
      vertex 24.0215 19.7859 0
    endloop
  endfacet
  facet normal -0 0 -1
    outer loop
      vertex 24.2986 19.6007 0
      vertex 2 0 0
      vertex 24.1555 19.6865 0
    endloop
  endfacet
  facet normal 0 0 -1
    outer loop
      vertex 56.746 41.4688 0
      vertex 55.2 42.2 0
      vertex 56.6142 41.6142 0
    endloop
  endfacet
  facet normal 0 0 -1
    outer loop
      vertex 57.0478 40.9654 0
      vertex 55.2 42.2 0
      vertex 56.9638 41.1428 0
    endloop
  endfacet
  facet normal 0 0 -1
    outer loop
      vertex 57.1616 40.5902 0
      vertex 55.2 42.2 0
      vertex 57.1139 40.7806 0
    endloop
  endfacet
  facet normal -0 0 -1
    outer loop
      vertex 57.2 40.2 0
      vertex 26.6706 21.7506 0
      vertex 55.2 42.2 0
    endloop
  endfacet
  facet normal 0 0 -1
    outer loop
      vertex 26.5993 21.9014 0
      vertex 55.2 42.2 0
      vertex 26.6706 21.7506 0
    endloop
  endfacet
  facet normal 0 0 -1
    outer loop
      vertex 26.5135 22.0445 0
      vertex 55.2 42.2 0
      vertex 26.5993 21.9014 0
    endloop
  endfacet
  facet normal 0 0 -1
    outer loop
      vertex 26.4141 22.1785 0
      vertex 55.2 42.2 0
      vertex 26.5135 22.0445 0
    endloop
  endfacet
  facet normal 0 0 -1
    outer loop
      vertex 26.3021 22.3021 0
      vertex 55.2 42.2 0
      vertex 26.4141 22.1785 0
    endloop
  endfacet
  facet normal 0 0 -1
    outer loop
      vertex 26.1785 22.4141 0
      vertex 55.2 42.2 0
      vertex 26.3021 22.3021 0
    endloop
  endfacet
  facet normal 0 0 -1
    outer loop
      vertex 26.0445 22.5135 0
      vertex 55.2 42.2 0
      vertex 26.1785 22.4141 0
    endloop
  endfacet
  facet normal 0 0 -1
    outer loop
      vertex 25.9014 22.5993 0
      vertex 55.2 42.2 0
      vertex 26.0445 22.5135 0
    endloop
  endfacet
  facet normal 0 0 -1
    outer loop
      vertex 25.7506 22.6706 0
      vertex 55.2 42.2 0
      vertex 25.9014 22.5993 0
    endloop
  endfacet
  facet normal 0 0 -1
    outer loop
      vertex 25.5935 22.7268 0
      vertex 55.2 42.2 0
      vertex 25.7506 22.6706 0
    endloop
  endfacet
  facet normal 0 0 -1
    outer loop
      vertex 25.4317 22.7673 0
      vertex 55.2 42.2 0
      vertex 25.5935 22.7268 0
    endloop
  endfacet
  facet normal 0 0 -1
    outer loop
      vertex 25.2666 22.7918 0
      vertex 55.2 42.2 0
      vertex 25.4317 22.7673 0
    endloop
  endfacet
  facet normal 0 0 -1
    outer loop
      vertex 2 42.2 0
      vertex 25.2666 22.7918 0
      vertex 25.1 22.8 0
    endloop
  endfacet
  facet normal 0 0 -1
    outer loop
      vertex 2 42.2 0
      vertex 25.1 22.8 0
      vertex 24.9334 22.7918 0
    endloop
  endfacet
  facet normal 0 0 -1
    outer loop
      vertex 2 42.2 0
      vertex 24.9334 22.7918 0
      vertex 24.7683 22.7673 0
    endloop
  endfacet
  facet normal 0 0 -1
    outer loop
      vertex 2 42.2 0
      vertex 24.7683 22.7673 0
      vertex 24.6065 22.7268 0
    endloop
  endfacet
  facet normal 0 0 -1
    outer loop
      vertex 2 42.2 0
      vertex 24.6065 22.7268 0
      vertex 24.4494 22.6706 0
    endloop
  endfacet
  facet normal 0 0 -1
    outer loop
      vertex 2 42.2 0
      vertex 24.4494 22.6706 0
      vertex 24.2986 22.5993 0
    endloop
  endfacet
  facet normal 0 0 -1
    outer loop
      vertex 2 42.2 0
      vertex 24.2986 22.5993 0
      vertex 24.1555 22.5135 0
    endloop
  endfacet
  facet normal -0 0 -1
    outer loop
      vertex 23.4082 20.9334 0
      vertex 3.05176e-06 2 0
      vertex 23.4 21.1 0
    endloop
  endfacet
  facet normal 0 0 -1
    outer loop
      vertex 3.05176e-06 40.2 0
      vertex 23.4 21.1 0
      vertex 3.05176e-06 2 0
    endloop
  endfacet
  facet normal 0 0 -1
    outer loop
      vertex 23.4 21.1 0
      vertex 3.05176e-06 40.2 0
      vertex 23.4082 21.2666 0
    endloop
  endfacet
  facet normal 0 0 -1
    outer loop
      vertex 23.4082 21.2666 0
      vertex 3.05176e-06 40.2 0
      vertex 23.4327 21.4317 0
    endloop
  endfacet
  facet normal 0 0 -1
    outer loop
      vertex 23.4327 21.4317 0
      vertex 3.05176e-06 40.2 0
      vertex 23.4732 21.5935 0
    endloop
  endfacet
  facet normal 0 0 -1
    outer loop
      vertex 23.4732 21.5935 0
      vertex 3.05176e-06 40.2 0
      vertex 23.5294 21.7506 0
    endloop
  endfacet
  facet normal 0 0 -1
    outer loop
      vertex 23.5294 21.7506 0
      vertex 3.05176e-06 40.2 0
      vertex 23.6007 21.9014 0
    endloop
  endfacet
  facet normal 0 0 -1
    outer loop
      vertex 23.6007 21.9014 0
      vertex 3.05176e-06 40.2 0
      vertex 23.6865 22.0445 0
    endloop
  endfacet
  facet normal 0 0 -1
    outer loop
      vertex 25.2666 22.7918 0
      vertex 2 42.2 0
      vertex 55.2 42.2 0
    endloop
  endfacet
  facet normal 0 0 -1
    outer loop
      vertex 24.0215 22.4141 0
      vertex 2 42.2 0
      vertex 24.1555 22.5135 0
    endloop
  endfacet
  facet normal 0 0 -1
    outer loop
      vertex 23.8979 22.3021 0
      vertex 2 42.2 0
      vertex 24.0215 22.4141 0
    endloop
  endfacet
  facet normal 0 -0 -1
    outer loop
      vertex 2 42.2 0
      vertex 23.6865 22.0445 0
      vertex 3.05176e-06 40.2 0
    endloop
  endfacet
  facet normal 0 0 -1
    outer loop
      vertex 3.05176e-06 2 0
      vertex 2 0 0
      vertex 1.80397 0.0096283 0
    endloop
  endfacet
  facet normal 0 0 -1
    outer loop
      vertex 23.6865 22.0445 0
      vertex 2 42.2 0
      vertex 23.7859 22.1785 0
    endloop
  endfacet
  facet normal 0 0 -1
    outer loop
      vertex 3.05176e-06 2 0
      vertex 1.80397 0.0096283 0
      vertex 1.60982 0.0384369 0
    endloop
  endfacet
  facet normal 0 0 -1
    outer loop
      vertex 23.7859 22.1785 0
      vertex 2 42.2 0
      vertex 23.8979 22.3021 0
    endloop
  endfacet
  facet normal 0 0 -1
    outer loop
      vertex 3.05176e-06 2 0
      vertex 1.60982 0.0384369 0
      vertex 1.41944 0.0861206 0
    endloop
  endfacet
  facet normal 0 0 -1
    outer loop
      vertex 2 42.2 0
      vertex 3.05176e-06 40.2 0
      vertex 1.80397 42.1904 0
    endloop
  endfacet
  facet normal 0 0 -1
    outer loop
      vertex 3.05176e-06 2 0
      vertex 1.41944 0.0861206 0
      vertex 1.23464 0.152237 0
    endloop
  endfacet
  facet normal 0 0 -1
    outer loop
      vertex 1.80397 42.1904 0
      vertex 3.05176e-06 40.2 0
      vertex 1.60982 42.1616 0
    endloop
  endfacet
  facet normal 0 0 -1
    outer loop
      vertex 3.05176e-06 2 0
      vertex 1.23464 0.152237 0
      vertex 1.05721 0.23616 0
    endloop
  endfacet
  facet normal 0 0 -1
    outer loop
      vertex 1.60982 42.1616 0
      vertex 3.05176e-06 40.2 0
      vertex 1.41944 42.1139 0
    endloop
  endfacet
  facet normal 0 0 -1
    outer loop
      vertex 3.05176e-06 2 0
      vertex 1.05721 0.23616 0
      vertex 0.888858 0.337067 0
    endloop
  endfacet
  facet normal 0 0 -1
    outer loop
      vertex 1.41944 42.1139 0
      vertex 3.05176e-06 40.2 0
      vertex 1.23464 42.0478 0
    endloop
  endfacet
  facet normal 0 0 -1
    outer loop
      vertex 3.05176e-06 2 0
      vertex 0.888858 0.337067 0
      vertex 0.731219 0.453979 0
    endloop
  endfacet
  facet normal 0 0 -1
    outer loop
      vertex 1.23464 42.0478 0
      vertex 3.05176e-06 40.2 0
      vertex 1.05721 41.9638 0
    endloop
  endfacet
  facet normal 0 0 -1
    outer loop
      vertex 3.05176e-06 2 0
      vertex 0.731219 0.453979 0
      vertex 0.585788 0.585785 0
    endloop
  endfacet
  facet normal 0 0 -1
    outer loop
      vertex 1.05721 41.9638 0
      vertex 3.05176e-06 40.2 0
      vertex 0.888858 41.8629 0
    endloop
  endfacet
  facet normal 0 0 -1
    outer loop
      vertex 3.05176e-06 2 0
      vertex 0.585788 0.585785 0
      vertex 0.453983 0.731216 0
    endloop
  endfacet
  facet normal 0 0 -1
    outer loop
      vertex 0.888858 41.8629 0
      vertex 3.05176e-06 40.2 0
      vertex 0.731219 41.746 0
    endloop
  endfacet
  facet normal 0 0 -1
    outer loop
      vertex 3.05176e-06 2 0
      vertex 0.453983 0.731216 0
      vertex 0.33707 0.888855 0
    endloop
  endfacet
  facet normal 0 0 -1
    outer loop
      vertex 0.731219 41.746 0
      vertex 3.05176e-06 40.2 0
      vertex 0.585788 41.6142 0
    endloop
  endfacet
  facet normal 0 0 -1
    outer loop
      vertex 3.05176e-06 2 0
      vertex 0.33707 0.888855 0
      vertex 0.236163 1.05721 0
    endloop
  endfacet
  facet normal 0 0 -1
    outer loop
      vertex 0.585788 41.6142 0
      vertex 3.05176e-06 40.2 0
      vertex 0.453983 41.4688 0
    endloop
  endfacet
  facet normal 0 0 -1
    outer loop
      vertex 3.05176e-06 2 0
      vertex 0.236163 1.05721 0
      vertex 0.15224 1.23463 0
    endloop
  endfacet
  facet normal 0 0 -1
    outer loop
      vertex 0.453983 41.4688 0
      vertex 3.05176e-06 40.2 0
      vertex 0.33707 41.3111 0
    endloop
  endfacet
  facet normal 0 0 -1
    outer loop
      vertex 3.05176e-06 2 0
      vertex 0.15224 1.23463 0
      vertex 0.0861237 1.41943 0
    endloop
  endfacet
  facet normal 0 0 -1
    outer loop
      vertex 0.33707 41.3111 0
      vertex 3.05176e-06 40.2 0
      vertex 0.236163 41.1428 0
    endloop
  endfacet
  facet normal 0 0 -1
    outer loop
      vertex 3.05176e-06 2 0
      vertex 0.0861237 1.41943 0
      vertex 0.0384399 1.60982 0
    endloop
  endfacet
  facet normal 0 0 -1
    outer loop
      vertex 0.236163 41.1428 0
      vertex 3.05176e-06 40.2 0
      vertex 0.15224 40.9654 0
    endloop
  endfacet
  facet normal 0 0 -1
    outer loop
      vertex 3.05176e-06 2 0
      vertex 0.0384399 1.60982 0
      vertex 0.00963135 1.80397 0
    endloop
  endfacet
  facet normal 0 0 -1
    outer loop
      vertex 0.15224 40.9654 0
      vertex 3.05176e-06 40.2 0
      vertex 0.0861237 40.7806 0
    endloop
  endfacet
  facet normal 0 0 -1
    outer loop
      vertex 0.0861237 40.7806 0
      vertex 3.05176e-06 40.2 0
      vertex 0.0384399 40.5902 0
    endloop
  endfacet
  facet normal 0 0 -1
    outer loop
      vertex 0.0384399 40.5902 0
      vertex 3.05176e-06 40.2 0
      vertex 0.00963135 40.396 0
    endloop
  endfacet
  facet normal 0 -1 0
    outer loop
      vertex 31.4 24.7 2.4
      vertex 33 24.7 2.40001
      vertex 31.4 24.7 2.40001
    endloop
  endfacet
  facet normal 0 -1 -0
    outer loop
      vertex 33 24.7 2.40001
      vertex 31.4 24.7 2.4
      vertex 51.2 24.7 2.40001
    endloop
  endfacet
  facet normal 0 -1 0
    outer loop
      vertex 52.8 24.7 2.4
      vertex 51.2 24.7 2.40001
      vertex 31.4 24.7 2.4
    endloop
  endfacet
  facet normal 0 -1 0
    outer loop
      vertex 51.2 24.7 2.40001
      vertex 52.8 24.7 2.4
      vertex 52.8 24.7 2.40001
    endloop
  endfacet
  facet normal 0 -1 0
    outer loop
      vertex 33 24.7 2.40001
      vertex 33.7 24.7 5.20001
      vertex 33 24.7 5.20001
    endloop
  endfacet
  facet normal 0 -1 -0
    outer loop
      vertex 33.7 24.7 5.20001
      vertex 33 24.7 2.40001
      vertex 50.5 24.7 5.20001
    endloop
  endfacet
  facet normal 0 -1 0
    outer loop
      vertex 51.2 24.7 2.40001
      vertex 50.5 24.7 5.20001
      vertex 33 24.7 2.40001
    endloop
  endfacet
  facet normal 0 -1 0
    outer loop
      vertex 50.5 24.7 5.20001
      vertex 51.2 24.7 2.40001
      vertex 51.2 24.7 5.20001
    endloop
  endfacet
  facet normal 0 -1 0
    outer loop
      vertex 33.7 24.7 5.20001
      vertex 51.2 24.7 6.6
      vertex 33 24.7 6.6
    endloop
  endfacet
  facet normal 0 -1 0
    outer loop
      vertex 51.2 24.7 6.6
      vertex 33.7 24.7 5.20001
      vertex 50.5 24.7 5.20001
    endloop
  endfacet
  facet normal 0 1 0
    outer loop
      vertex 31.4 24.7 6.6
      vertex 33 24.7 6.60001
      vertex 33 24.7 6.6
    endloop
  endfacet
  facet normal 0 1 0
    outer loop
      vertex 33 24.7 6.60001
      vertex 31.4 24.7 6.6
      vertex 31.4 24.7 6.60001
    endloop
  endfacet
  facet normal 0 1 -0
    outer loop
      vertex 52.8 24.7 6.6
      vertex 51.2 24.7 6.60001
      vertex 52.8 24.7 6.60001
    endloop
  endfacet
  facet normal 0 1 0
    outer loop
      vertex 51.2 24.7 6.60001
      vertex 52.8 24.7 6.6
      vertex 51.2 24.7 6.6
    endloop
  endfacet
  facet normal 0 0 -1
    outer loop
      vertex 50.5 3.3 5.20001
      vertex 51.2 24.7 5.20001
      vertex 51.2 3.3 5.20001
    endloop
  endfacet
  facet normal -0 0 -1
    outer loop
      vertex 51.2 24.7 5.20001
      vertex 50.5 3.3 5.20001
      vertex 50.5 24.7 5.20001
    endloop
  endfacet
  facet normal -1 0 0
    outer loop
      vertex 51.2 3.3 2.40001
      vertex 51.2 24.7 5.20001
      vertex 51.2 24.7 2.40001
    endloop
  endfacet
  facet normal -1 -0 0
    outer loop
      vertex 51.2 24.7 5.20001
      vertex 51.2 3.3 2.40001
      vertex 51.2 3.3 5.20001
    endloop
  endfacet
  facet normal 0 0 -1
    outer loop
      vertex 51.2 3.3 2.40001
      vertex 52.8 24.7 2.40001
      vertex 52.8 3.3 2.40001
    endloop
  endfacet
  facet normal -0 0 -1
    outer loop
      vertex 52.8 24.7 2.40001
      vertex 51.2 3.3 2.40001
      vertex 51.2 24.7 2.40001
    endloop
  endfacet
  facet normal 1 -0 0
    outer loop
      vertex 52.8 24.7 6.6
      vertex 52.8 26.3 2.4
      vertex 52.8 26.3 6.6
    endloop
  endfacet
  facet normal 1 -0 0
    outer loop
      vertex 52.8 24.7 2.40001
      vertex 52.8 26.3 2.4
      vertex 52.8 24.7 6.6
    endloop
  endfacet
  facet normal 1 0 0
    outer loop
      vertex 52.8 26.3 2.4
      vertex 52.8 24.7 2.40001
      vertex 52.8 24.7 2.4
    endloop
  endfacet
  facet normal 1 -0 0
    outer loop
      vertex 52.8 3.3 6.60001
      vertex 52.8 24.7 6.6
      vertex 52.8 24.7 6.60001
    endloop
  endfacet
  facet normal 1 0 0
    outer loop
      vertex 52.8 24.7 6.6
      vertex 52.8 3.3 6.60001
      vertex 52.8 24.7 2.40001
    endloop
  endfacet
  facet normal 1 0 0
    outer loop
      vertex 52.8 24.7 2.40001
      vertex 52.8 3.3 6.60001
      vertex 52.8 3.3 2.40001
    endloop
  endfacet
  facet normal -0 0 1
    outer loop
      vertex 51.2 24.7 6.60001
      vertex 52.8 3.3 6.60001
      vertex 52.8 24.7 6.60001
    endloop
  endfacet
  facet normal 0 0 1
    outer loop
      vertex 52.8 3.3 6.60001
      vertex 51.2 24.7 6.60001
      vertex 51.2 3.3 6.60001
    endloop
  endfacet
  facet normal -0.894426 0 0.447216
    outer loop
      vertex 50.5 3.3 5.20001
      vertex 51.2 24.7 6.6
      vertex 50.5 24.7 5.20001
    endloop
  endfacet
  facet normal -0.894427 2.08978e-07 0.447214
    outer loop
      vertex 51.2 3.3 6.60001
      vertex 51.2 24.7 6.6
      vertex 50.5 3.3 5.20001
    endloop
  endfacet
  facet normal -1 0 0
    outer loop
      vertex 51.2 24.7 6.6
      vertex 51.2 3.3 6.60001
      vertex 51.2 24.7 6.60001
    endloop
  endfacet
  facet normal 0 0 -1
    outer loop
      vertex 33 3.3 5.20001
      vertex 33.7 24.7 5.20001
      vertex 33.7 3.3 5.20001
    endloop
  endfacet
  facet normal -0 0 -1
    outer loop
      vertex 33.7 24.7 5.20001
      vertex 33 3.3 5.20001
      vertex 33 24.7 5.20001
    endloop
  endfacet
  facet normal 1 -0 0
    outer loop
      vertex 33 3.3 5.20001
      vertex 33 24.7 2.40001
      vertex 33 24.7 5.20001
    endloop
  endfacet
  facet normal 1 0 0
    outer loop
      vertex 33 24.7 2.40001
      vertex 33 3.3 5.20001
      vertex 33 3.3 2.40001
    endloop
  endfacet
  facet normal 0 0 -1
    outer loop
      vertex 31.4 3.3 2.40001
      vertex 33 24.7 2.40001
      vertex 33 3.3 2.40001
    endloop
  endfacet
  facet normal -0 0 -1
    outer loop
      vertex 33 24.7 2.40001
      vertex 31.4 3.3 2.40001
      vertex 31.4 24.7 2.40001
    endloop
  endfacet
  facet normal -1 0 0
    outer loop
      vertex 31.4 24.7 2.40001
      vertex 31.4 26.3 2.4
      vertex 31.4 24.7 2.4
    endloop
  endfacet
  facet normal -1 0 0
    outer loop
      vertex 31.4 26.3 2.4
      vertex 31.4 24.7 2.40001
      vertex 31.4 26.3 6.6
    endloop
  endfacet
  facet normal -1 0 0
    outer loop
      vertex 31.4 24.7 2.40001
      vertex 31.4 24.7 6.6
      vertex 31.4 26.3 6.6
    endloop
  endfacet
  facet normal -1 0 0
    outer loop
      vertex 31.4 3.3 2.40001
      vertex 31.4 24.7 6.6
      vertex 31.4 24.7 2.40001
    endloop
  endfacet
  facet normal -1 0 0
    outer loop
      vertex 31.4 3.3 6.60001
      vertex 31.4 24.7 6.6
      vertex 31.4 3.3 2.40001
    endloop
  endfacet
  facet normal -1 0 0
    outer loop
      vertex 31.4 24.7 6.6
      vertex 31.4 3.3 6.60001
      vertex 31.4 24.7 6.60001
    endloop
  endfacet
  facet normal -0 0 1
    outer loop
      vertex 31.4 24.7 6.60001
      vertex 33 3.3 6.60001
      vertex 33 24.7 6.60001
    endloop
  endfacet
  facet normal 0 0 1
    outer loop
      vertex 33 3.3 6.60001
      vertex 31.4 24.7 6.60001
      vertex 31.4 3.3 6.60001
    endloop
  endfacet
  facet normal 1 -0 0
    outer loop
      vertex 33 3.3 6.60001
      vertex 33 24.7 6.6
      vertex 33 24.7 6.60001
    endloop
  endfacet
  facet normal 0.894426 2.0898e-07 0.447216
    outer loop
      vertex 33 24.7 6.6
      vertex 33 3.3 6.60001
      vertex 33.7 24.7 5.20001
    endloop
  endfacet
  facet normal 0.894427 0 0.447214
    outer loop
      vertex 33.7 24.7 5.20001
      vertex 33 3.3 6.60001
      vertex 33.7 3.3 5.20001
    endloop
  endfacet
  facet normal 0 0 1
    outer loop
      vertex 52.8 26.3 6.6
      vertex 51.2 24.7 6.6
      vertex 52.8 24.7 6.6
    endloop
  endfacet
  facet normal 0 0 1
    outer loop
      vertex 52.8 26.3 6.6
      vertex 33 24.7 6.6
      vertex 51.2 24.7 6.6
    endloop
  endfacet
  facet normal -0 0 1
    outer loop
      vertex 31.4 26.3 6.6
      vertex 33 24.7 6.6
      vertex 52.8 26.3 6.6
    endloop
  endfacet
  facet normal 0 0 1
    outer loop
      vertex 33 24.7 6.6
      vertex 31.4 26.3 6.6
      vertex 31.4 24.7 6.6
    endloop
  endfacet
  facet normal 0 1 -0
    outer loop
      vertex 52.8 26.3 2.4
      vertex 31.4 26.3 6.6
      vertex 52.8 26.3 6.6
    endloop
  endfacet
  facet normal 0 1 0
    outer loop
      vertex 31.4 26.3 6.6
      vertex 52.8 26.3 2.4
      vertex 31.4 26.3 2.4
    endloop
  endfacet
  facet normal 1 -0 0
    outer loop
      vertex 35.1 3.3 2.4
      vertex 35.1 13.3 1.4
      vertex 35.1 13.3 2.4
    endloop
  endfacet
  facet normal 1 0 0
    outer loop
      vertex 35.1 3.3 2.4
      vertex 35.1 3.3 1.4
      vertex 35.1 13.3 1.4
    endloop
  endfacet
  facet normal 0 0 0
    outer loop
      vertex 35.1 3.3 1.4
      vertex 35.1 3.3 2.4
      vertex 35.1 3.3 2.41
    endloop
  endfacet
  facet normal -0 0 1
    outer loop
      vertex 35.1 13.3 1.4
      vertex 49.1 3.3 1.4
      vertex 49.1 13.3 1.4
    endloop
  endfacet
  facet normal 0 0 1
    outer loop
      vertex 49.1 3.3 1.4
      vertex 35.1 13.3 1.4
      vertex 35.1 3.3 1.4
    endloop
  endfacet
  facet normal -1 0 0
    outer loop
      vertex 49.1 13.3 1.4
      vertex 49.1 3.3 2.4
      vertex 49.1 13.3 2.4
    endloop
  endfacet
  facet normal -1 0 0
    outer loop
      vertex 49.1 3.3 1.4
      vertex 49.1 3.3 2.4
      vertex 49.1 13.3 1.4
    endloop
  endfacet
  facet normal 0 0 0
    outer loop
      vertex 49.1 3.3 2.41
      vertex 49.1 3.3 2.4
      vertex 49.1 3.3 1.4
    endloop
  endfacet
  facet normal 0 -1 0
    outer loop
      vertex 35.1 13.3 1.4
      vertex 49.1 13.3 2.4
      vertex 35.1 13.3 2.4
    endloop
  endfacet
  facet normal 0 -1 -0
    outer loop
      vertex 49.1 13.3 2.4
      vertex 35.1 13.3 1.4
      vertex 49.1 13.3 1.4
    endloop
  endfacet
  facet normal 0 1 -0
    outer loop
      vertex 49.1 3.3 1.4
      vertex 35.1 3.3 2.41
      vertex 49.1 3.3 2.41
    endloop
  endfacet
  facet normal 0 1 0
    outer loop
      vertex 35.1 3.3 2.41
      vertex 49.1 3.3 1.4
      vertex 35.1 3.3 1.4
    endloop
  endfacet
  facet normal 1 -0 0
    outer loop
      vertex 37.3 2.05 7.9
      vertex 37.3 3.3 7.29
      vertex 37.3 3.3 7.9
    endloop
  endfacet
  facet normal 1 -0 0
    outer loop
      vertex 37.3 2.05 7.3
      vertex 37.3 3.3 7.29
      vertex 37.3 2.05 7.9
    endloop
  endfacet
  facet normal 1 0 0
    outer loop
      vertex 37.3 3.3 7.29
      vertex 37.3 2.05 7.3
      vertex 37.3 3.3 4.9
    endloop
  endfacet
  facet normal 1 0 0
    outer loop
      vertex 37.3 1.7 4.9
      vertex 37.3 2.05 7.3
      vertex 37.3 1.7 7.3
    endloop
  endfacet
  facet normal 1 0 0
    outer loop
      vertex 37.3 2.05 7.3
      vertex 37.3 1.7 4.9
      vertex 37.3 3.3 4.9
    endloop
  endfacet
  facet normal -0 0 1
    outer loop
      vertex 37.3 3.3 4.9
      vertex 46.9 1.7 4.9
      vertex 46.9 3.3 4.9
    endloop
  endfacet
  facet normal 0 0 1
    outer loop
      vertex 46.9 1.7 4.9
      vertex 37.3 3.3 4.9
      vertex 37.3 1.7 4.9
    endloop
  endfacet
  facet normal -1 0 0
    outer loop
      vertex 46.9 3.3 4.9
      vertex 46.9 2.05 7.3
      vertex 46.9 3.3 7.29
    endloop
  endfacet
  facet normal -1 0 0
    outer loop
      vertex 46.9 1.7 4.9
      vertex 46.9 2.05 7.3
      vertex 46.9 3.3 4.9
    endloop
  endfacet
  facet normal -1 -0 0
    outer loop
      vertex 46.9 2.05 7.3
      vertex 46.9 1.7 4.9
      vertex 46.9 1.7 7.3
    endloop
  endfacet
  facet normal -1 0 0
    outer loop
      vertex 46.9 2.05 7.3
      vertex 46.9 3.3 7.9
      vertex 46.9 3.3 7.29
    endloop
  endfacet
  facet normal -1 -0 0
    outer loop
      vertex 46.9 3.3 7.9
      vertex 46.9 2.05 7.3
      vertex 46.9 2.05 7.9
    endloop
  endfacet
  facet normal -0.242818 -0.970072 0
    outer loop
      vertex 25.4317 22.7673 0
      vertex 25.5935 22.7268 2.4
      vertex 25.4317 22.7673 2.4
    endloop
  endfacet
  facet normal -0.242818 -0.970072 -0
    outer loop
      vertex 25.5935 22.7268 2.4
      vertex 25.4317 22.7673 0
      vertex 25.5935 22.7268 0
    endloop
  endfacet
  facet normal 0.33683 -0.941566 0
    outer loop
      vertex 24.4494 22.6706 0
      vertex 24.6065 22.7268 2.4
      vertex 24.4494 22.6706 2.4
    endloop
  endfacet
  facet normal 0.33683 -0.941566 0
    outer loop
      vertex 24.6065 22.7268 2.4
      vertex 24.4494 22.6706 0
      vertex 24.6065 22.7268 0
    endloop
  endfacet
  facet normal 0.595772 -0.803154 0
    outer loop
      vertex 24.0215 22.4141 0
      vertex 24.1555 22.5135 2.4
      vertex 24.0215 22.4141 2.4
    endloop
  endfacet
  facet normal 0.595772 -0.803154 0
    outer loop
      vertex 24.1555 22.5135 2.4
      vertex 24.0215 22.4141 0
      vertex 24.1555 22.5135 0
    endloop
  endfacet
  facet normal -0.803154 0.595772 0
    outer loop
      vertex 26.4141 20.0215 0
      vertex 26.5135 20.1555 2.4
      vertex 26.5135 20.1555 0
    endloop
  endfacet
  facet normal -0.803154 0.595772 0
    outer loop
      vertex 26.5135 20.1555 2.4
      vertex 26.4141 20.0215 0
      vertex 26.4141 20.0215 2.4
    endloop
  endfacet
  facet normal -0.242818 0.970072 0
    outer loop
      vertex 25.5935 19.4732 0
      vertex 25.4317 19.4327 2.4
      vertex 25.5935 19.4732 2.4
    endloop
  endfacet
  facet normal -0.242818 0.970072 0
    outer loop
      vertex 25.4317 19.4327 2.4
      vertex 25.5935 19.4732 0
      vertex 25.4317 19.4327 0
    endloop
  endfacet
  facet normal -0.741024 0.671478 0
    outer loop
      vertex 26.3021 19.8979 0
      vertex 26.4141 20.0215 2.4
      vertex 26.4141 20.0215 0
    endloop
  endfacet
  facet normal -0.741024 0.671478 0
    outer loop
      vertex 26.4141 20.0215 2.4
      vertex 26.3021 19.8979 0
      vertex 26.3021 19.8979 2.4
    endloop
  endfacet
  facet normal -0.0491602 -0.998791 0
    outer loop
      vertex 25.1 22.8 0
      vertex 25.2666 22.7918 2.4
      vertex 25.1 22.8 2.4
    endloop
  endfacet
  facet normal -0.0491602 -0.998791 -0
    outer loop
      vertex 25.2666 22.7918 2.4
      vertex 25.1 22.8 0
      vertex 25.2666 22.7918 0
    endloop
  endfacet
  facet normal 0.904043 -0.427442 0
    outer loop
      vertex 23.5294 21.7506 2.4
      vertex 23.6007 21.9014 0
      vertex 23.6007 21.9014 2.4
    endloop
  endfacet
  facet normal 0.904043 -0.427442 0
    outer loop
      vertex 23.6007 21.9014 0
      vertex 23.5294 21.7506 2.4
      vertex 23.5294 21.7506 0
    endloop
  endfacet
  facet normal -0.427442 0.904043 0
    outer loop
      vertex 25.9014 19.6007 0
      vertex 25.7506 19.5294 2.4
      vertex 25.9014 19.6007 2.4
    endloop
  endfacet
  facet normal -0.427442 0.904043 0
    outer loop
      vertex 25.7506 19.5294 2.4
      vertex 25.9014 19.6007 0
      vertex 25.7506 19.5294 0
    endloop
  endfacet
  facet normal -0.146788 -0.989168 0
    outer loop
      vertex 25.2666 22.7918 0
      vertex 25.4317 22.7673 2.4
      vertex 25.2666 22.7918 2.4
    endloop
  endfacet
  facet normal -0.146788 -0.989168 -0
    outer loop
      vertex 25.4317 22.7673 2.4
      vertex 25.2666 22.7918 0
      vertex 25.4317 22.7673 0
    endloop
  endfacet
  facet normal 0.0491602 0.998791 -0
    outer loop
      vertex 25.1 19.4 0
      vertex 24.9334 19.4082 2.4
      vertex 25.1 19.4 2.4
    endloop
  endfacet
  facet normal 0.0491602 0.998791 0
    outer loop
      vertex 24.9334 19.4082 2.4
      vertex 25.1 19.4 0
      vertex 24.9334 19.4082 0
    endloop
  endfacet
  facet normal -0.970072 0.242818 0
    outer loop
      vertex 26.7268 20.6065 0
      vertex 26.7673 20.7683 2.4
      vertex 26.7673 20.7683 0
    endloop
  endfacet
  facet normal -0.970072 0.242818 0
    outer loop
      vertex 26.7673 20.7683 2.4
      vertex 26.7268 20.6065 0
      vertex 26.7268 20.6065 2.4
    endloop
  endfacet
  facet normal -0.970072 -0.242818 0
    outer loop
      vertex 26.7673 21.4317 0
      vertex 26.7268 21.5935 2.4
      vertex 26.7268 21.5935 0
    endloop
  endfacet
  facet normal -0.970072 -0.242818 0
    outer loop
      vertex 26.7268 21.5935 2.4
      vertex 26.7673 21.4317 0
      vertex 26.7673 21.4317 2.4
    endloop
  endfacet
  facet normal 0.595772 0.803154 -0
    outer loop
      vertex 24.1555 19.6865 0
      vertex 24.0215 19.7859 2.4
      vertex 24.1555 19.6865 2.4
    endloop
  endfacet
  facet normal 0.595772 0.803154 0
    outer loop
      vertex 24.0215 19.7859 2.4
      vertex 24.1555 19.6865 0
      vertex 24.0215 19.7859 0
    endloop
  endfacet
  facet normal -0.998791 -0.0491602 0
    outer loop
      vertex 26.8 21.1 0
      vertex 26.7918 21.2666 2.4
      vertex 26.7918 21.2666 0
    endloop
  endfacet
  facet normal -0.998791 -0.0491602 0
    outer loop
      vertex 26.7918 21.2666 2.4
      vertex 26.8 21.1 0
      vertex 26.8 21.1 2.4
    endloop
  endfacet
  facet normal 0.741024 0.671478 0
    outer loop
      vertex 23.8979 19.8979 2.4
      vertex 23.7859 20.0215 0
      vertex 23.7859 20.0215 2.4
    endloop
  endfacet
  facet normal 0.741024 0.671478 0
    outer loop
      vertex 23.7859 20.0215 0
      vertex 23.8979 19.8979 2.4
      vertex 23.8979 19.8979 0
    endloop
  endfacet
  facet normal -0.146788 0.989168 0
    outer loop
      vertex 25.4317 19.4327 0
      vertex 25.2666 19.4082 2.4
      vertex 25.4317 19.4327 2.4
    endloop
  endfacet
  facet normal -0.146788 0.989168 0
    outer loop
      vertex 25.2666 19.4082 2.4
      vertex 25.4317 19.4327 0
      vertex 25.2666 19.4082 0
    endloop
  endfacet
  facet normal 0.857652 0.514231 0
    outer loop
      vertex 23.6865 20.1555 2.4
      vertex 23.6007 20.2986 0
      vertex 23.6007 20.2986 2.4
    endloop
  endfacet
  facet normal 0.857652 0.514231 0
    outer loop
      vertex 23.6007 20.2986 0
      vertex 23.6865 20.1555 2.4
      vertex 23.6865 20.1555 0
    endloop
  endfacet
  facet normal 0.989168 -0.146788 0
    outer loop
      vertex 23.4082 21.2666 2.4
      vertex 23.4327 21.4317 0
      vertex 23.4327 21.4317 2.4
    endloop
  endfacet
  facet normal 0.989168 -0.146788 0
    outer loop
      vertex 23.4327 21.4317 0
      vertex 23.4082 21.2666 2.4
      vertex 23.4082 21.2666 0
    endloop
  endfacet
  facet normal 0.242818 -0.970072 0
    outer loop
      vertex 24.6065 22.7268 0
      vertex 24.7683 22.7673 2.4
      vertex 24.6065 22.7268 2.4
    endloop
  endfacet
  facet normal 0.242818 -0.970072 0
    outer loop
      vertex 24.7683 22.7673 2.4
      vertex 24.6065 22.7268 0
      vertex 24.7683 22.7673 0
    endloop
  endfacet
  facet normal -0.671478 -0.741024 0
    outer loop
      vertex 26.1785 22.4141 0
      vertex 26.3021 22.3021 2.4
      vertex 26.1785 22.4141 2.4
    endloop
  endfacet
  facet normal -0.671478 -0.741024 -0
    outer loop
      vertex 26.3021 22.3021 2.4
      vertex 26.1785 22.4141 0
      vertex 26.3021 22.3021 0
    endloop
  endfacet
  facet normal 0.514231 0.857652 -0
    outer loop
      vertex 24.2986 19.6007 0
      vertex 24.1555 19.6865 2.4
      vertex 24.2986 19.6007 2.4
    endloop
  endfacet
  facet normal 0.514231 0.857652 0
    outer loop
      vertex 24.1555 19.6865 2.4
      vertex 24.2986 19.6007 0
      vertex 24.1555 19.6865 0
    endloop
  endfacet
  facet normal -0.33683 0.941566 0
    outer loop
      vertex 25.7506 19.5294 0
      vertex 25.5935 19.4732 2.4
      vertex 25.7506 19.5294 2.4
    endloop
  endfacet
  facet normal -0.33683 0.941566 0
    outer loop
      vertex 25.5935 19.4732 2.4
      vertex 25.7506 19.5294 0
      vertex 25.5935 19.4732 0
    endloop
  endfacet
  facet normal -0.427442 -0.904043 0
    outer loop
      vertex 25.7506 22.6706 0
      vertex 25.9014 22.5993 2.4
      vertex 25.7506 22.6706 2.4
    endloop
  endfacet
  facet normal -0.427442 -0.904043 -0
    outer loop
      vertex 25.9014 22.5993 2.4
      vertex 25.7506 22.6706 0
      vertex 25.9014 22.5993 0
    endloop
  endfacet
  facet normal -0.904043 0.427442 0
    outer loop
      vertex 26.5993 20.2986 0
      vertex 26.6706 20.4494 2.4
      vertex 26.6706 20.4494 0
    endloop
  endfacet
  facet normal -0.904043 0.427442 0
    outer loop
      vertex 26.6706 20.4494 2.4
      vertex 26.5993 20.2986 0
      vertex 26.5993 20.2986 2.4
    endloop
  endfacet
  facet normal 0.970072 0.242818 0
    outer loop
      vertex 23.4732 20.6065 2.4
      vertex 23.4327 20.7683 0
      vertex 23.4327 20.7683 2.4
    endloop
  endfacet
  facet normal 0.970072 0.242818 0
    outer loop
      vertex 23.4327 20.7683 0
      vertex 23.4732 20.6065 2.4
      vertex 23.4732 20.6065 0
    endloop
  endfacet
  facet normal 0.671478 -0.741024 0
    outer loop
      vertex 23.8979 22.3021 0
      vertex 24.0215 22.4141 2.4
      vertex 23.8979 22.3021 2.4
    endloop
  endfacet
  facet normal 0.671478 -0.741024 0
    outer loop
      vertex 24.0215 22.4141 2.4
      vertex 23.8979 22.3021 0
      vertex 24.0215 22.4141 0
    endloop
  endfacet
  facet normal 0.803154 0.595772 0
    outer loop
      vertex 23.7859 20.0215 2.4
      vertex 23.6865 20.1555 0
      vertex 23.6865 20.1555 2.4
    endloop
  endfacet
  facet normal 0.803154 0.595772 0
    outer loop
      vertex 23.6865 20.1555 0
      vertex 23.7859 20.0215 2.4
      vertex 23.7859 20.0215 0
    endloop
  endfacet
  facet normal -0.514231 -0.857652 0
    outer loop
      vertex 25.9014 22.5993 0
      vertex 26.0445 22.5135 2.4
      vertex 25.9014 22.5993 2.4
    endloop
  endfacet
  facet normal -0.514231 -0.857652 -0
    outer loop
      vertex 26.0445 22.5135 2.4
      vertex 25.9014 22.5993 0
      vertex 26.0445 22.5135 0
    endloop
  endfacet
  facet normal 0.0491602 -0.998791 0
    outer loop
      vertex 24.9334 22.7918 0
      vertex 25.1 22.8 2.4
      vertex 24.9334 22.7918 2.4
    endloop
  endfacet
  facet normal 0.0491602 -0.998791 0
    outer loop
      vertex 25.1 22.8 2.4
      vertex 24.9334 22.7918 0
      vertex 25.1 22.8 0
    endloop
  endfacet
  facet normal -0.941566 0.33683 0
    outer loop
      vertex 26.6706 20.4494 0
      vertex 26.7268 20.6065 2.4
      vertex 26.7268 20.6065 0
    endloop
  endfacet
  facet normal -0.941566 0.33683 0
    outer loop
      vertex 26.7268 20.6065 2.4
      vertex 26.6706 20.4494 0
      vertex 26.6706 20.4494 2.4
    endloop
  endfacet
  facet normal 0.998791 0.0491602 0
    outer loop
      vertex 23.4082 20.9334 2.4
      vertex 23.4 21.1 0
      vertex 23.4 21.1 2.4
    endloop
  endfacet
  facet normal 0.998791 0.0491602 0
    outer loop
      vertex 23.4 21.1 0
      vertex 23.4082 20.9334 2.4
      vertex 23.4082 20.9334 0
    endloop
  endfacet
  facet normal 0.970072 -0.242818 0
    outer loop
      vertex 23.4327 21.4317 2.4
      vertex 23.4732 21.5935 0
      vertex 23.4732 21.5935 2.4
    endloop
  endfacet
  facet normal 0.970072 -0.242818 0
    outer loop
      vertex 23.4732 21.5935 0
      vertex 23.4327 21.4317 2.4
      vertex 23.4327 21.4317 0
    endloop
  endfacet
  facet normal 0.941566 -0.33683 0
    outer loop
      vertex 23.4732 21.5935 2.4
      vertex 23.5294 21.7506 0
      vertex 23.5294 21.7506 2.4
    endloop
  endfacet
  facet normal 0.941566 -0.33683 0
    outer loop
      vertex 23.5294 21.7506 0
      vertex 23.4732 21.5935 2.4
      vertex 23.4732 21.5935 0
    endloop
  endfacet
  facet normal 0.741024 -0.671478 0
    outer loop
      vertex 23.7859 22.1785 2.4
      vertex 23.8979 22.3021 0
      vertex 23.8979 22.3021 2.4
    endloop
  endfacet
  facet normal 0.741024 -0.671478 0
    outer loop
      vertex 23.8979 22.3021 0
      vertex 23.7859 22.1785 2.4
      vertex 23.7859 22.1785 0
    endloop
  endfacet
  facet normal -0.741024 -0.671478 0
    outer loop
      vertex 26.4141 22.1785 0
      vertex 26.3021 22.3021 2.4
      vertex 26.3021 22.3021 0
    endloop
  endfacet
  facet normal -0.741024 -0.671478 0
    outer loop
      vertex 26.3021 22.3021 2.4
      vertex 26.4141 22.1785 0
      vertex 26.4141 22.1785 2.4
    endloop
  endfacet
  facet normal 0.242818 0.970072 -0
    outer loop
      vertex 24.7683 19.4327 0
      vertex 24.6065 19.4732 2.4
      vertex 24.7683 19.4327 2.4
    endloop
  endfacet
  facet normal 0.242818 0.970072 0
    outer loop
      vertex 24.6065 19.4732 2.4
      vertex 24.7683 19.4327 0
      vertex 24.6065 19.4732 0
    endloop
  endfacet
  facet normal 0.998791 -0.0491602 0
    outer loop
      vertex 23.4 21.1 2.4
      vertex 23.4082 21.2666 0
      vertex 23.4082 21.2666 2.4
    endloop
  endfacet
  facet normal 0.998791 -0.0491602 0
    outer loop
      vertex 23.4082 21.2666 0
      vertex 23.4 21.1 2.4
      vertex 23.4 21.1 0
    endloop
  endfacet
  facet normal 0.857652 -0.514231 0
    outer loop
      vertex 23.6007 21.9014 2.4
      vertex 23.6865 22.0445 0
      vertex 23.6865 22.0445 2.4
    endloop
  endfacet
  facet normal 0.857652 -0.514231 0
    outer loop
      vertex 23.6865 22.0445 0
      vertex 23.6007 21.9014 2.4
      vertex 23.6007 21.9014 0
    endloop
  endfacet
  facet normal 0.146788 0.989168 -0
    outer loop
      vertex 24.9334 19.4082 0
      vertex 24.7683 19.4327 2.4
      vertex 24.9334 19.4082 2.4
    endloop
  endfacet
  facet normal 0.146788 0.989168 0
    outer loop
      vertex 24.7683 19.4327 2.4
      vertex 24.9334 19.4082 0
      vertex 24.7683 19.4327 0
    endloop
  endfacet
  facet normal 0.989168 0.146788 0
    outer loop
      vertex 23.4327 20.7683 2.4
      vertex 23.4082 20.9334 0
      vertex 23.4082 20.9334 2.4
    endloop
  endfacet
  facet normal 0.989168 0.146788 0
    outer loop
      vertex 23.4082 20.9334 0
      vertex 23.4327 20.7683 2.4
      vertex 23.4327 20.7683 0
    endloop
  endfacet
  facet normal -0.989168 -0.146788 0
    outer loop
      vertex 26.7918 21.2666 0
      vertex 26.7673 21.4317 2.4
      vertex 26.7673 21.4317 0
    endloop
  endfacet
  facet normal -0.989168 -0.146788 0
    outer loop
      vertex 26.7673 21.4317 2.4
      vertex 26.7918 21.2666 0
      vertex 26.7918 21.2666 2.4
    endloop
  endfacet
  facet normal -0.998791 0.0491602 0
    outer loop
      vertex 26.7918 20.9334 0
      vertex 26.8 21.1 2.4
      vertex 26.8 21.1 0
    endloop
  endfacet
  facet normal -0.998791 0.0491602 0
    outer loop
      vertex 26.8 21.1 2.4
      vertex 26.7918 20.9334 0
      vertex 26.7918 20.9334 2.4
    endloop
  endfacet
  facet normal -0.803154 -0.595772 0
    outer loop
      vertex 26.5135 22.0445 0
      vertex 26.4141 22.1785 2.4
      vertex 26.4141 22.1785 0
    endloop
  endfacet
  facet normal -0.803154 -0.595772 0
    outer loop
      vertex 26.4141 22.1785 2.4
      vertex 26.5135 22.0445 0
      vertex 26.5135 22.0445 2.4
    endloop
  endfacet
  facet normal 0.941566 0.33683 0
    outer loop
      vertex 23.5294 20.4494 2.4
      vertex 23.4732 20.6065 0
      vertex 23.4732 20.6065 2.4
    endloop
  endfacet
  facet normal 0.941566 0.33683 0
    outer loop
      vertex 23.4732 20.6065 0
      vertex 23.5294 20.4494 2.4
      vertex 23.5294 20.4494 0
    endloop
  endfacet
  facet normal 0.904043 0.427442 0
    outer loop
      vertex 23.6007 20.2986 2.4
      vertex 23.5294 20.4494 0
      vertex 23.5294 20.4494 2.4
    endloop
  endfacet
  facet normal 0.904043 0.427442 0
    outer loop
      vertex 23.5294 20.4494 0
      vertex 23.6007 20.2986 2.4
      vertex 23.6007 20.2986 0
    endloop
  endfacet
  facet normal 0.803154 -0.595772 0
    outer loop
      vertex 23.6865 22.0445 2.4
      vertex 23.7859 22.1785 0
      vertex 23.7859 22.1785 2.4
    endloop
  endfacet
  facet normal 0.803154 -0.595772 0
    outer loop
      vertex 23.7859 22.1785 0
      vertex 23.6865 22.0445 2.4
      vertex 23.6865 22.0445 0
    endloop
  endfacet
  facet normal 0.427442 -0.904043 0
    outer loop
      vertex 24.2986 22.5993 0
      vertex 24.4494 22.6706 2.4
      vertex 24.2986 22.5993 2.4
    endloop
  endfacet
  facet normal 0.427442 -0.904043 0
    outer loop
      vertex 24.4494 22.6706 2.4
      vertex 24.2986 22.5993 0
      vertex 24.4494 22.6706 0
    endloop
  endfacet
  facet normal 0.146788 -0.989168 0
    outer loop
      vertex 24.7683 22.7673 0
      vertex 24.9334 22.7918 2.4
      vertex 24.7683 22.7673 2.4
    endloop
  endfacet
  facet normal 0.146788 -0.989168 0
    outer loop
      vertex 24.9334 22.7918 2.4
      vertex 24.7683 22.7673 0
      vertex 24.9334 22.7918 0
    endloop
  endfacet
  facet normal -0.595772 -0.803154 0
    outer loop
      vertex 26.0445 22.5135 0
      vertex 26.1785 22.4141 2.4
      vertex 26.0445 22.5135 2.4
    endloop
  endfacet
  facet normal -0.595772 -0.803154 -0
    outer loop
      vertex 26.1785 22.4141 2.4
      vertex 26.0445 22.5135 0
      vertex 26.1785 22.4141 0
    endloop
  endfacet
  facet normal 0.514231 -0.857652 0
    outer loop
      vertex 24.1555 22.5135 0
      vertex 24.2986 22.5993 2.4
      vertex 24.1555 22.5135 2.4
    endloop
  endfacet
  facet normal 0.514231 -0.857652 0
    outer loop
      vertex 24.2986 22.5993 2.4
      vertex 24.1555 22.5135 0
      vertex 24.2986 22.5993 0
    endloop
  endfacet
  facet normal -0.857652 0.514231 0
    outer loop
      vertex 26.5135 20.1555 0
      vertex 26.5993 20.2986 2.4
      vertex 26.5993 20.2986 0
    endloop
  endfacet
  facet normal -0.857652 0.514231 0
    outer loop
      vertex 26.5993 20.2986 2.4
      vertex 26.5135 20.1555 0
      vertex 26.5135 20.1555 2.4
    endloop
  endfacet
  facet normal -0.941566 -0.33683 0
    outer loop
      vertex 26.7268 21.5935 0
      vertex 26.6706 21.7506 2.4
      vertex 26.6706 21.7506 0
    endloop
  endfacet
  facet normal -0.941566 -0.33683 0
    outer loop
      vertex 26.6706 21.7506 2.4
      vertex 26.7268 21.5935 0
      vertex 26.7268 21.5935 2.4
    endloop
  endfacet
  facet normal -0.33683 -0.941566 0
    outer loop
      vertex 25.5935 22.7268 0
      vertex 25.7506 22.6706 2.4
      vertex 25.5935 22.7268 2.4
    endloop
  endfacet
  facet normal -0.33683 -0.941566 -0
    outer loop
      vertex 25.7506 22.6706 2.4
      vertex 25.5935 22.7268 0
      vertex 25.7506 22.6706 0
    endloop
  endfacet
  facet normal 0.671478 0.741024 -0
    outer loop
      vertex 24.0215 19.7859 0
      vertex 23.8979 19.8979 2.4
      vertex 24.0215 19.7859 2.4
    endloop
  endfacet
  facet normal 0.671478 0.741024 0
    outer loop
      vertex 23.8979 19.8979 2.4
      vertex 24.0215 19.7859 0
      vertex 23.8979 19.8979 0
    endloop
  endfacet
  facet normal -0.904043 -0.427442 0
    outer loop
      vertex 26.6706 21.7506 0
      vertex 26.5993 21.9014 2.4
      vertex 26.5993 21.9014 0
    endloop
  endfacet
  facet normal -0.904043 -0.427442 0
    outer loop
      vertex 26.5993 21.9014 2.4
      vertex 26.6706 21.7506 0
      vertex 26.6706 21.7506 2.4
    endloop
  endfacet
  facet normal -0.514231 0.857652 0
    outer loop
      vertex 26.0445 19.6865 0
      vertex 25.9014 19.6007 2.4
      vertex 26.0445 19.6865 2.4
    endloop
  endfacet
  facet normal -0.514231 0.857652 0
    outer loop
      vertex 25.9014 19.6007 2.4
      vertex 26.0445 19.6865 0
      vertex 25.9014 19.6007 0
    endloop
  endfacet
  facet normal -0.989168 0.146788 0
    outer loop
      vertex 26.7673 20.7683 0
      vertex 26.7918 20.9334 2.4
      vertex 26.7918 20.9334 0
    endloop
  endfacet
  facet normal -0.989168 0.146788 0
    outer loop
      vertex 26.7918 20.9334 2.4
      vertex 26.7673 20.7683 0
      vertex 26.7673 20.7683 2.4
    endloop
  endfacet
  facet normal 0.33683 0.941566 -0
    outer loop
      vertex 24.6065 19.4732 0
      vertex 24.4494 19.5294 2.4
      vertex 24.6065 19.4732 2.4
    endloop
  endfacet
  facet normal 0.33683 0.941566 0
    outer loop
      vertex 24.4494 19.5294 2.4
      vertex 24.6065 19.4732 0
      vertex 24.4494 19.5294 0
    endloop
  endfacet
  facet normal 0.427442 0.904043 -0
    outer loop
      vertex 24.4494 19.5294 0
      vertex 24.2986 19.6007 2.4
      vertex 24.4494 19.5294 2.4
    endloop
  endfacet
  facet normal 0.427442 0.904043 0
    outer loop
      vertex 24.2986 19.6007 2.4
      vertex 24.4494 19.5294 0
      vertex 24.2986 19.6007 0
    endloop
  endfacet
  facet normal -0.671478 0.741024 0
    outer loop
      vertex 26.3021 19.8979 0
      vertex 26.1785 19.7859 2.4
      vertex 26.3021 19.8979 2.4
    endloop
  endfacet
  facet normal -0.671478 0.741024 0
    outer loop
      vertex 26.1785 19.7859 2.4
      vertex 26.3021 19.8979 0
      vertex 26.1785 19.7859 0
    endloop
  endfacet
  facet normal -0.0491602 0.998791 0
    outer loop
      vertex 25.2666 19.4082 0
      vertex 25.1 19.4 2.4
      vertex 25.2666 19.4082 2.4
    endloop
  endfacet
  facet normal -0.0491602 0.998791 0
    outer loop
      vertex 25.1 19.4 2.4
      vertex 25.2666 19.4082 0
      vertex 25.1 19.4 0
    endloop
  endfacet
  facet normal -0.857652 -0.514231 0
    outer loop
      vertex 26.5993 21.9014 0
      vertex 26.5135 22.0445 2.4
      vertex 26.5135 22.0445 0
    endloop
  endfacet
  facet normal -0.857652 -0.514231 0
    outer loop
      vertex 26.5135 22.0445 2.4
      vertex 26.5993 21.9014 0
      vertex 26.5993 21.9014 2.4
    endloop
  endfacet
  facet normal -0.595772 0.803154 0
    outer loop
      vertex 26.1785 19.7859 0
      vertex 26.0445 19.6865 2.4
      vertex 26.1785 19.7859 2.4
    endloop
  endfacet
  facet normal -0.595772 0.803154 0
    outer loop
      vertex 26.0445 19.6865 2.4
      vertex 26.1785 19.7859 0
      vertex 26.0445 19.6865 0
    endloop
  endfacet
endsolid OpenSCAD_Model
